description,stock_code,units_sold,units_cancelled,cancellation_rate_pct
WORLD WAR 2 GLIDERS ASSTD DESIGNS,84077,105185,1680,1.57
JUMBO BAG RED RETROSPOT,85099B,93436,1213,1.28
WHITE HANGING HEART T-LIGHT HOLDER,85123A,91814,3631,3.80
PACK OF 72 RETROSPOT CAKE CASES,21212,89850,1014,1.12
ASSORTED COLOUR BIRD ORNAMENT,84879,78234,479,0.61
MEDIUM CERAMIC TOP STORAGE JAR,23166,77916,74494,48.88
SMALL POPCORN HOLDER,22197,76944,804,1.03
BROCADE RING PURSE,17003,70082,739,1.04
PACK OF 60 PINK PAISLEY CAKE CASES,21977,54592,219,0.40
60 TEATIME FAIRY CAKE CASES,84991,52828,326,0.61
MINI PAINT SET VINTAGE,22492,42695,281,0.65
ASSORTED COLOURS SILK FAN,15036,40994,917,2.19
COLOUR GLASS T-LIGHT HOLDER HANGING,84755,39259,722,1.81
PACK OF 72 SKULL CAKE CASES,21213,38530,89,0.23
LUNCH BAG RED RETROSPOT,20725,37750,908,2.35
JUMBO BAG PINK POLKADOT,22386,37338,481,1.27
VICTORIAN GLASS HANGING T-LIGHT,22178,37285,1007,2.63
PACK OF 12 LONDON TISSUES,22616,37084,72,0.19
JUMBO BAG STRAWBERRY,85099F,35842,283,0.78
RED  HARMONICA IN BOX,21915,35229,880,2.44
STRAWBERRY CERAMIC TRINKET BOX,21232,34935,804,2.25
72 SWEETHEART FAIRY CAKE CASES,84992,33936,410,1.19
GIRLS ALPHABET IRON ON PATCHES,84568,33217,865,2.54
HANGING JAM JAR T-LIGHT HOLDER,71459,31668,327,1.02
ANTIQUE SILVER TEA GLASS ETCHED,84946,31553,450,1.41
PACK OF 12 SUKI TISSUES,21982,31340,37,0.12
PACK OF 12 RED RETROSPOT TISSUES,21980,31066,156,0.50
PACK OF 60 DINOSAUR CAKE CASES,21975,30881,95,0.31
60 CAKE CASES VINTAGE CHRISTMAS,22952,30144,552,1.80
SET/20 RED RETROSPOT PAPER NAPKINS,21080,29494,653,2.17
SMALL CHINESE STYLE SCISSOR,16014,29354,0,0.00
JUMBO  BAG BAROQUE BLACK WHITE,85099C,28899,313,1.07
ROTATING SILVER ANGELS T-LIGHT HLDR,84347,28606,9370,24.67
PAPER CHAIN KIT 50'S CHRISTMAS,22086,28380,470,1.63
RABBIT NIGHT LIGHT,23084,27153,108,0.40
RED TOADSTOOL LED NIGHT LIGHT,21731,27102,978,3.48
PLACE SETTING WHITE HEART,22151,27085,915,3.27
RED RETROSPOT WRAP,21498,26672,100,0.37
HEART OF WICKER SMALL,22469,26193,281,1.06
JUMBO STORAGE BAG SUKI,21931,25970,390,1.48
PACK OF 12 WOODLAND TISSUES,21981,25859,31,0.12
RED RETROSPOT CHARLOTTE BAG,20724,25816,321,1.23
BLACK AND WHITE PAISLEY FLOWER MUG,37410,25685,6,0.02
LUNCH BAG  BLACK SKULL.,20727,25392,1201,4.52
HANGING HEART ZINC T-LIGHT HOLDER,84970S,25389,125,0.49
PACK OF 12 PINK PAISLEY TISSUES,21984,25150,108,0.43
VINTAGE SNAP CARDS,21790,25120,203,0.80
PACK OF 12 HEARTS DESIGN TISSUES,21985,24766,60,0.24
"ASSORTED FLOWER COLOUR ""LEIS""",84212,24665,72,0.29
JUMBO SHOPPER VINTAGE RED PAISLEY,22411,24295,429,1.74
PLEASE ONE PERSON METAL SIGN,21181,24166,114,0.47
REGENCY CAKESTAND 3 TIER,22423,24124,1450,5.67
JUMBO BAG PINK VINTAGE PAISLEY,21929,24108,272,1.12
LUNCH BAG SUKI  DESIGN,22383,23871,178,0.74
PARTY BUNTING,47566,23460,276,1.16
LUNCH BAG CARS BLUE,20728,23304,1139,4.66
JUMBO BAG SCANDINAVIAN PAISLEY,21928,23112,295,1.26
ASSTD DESIGN BUBBLE GUM RING,84270,22410,1740,7.20
MULTI COLOUR SILVER T-LIGHT HOLDER,84945,21125,155,0.73
LUNCH BAG WOODLAND,20726,20916,1015,4.63
PACK OF 60 SPACEBOY CAKE CASES,22417,20867,114,0.54
DISCO BALL CHRISTMAS DECORATION,20668,20550,3,0.01
PINK BLUE FELT CRAFT TRINKET BOX,20971,20500,2571,11.14
SPACEBOY LUNCH BOX,22629,20271,71,0.35
LUNCH BAG PINK POLKADOT,22384,20247,284,1.38
GIN + TONIC DIET METAL SIGN,21175,20229,2035,9.14
PINK CREAM FELT CRAFT TRINKET BOX,20972,20064,1497,6.94
COOK WITH WINE METAL SIGN,21166,19652,558,2.76
JUMBO BAG VINTAGE DOILY,23203,19498,590,2.94
CHARLOTTE BAG SUKI DESIGN,22355,19483,185,0.94
LUNCH BAG SPACEBOY DESIGN,22382,19478,253,1.28
JUMBO BAG OWLS,20713,19463,252,1.28
ZINC METAL HEART DECORATION,84836,19328,102,0.52
GRAND CHOCOLATECANDLE,72741,19284,62,0.32
WOODLAND CHARLOTTE BAG,20719,19027,135,0.70
HANGING HEART JAR T-LIGHT HOLDER,84978,19012,361,1.86
SWEETHEART CERAMIC TRINKET BOX,21231,18488,323,1.72
BLACK RECORD COVER FRAME,21137,18417,23,0.12
BOYS ALPHABET IRON ON PATCHES,84598,18241,576,3.06
SET/5 RED RETROSPOT LID GLASS BOWLS,20914,18235,400,2.15
SET/6 RED SPOTTY PAPER PLATES,21094,17752,762,4.12
12 PENCILS SMALL TUBE RED RETROSPOT,20975,17490,1483,7.82
FANCY FONTS BIRTHDAY WRAP,21497,17450,0,0.00
DOLLY GIRL LUNCH BOX,22630,17340,293,1.66
BOX OF 24 COCKTAIL PARASOLS,84692,17299,182,1.04
GROW A FLYTRAP OR SUNFLOWER IN TIN,22693,17242,72,0.42
RED HANGING HEART T-LIGHT HOLDER,21733,17228,417,2.36
HEART OF WICKER LARGE,22470,17104,396,2.26
PACK OF 12 TRADITIONAL CRAYONS,22489,17090,348,2.00
AGED GLASS SILVER T-LIGHT HOLDER,21326,17004,102,0.60
SPACEBOY BIRTHDAY CARD,22029,17003,60,0.35
BAG 250g SWIRLY MARBLES,21704,16824,702,4.01
PACK OF 6 BIRDY GIFT TAGS,22585,16784,394,2.29
CHARLOTTE BAG PINK POLKADOT,22356,16623,582,3.38
WRAP PINK FAIRY CAKES,16156S,16586,146,0.87
SET/6 FRUIT SALAD PAPER CUPS,21088,16503,7140,30.20
PAPER CHAIN KIT VINTAGE CHRISTMAS,22910,16469,448,2.65
SINGLE HEART ZINC T-LIGHT HOLDER,84970L,16445,36,0.22
JUMBO BAG SPACEBOY DESIGN,22385,16383,426,2.53
HEART FILIGREE DOVE  SMALL,22294,16260,83,0.51
VINTAGE HEADS AND TAILS CARD GAME,21791,16199,1077,6.23
HAND OVER THE CHOCOLATE   SIGN,85152,16146,101,0.62
6 RIBBONS RUSTIC CHARM,22077,16026,117,0.72
CREAM HEART CARD HOLDER,22189,15946,43,0.27
JAM MAKING SET PRINTED,22961,15867,344,2.12
PINK POLKADOT WRAP,21500,15850,0,0.00
SET/6 RED SPOTTY PAPER CUPS,21086,15834,792,4.76
SET/6 FRUIT SALAD  PAPER PLATES,21096,15776,7008,30.76
JUMBO BAG WOODLAND ANIMALS,20712,15709,251,1.57
WOODEN PICTURE FRAME WHITE FINISH,82482,15643,460,2.86
PACK OF 12 SKULL TISSUES,21967,15449,0,0.00
SET OF 20 VINTAGE CHRISTMAS NAPKINS,22909,15376,470,2.97
CACTI T-LIGHT CANDLES,85175,15302,629,3.95
CHINESE DRAGON PAPER LANTERNS,40016,15301,0,0.00
PAPER BUNTING RETROSPOT,22090,15227,497,3.16
LUNCH BOX I LOVE LONDON,22659,15157,337,2.18
SET/10 RED POLKADOT PARTY CANDLES,21121,15036,146,0.96
ANTIQUE SILVER TEA GLASS ENGRAVED,84947,15028,37,0.25
BLUE POLKADOT WRAP,21499,15025,225,1.48
MINI HIGHLIGHTER PENS,16033,15001,480,3.10
COLOUR GLASS. STAR T-LIGHT HOLDER,71477,14870,2574,14.76
CHILLI LIGHTS,79321,14843,144,0.96
SET OF 72 RETROSPOT PAPER  DOILIES,21210,14747,151,1.01
RAIN PONCHO RETROSPOT,21787,14718,528,3.46
ROUND SNACK BOXES SET OF4 WOODLAND,22326,14696,57,0.39
PLASTERS IN TIN SPACEBOY,22551,14623,287,1.92
STRAWBERRY CHARLOTTE BAG,20723,14542,187,1.27
SPACEBOY GIFT WRAP,22045,14417,80,0.55
TRADITIONAL MODELLING CLAY,22560,14393,175,1.20
WOODEN FRAME ANTIQUE WHITE,82494L,14368,463,3.12
BAG 125g SWIRLY MARBLES,21703,14289,170,1.18
RECYCLING BAG RETROSPOT,22379,14259,67,0.47
DINOSAUR KEYRINGS ASSORTED,21829,14192,289,2.00
NATURAL SLATE HEART CHALKBOARD,22457,14187,109,0.76
SET 12 KIDS COLOUR  CHALK STICKS,21918,14126,43,0.30
PACK OF 60 MUSHROOM CAKE CASES,21976,14053,55,0.39
HOMEMADE JAM SCENTED CANDLES,22969,14012,140,0.99
JUMBO BAG APPLES,23199,13875,723,4.95
HOME SWEET HOME MUG,21877,13856,1086,7.27
SET/6 WOODLAND PAPER CUPS,21085,13712,0,0.00
HAND WARMER OWL DESIGN,22865,13675,126,0.91
SET/6 WOODLAND PAPER PLATES,21091,13668,0,0.00
LARGE CIRCULAR MIRROR MOBILE,75049L,13566,903,6.24
CLOTHES PEGS RETROSPOT PACK 24,22558,13410,79,0.59
SET/6 STRAWBERRY PAPER CUPS,21099,13284,120,0.90
WRAP ENGLISH ROSE,16161P,13198,25,0.19
PLASTERS IN TIN CIRCUS PARADE,22556,13112,107,0.81
PACK OF 12 PINK POLKADOT TISSUES,21986,13103,24,0.18
MULTICOLOUR SPRING FLOWER MUG,37340,13083,4996,27.63
WOODEN HEART CHRISTMAS SCANDINAVIAN,22577,13005,101,0.77
LUNCH BAG VINTAGE DOILY,23209,12985,40,0.31
HEART IVORY TRELLIS SMALL,22297,12939,275,2.08
PAPER CHAIN KIT RETROSPOT,22083,12865,519,3.88
PLASTERS IN TIN WOODLAND ANIMALS,22554,12824,159,1.22
SET/6 STRAWBERRY PAPER PLATES,21092,12806,24,0.19
12 PENCILS SMALL TUBE SKULL,20974,12699,612,4.60
FELTCRAFT BUTTERFLY HEARTS,22147,12605,904,6.69
POLKADOT PEN,22740,12599,0,0.00
BATHROOM METAL SIGN,82580,12594,294,2.28
JUMBO BAG ALPHABET,23201,12533,594,4.53
FAIRY CAKE FLANNEL ASSORTED COLOUR,21108,12532,3159,20.13
ROUND SNACK BOXES SET OF 4 FRUITS,22328,12440,697,5.31
SKULLS AND CROSSBONES WRAP,21495,12415,25,0.20
NO SINGING METAL SIGN,82600,12391,43,0.35
SWALLOWS GREETING CARD,22030,12340,120,0.96
JUMBO STORAGE BAG SKULLS,21930,12305,6,0.05
MAGIC DRAWING SLATE SPACEBOY,22534,12269,139,1.12
RED RETROSPOT SHOPPER BAG,20718,12255,47,0.38
WOODEN STAR CHRISTMAS SCANDINAVIAN,22578,12252,133,1.07
SMALL FAIRY CAKE FRIDGE MAGNETS,85220,12236,2513,17.04
FELTCRAFT 6 FLOWER FRIENDS,22149,12174,664,5.17
PENS ASSORTED FUNNY FACE,22610,12170,36,0.29
ROSES REGENCY TEACUP AND SAUCER,22699,12149,489,3.87
SET/10 PINK POLKADOT PARTY CANDLES,21122,12100,73,0.60
GINGHAM HEART DECORATION,22595,12076,144,1.18
10 COLOUR SPACEBOY PEN,22418,11916,201,1.66
TEA BAG PLATE RED RETROSPOT,22348,11899,100,0.83
BUBBLEGUM RING ASSORTED,23310,11891,0,0.00
BLUE HARMONICA IN BOX,21914,11830,120,1.00
WOODEN BOX OF DOMINOES,21889,11803,155,1.30
HOT BATHS METAL SIGN,82583,11797,107,0.90
SET OF 4 PANTRY JELLY MOULDS,22993,11769,68,0.57
TRADITIONAL WOODEN SKIPPING ROPE,21891,11721,90,0.76
HAND WARMER SCOTTY DOG DESIGN,22866,11667,123,1.04
SET OF 60 PANTRY DESIGN CAKE CASES,23307,11661,88,0.75
TRAVEL CARD WALLET KEEP CALM,22998,11645,177,1.50
SILVER HANGING T-LIGHT HOLDER,84949,11635,512,4.22
LUNCH BAG APPLE DESIGN,23206,11530,58,0.50
BLACK SILVER FLOWER T-LIGHT HOLDER,85110,11512,5040,30.45
GUMBALL COAT RACK,22467,11460,293,2.49
ESSENTIAL BALM 3.5g TIN IN ENVELOPE,18007,11335,2400,17.47
JUMBO BAG TOYS,20711,11326,38,0.33
MOROCCAN TEA GLASS,79000,11309,238,2.06
PLASTERS IN TIN STRONGMAN,22555,11276,40,0.35
WOODEN SCHOOL COLOURING SET,22561,11158,410,3.54
SAVE THE PLANET MUG,21871,11099,794,6.68
SET OF 3 HEART COOKIE CUTTERS,84378,11007,93,0.84
HAND WARMER BIRD DESIGN,22867,11000,82,0.74
EDWARDIAN PARASOL NATURAL,15056N,10948,143,1.29
JAZZ HEARTS MEMO PAD,20993,10945,0,0.00
TEA PARTY BIRTHDAY CARD,22027,10808,228,2.07
JUMBO BAG VINTAGE LEAF,23202,10695,242,2.21
FOLKART ZINC HEART CHRISTMAS DEC,35961,10651,1,0.01
60 CAKE CASES DOLLY GIRL DESIGN,22951,10650,240,2.20
ASSORTED INCENSE PACK,17084R,10625,0,0.00
FILIGRIS HEART WITH BUTTERFLY,21390,10622,51,0.48
POP ART PEN CASE & PENS,16047,10587,5184,32.87
SMALL GLASS HEART TRINKET POT,21314,10447,1228,10.52
"FANCY FONT BIRTHDAY CARD,",21506,10430,60,0.57
SET 12 RETRO WHITE CHALK STICKS,21916,10417,225,2.11
FUNKY DIVA PEN,22741,10297,51,0.49
WHITE SPOT RED CERAMIC DRAWER KNOB,21672,10290,62,0.60
PINK 3 PIECE MINI DOTS CUTLERY SET,84997D,10284,55,0.53
PAINTED METAL PEARS ASSORTED,21136,10255,225,2.15
BLACK HEART CARD HOLDER,22188,10255,5,0.05
HAND WARMER RED RETROSPOT,22632,10170,22,0.22
IVORY HANGING DECORATION  HEART,21385,10146,6,0.06
RETROSPOT TEA SET CERAMIC 11 PC,22139,10052,459,4.37
WRAP SUKI AND FRIENDS,16161U,10001,75,0.74
SET/10 BLUE SPOTTY PARTY CANDLES,21124,9963,49,0.49
TEATIME PEN CASE & PENS,16046,9949,4632,31.77
CHOCOLATE HOT WATER BOTTLE,22112,9904,108,1.08
BLUE STRIPE CERAMIC DRAWER KNOB,21669,9897,106,1.06
DOORMAT UNION FLAG,48138,9879,51,0.51
PLASTERS IN TIN VINTAGE PAISLEY,22557,9827,68,0.69
PAPER POCKET TRAVELING FAN,15034,9818,1448,12.85
RETROSPOT PARTY BAG + STICKER SET,22333,9798,1312,11.81
SLEEPING CAT ERASERS,16237,9730,91,0.93
LUNCH BAG DOLLY GIRL DESIGN,22662,9715,67,0.68
WRAP CHRISTMAS VILLAGE,22959,9688,350,3.49
WOOD BLACK BOARD ANT WHITE FINISH,82484,9678,49,0.50
DOUGHNUT LIP GLOSS,23077,9642,60,0.62
MAGIC DRAWING SLATE DOLLY GIRL,22530,9630,48,0.50
RECIPE BOX PANTRY YELLOW DESIGN,22666,9600,237,2.41
SET OF 3 BUTTERFLY COOKIE CUTTERS,84380,9592,207,2.11
SOMBRERO,62018,9548,0,0.00
PINK HEART SHAPE EGG FRYING PAN,84050,9547,66,0.69
HEART IVORY TRELLIS LARGE,22296,9416,8,0.08
RED RETROSPOT BOWL,20676,9403,137,1.44
CHOCOLATE THIS WAY METAL SIGN,21908,9396,32,0.34
RED STRIPE CERAMIC DRAWER KNOB,21668,9391,87,0.92
DOORMAT RED RETROSPOT,20685,9364,91,0.96
TRAVEL SEWING KIT,22652,9353,56,0.60
EDWARDIAN PARASOL BLACK,15056BL,9351,213,2.23
POPART WOODEN PENCILS ASST,16045,9300,0,0.00
RED WOOLLY HOTTIE WHITE HEART.,84029E,9259,38,0.41
POTTERING IN THE SHED METAL SIGN,21174,9247,4,0.04
MINI JIGSAW SPACEBOY,22544,9209,91,0.98
WHITE SPOT BLUE CERAMIC DRAWER KNOB,21673,9171,103,1.11
PINK FAIRY CAKE CHILDRENS APRON,47591D,9164,12,0.13
SCOTTIE DOG HOT WATER BOTTLE,22111,9092,217,2.33
12 PENCIL SMALL TUBE WOODLAND,20973,9091,7,0.08
BEWARE OF THE CAT METAL SIGN,21165,9080,51,0.56
BAKING SET 9 PIECE RETROSPOT,22138,9035,857,8.66
SOLDIERS EGG CUP,22988,9033,112,1.22
MAGIC DRAWING SLATE PURDEY,22536,9026,120,1.31
GROW YOUR OWN PLANT IN A CAN,22444,8960,113,1.25
JUMBO BAG 50'S CHRISTMAS,23344,8933,262,2.85
RED SPOT CERAMIC DRAWER KNOB,21671,8931,170,1.87
RED 3 PIECE MINI DOTS CUTLERY SET,84997B,8905,109,1.21
RETROSPOT CHILDRENS APRON,21156,8871,71,0.79
SET OF 3 NOTEBOOKS IN PARCEL,22759,8860,26,0.29
SET OF 6 RIBBONS VINTAGE CHRISTMAS,22734,8849,30,0.34
HOT WATER BOTTLE TEA AND SYMPATHY,22114,8848,172,1.91
WHITE BIRD GARDEN DESIGN MUG,85160A,8800,4320,32.93
POTTING SHED TEA MUG,21868,8770,207,2.31
T-LIGHT GLASS FLUTED ANTIQUE,22791,8698,190,2.14
GREEN REGENCY TEACUP AND SAUCER,22697,8674,184,2.08
TOY TIDY PINK POLKADOT,22381,8657,30,0.35
WRAP RED APPLES,22704,8650,50,0.57
RED RETROSPOT CUP,21238,8648,149,1.69
YOU'RE CONFUSING ME METAL SIGN,21169,8642,33,0.38
BLUE 3 PIECE MINI DOTS CUTLERY SET,84997C,8531,92,1.07
WRAP VINTAGE LEAF DESIGN,23232,8526,51,0.59
CERAMIC STRAWBERRY CAKE MONEY BANK,22646,8514,109,1.26
ALARM CLOCK BAKELIKE RED,22727,8512,84,0.98
INFLATABLE POLITICAL GLOBE,10002,8479,1223,12.61
COWBOYS AND INDIANS BIRTHDAY CARD,21509,8455,24,0.28
JAM MAKING SET WITH JARS,22960,8454,246,2.83
PAPER CHAIN KIT EMPIRE,22084,8437,111,1.30
LOVEBIRD HANGING DECORATION WHITE,22219,8375,123,1.45
TRADITIONAL KNITTING NANCY,22621,8365,85,1.01
HAND WARMER UNION JACK,22633,8364,39,0.46
BALLOON WATER BOMB PACK OF 35,22440,8296,44,0.53
S/4 BLUE ROUND DECOUPAGE BOXES,85184D,8294,3940,32.21
CHRISTMAS PUDDING TRINKET POT,22065,8257,45,0.54
SET OF 12 FAIRY CAKE BAKING CASES,23293,8228,32,0.39
EMPIRE GIFT WRAP,22047,8225,250,2.95
36 DOILIES VINTAGE CHRISTMAS,22950,8215,613,6.94
HEART FILIGREE DOVE LARGE,22295,8159,48,0.58
PACK OF 20 NAPKINS PANTRY DESIGN,22907,8141,232,2.77
TOILET METAL SIGN,82581,8125,71,0.87
THE KING GIFT BAG,16162L,8083,3744,31.66
LADIES & GENTLEMEN METAL SIGN,85150,8078,26,0.32
PACK OF 20 SKULL PAPER NAPKINS,21989,8073,624,7.17
BLUE SPOT CERAMIC DRAWER KNOB,21670,8061,72,0.89
HEART DECORATION PAINTED ZINC,22335,8034,495,5.80
CHARLOTTE BAG DOLLY GIRL DESIGN,22661,8034,16,0.20
"KEY FOB , SHED",21900,8033,5,0.06
3 HEARTS HANGING DECORATION RUSTIC,22158,7982,82,1.02
"ELEPHANT, BIRTHDAY CARD,",21507,7970,24,0.30
GINGERBREAD MAN COOKIE CUTTER,22966,7946,5,0.06
WRAP ALPHABET DESIGN,23230,7925,50,0.63
ICE CREAM SUNDAE LIP GLOSS,23076,7896,28,0.35
SET 12 KIDS  WHITE CHALK STICKS,21917,7892,21,0.27
ZINC FOLKART SLEIGH BELLS,35970,7851,74,0.93
SET OF 36 TEATIME PAPER DOILIES,84987,7832,70,0.89
STRAWBERRY LUNCH BOX WITH CUTLERY,21559,7820,22,0.28
SPOTTY BUNTING,23298,7779,110,1.39
PAPER BUNTING WHITE LACE,22087,7752,159,2.01
36 PENCILS TUBE RED RETROSPOT,20979,7741,374,4.61
GARDENERS KNEELING PAD KEEP CALM,23301,7722,114,1.45
CHILDRENS APRON SPACEBOY DESIGN,22367,7702,51,0.66
MAGIC DRAWING SLATE CIRCUS PARADE,22531,7696,0,0.00
SET OF 60 I LOVE LONDON CAKE CASES,23309,7670,64,0.83
PACK OF 6 SKULL PAPER PLATES,21988,7649,576,7.00
3 STRIPEY MICE FELTCRAFT,22150,7633,764,9.10
SET OF 72 PINK HEART PAPER DOILIES,84988,7595,64,0.84
4 TRADITIONAL SPINNING TOPS,22620,7559,8,0.11
5 HOOK HANGER RED MAGIC TOADSTOOL,22243,7552,86,1.13
PINK REGENCY TEACUP AND SAUCER,22698,7552,197,2.54
LUNCH BAG ALPHABET DESIGN,23207,7533,448,5.61
RED SPOTTY PUDDING BOWL,21392,7526,3650,32.66
FAWN BLUE HOT WATER BOTTLE,21481,7526,802,9.63
PARTY METAL SIGN,21172,7444,77,1.02
DOORMAT HEARTS,48194,7442,25,0.33
HANGING METAL HEART LANTERN,22464,7388,244,3.20
ASSORTED CREEPY CRAWLIES,21830,7387,672,8.34
RED RETROSPOT PICNIC BAG,21936,7383,143,1.90
CHRISTMAS METAL TAGS ASSORTED,22945,7369,192,2.54
PLASTERS IN TIN SKULLS,22553,7363,95,1.27
AREA PATROLLED METAL SIGN,82582,7346,129,1.73
PACK OF 12 COLOURED PENCILS,22491,7322,180,2.40
SET OF 20 KIDS COOKIE CUTTERS,84375,7275,61,0.83
TRADITIONAL WOODEN CATCH CUP GAME,21892,7273,54,0.74
RETROSPOT HEART HOT WATER BOTTLE,21485,7257,36,0.49
HOME BUILDING BLOCK WORD,21754,7231,30,0.41
WRAP DOILEY DESIGN,23231,7225,0,0.00
FELTCRAFT DOLL MOLLY,22273,7203,1464,16.89
WRAP I LOVE LONDON,22710,7104,100,1.39
DOORMAT NEW ENGLAND,48187,7099,10,0.14
SET/20 FRUIT SALAD PAPER NAPKINS,21082,7062,3074,30.33
JAZZ HEARTS MAGNETIC MEMO PAD,20991,7058,0,0.00
CHARLOTTE BAG APPLES DESIGN,23204,7039,186,2.57
GIN & TONIC DIET GREETING CARD,21519,7017,36,0.51
SET OF 3 CAKE TINS PANTRY DESIGN,22720,7010,153,2.14
CARD DOLLY GIRL,22712,7009,37,0.53
RETRO COFFEE MUGS ASSORTED,37370,6948,47,0.67
RED RETROSPOT OVEN GLOVE,21154,6900,223,3.13
PARTY CONE CHRISTMAS DECORATION,22130,6896,177,2.50
PINK POLKADOT BOWL,20677,6888,14,0.20
RIBBON REEL STRIPES DESIGN,22082,6878,31,0.45
POLKADOT RAIN HAT,21786,6866,70,1.01
"RECORD FRAME 7"" SINGLE SIZE",22041,6845,42,0.61
ASS FLORAL PRINT SCISSORS,47503E,6828,0,0.00
METAL SIGN TAKE IT OR LEAVE IT,22413,6814,129,1.86
ANGEL DECORATION 3 BUTTONS,22154,6808,204,2.91
BLUE POLKADOT CUP,21240,6778,45,0.66
PENS ASSORTED SPACEBALL,22609,6758,144,2.09
ROBOT BIRTHDAY CARD,22037,6751,12,0.18
WASHROOM METAL SIGN,82552,6746,7,0.10
JUMBO BAG PEARS,23200,6729,134,1.95
ALARM CLOCK BAKELIKE GREEN,22726,6713,56,0.83
LUNCH BOX WITH CUTLERY RETROSPOT,22352,6690,65,0.96
CREAM CUPID HEARTS COAT HANGER,84406B,6682,218,3.16
KINGS CHOICE MUG,21875,6681,71,1.05
WOODEN TREE CHRISTMAS SCANDINAVIAN,22579,6662,96,1.42
LARGE POPCORN HOLDER,22198,6654,214,3.12
SET OF 36 PAISLEY FLOWER DOILIES,21974,6652,140,2.06
ICE CREAM PEN LIP GLOSS,23078,6607,48,0.72
PACK 20 ENGLISH ROSE PAPER NAPKINS,84520B,6598,12,0.18
RED RETROSPOT SMALL MILK JUG,21535,6580,88,1.32
CLEAR DRAWER KNOB ACRYLIC EDWARDIAN,22771,6571,30,0.45
DOORMAT FANCY FONT HOME SWEET HOME,21523,6564,6,0.09
REGENCY TEA PLATE ROSES,23170,6563,718,9.86
SET/20 STRAWBERRY PAPER NAPKINS,21078,6539,0,0.00
"KEY FOB , GARAGE DESIGN",21899,6515,67,1.02
VINTAGE UNION JACK BUNTING,21621,6497,64,0.98
HAND WARMER BABUSHKA DESIGN,22834,6486,215,3.21
PINK  POLKADOT CUP,21239,6480,52,0.80
RED RETROSPOT PLATE,21242,6475,42,0.64
VINTAGE KID DOLLY CARD,21508,6472,12,0.19
NATURAL SLATE RECTANGLE CHALKBOARD,22488,6453,49,0.75
CHRISTMAS TOILET ROLL,21098,6431,219,3.29
DOORMAT FAIRY CAKE,48185,6400,692,9.76
CARD BILLBOARD FONT,22983,6388,133,2.04
TEA PARTY  WRAPPING PAPER,22046,6350,34,0.53
SET OF 9 BLACK SKULL BALLOONS,22437,6332,16,0.25
PACK OF 6 SKULL PAPER CUPS,21987,6320,301,4.55
GARDENERS KNEELING PAD CUP OF TEA,23300,6285,152,2.36
CHRISTMAS HANGING STAR WITH BELL,21810,6281,59,0.93
FENG SHUI PILLAR CANDLE,72232,6268,0,0.00
PICTURE DOMINOES,22549,6222,1,0.02
PINK DOUGHNUT TRINKET POT,22064,6214,137,2.16
SMALL HEART FLOWERS HOOK,84971S,6206,2,0.03
POP-ART FLUORESCENT PENS,16044,6192,0,0.00
LUNCH BAG VINTAGE LEAF DESIGN,23208,6191,73,1.17
ZINC WILLIE WINKIE  CANDLE STICK,84832,6166,12,0.19
ASSORTED LAQUERED INCENSE HOLDERS,17096,6157,0,0.00
BLACK BIRD GARDEN DESIGN MUG,85160B,6149,2981,32.65
PLACE SETTING WHITE STAR,22152,6129,11,0.18
VINTAGE UNION JACK MEMOBOARD,21623,6125,56,0.91
JAZZ HEARTS ADDRESS BOOK,20996,6123,14,0.23
GIN AND TONIC MUG,21874,6122,29,0.47
WHITE WITH BLACK CATS PLATE,37423,6091,2952,32.64
PENNY FARTHING BIRTHDAY CARD,22028,6083,24,0.39
CHRISTMAS STAR WISH LIST CHALKBOARD,22596,6080,29,0.47
CHRISTMAS RETROSPOT HEART WOOD,22602,6067,52,0.85
MINI JIGSAW CIRCUS PARADE,22540,6063,3,0.05
"FEATHER PEN,HOT PINK",51014A,6048,195,3.12
12 PENCILS TALL TUBE RED RETROSPOT,20983,6046,31,0.51
JAZZ HEARTS PURSE NOTEBOOK,20992,6030,0,0.00
EDWARDIAN PARASOL RED,20679,6029,18,0.30
RED RETROSPOT UMBRELLA,85014B,6018,18,0.30
"KEY FOB , BACK DOOR",21901,6014,153,2.48
PACK OF 12 BLUE PAISLEY TISSUES,21983,6000,48,0.79
REGENCY TEA PLATE GREEN,23171,5966,97,1.60
SET OF 12 MINI LOAF BAKING CASES,23295,5957,13,0.22
SET OF 60 VINTAGE LEAF CAKE CASES,23308,5955,0,0.00
CARD MOTORBIKE SANTA,22816,5948,48,0.80
SCANDINAVIAN REDS RIBBONS,85049E,5933,28,0.47
CAMOUFLAGE LED TORCH,21833,5931,190,3.10
RED GINGHAM ROSE JEWELLERY BOX,21429,5930,70,1.17
I CAN ONLY PLEASE ONE PERSON MUG,21870,5925,97,1.61
PINK PARTY BAGS,47599A,5878,160,2.65
CIRCUS PARADE LUNCH BOX,22631,5872,36,0.61
RETROSPOT CIGAR BOX MATCHES,21592,5861,24,0.41
WHITE JEWELLED HEART DECORATION,85061W,5858,25,0.42
HAPPY STENCIL CRAFT,22563,5857,3,0.05
SET OF 3 REGENCY CAKE TINS,23245,5844,90,1.52
HOME SWEET HOME METAL SIGN,21164,5839,22,0.38
ALARM CLOCK BAKELIKE PINK,22728,5833,53,0.90
GLASS HEART T-LIGHT HOLDER,21313,5823,158,2.64
12 PENCILS TALL TUBE POSY,20984,5821,216,3.58
BLUE POLKADOT BOWL,20675,5816,40,0.68
RED RETROSPOT PEG BAG,21155,5805,263,4.33
TRADITIONAL CHRISTMAS RIBBONS,85049A,5802,51,0.87
GINGHAM ROSE WRAP,22986,5791,25,0.43
SMALL HEART MEASURING SPOONS,22196,5785,45,0.77
VICTORIAN  METAL POSTCARD SPRING,21135,5773,324,5.31
HANGING HEART WITH BELL,21811,5759,48,0.83
SKULLS  WATER TRANSFER TATTOOS,21544,5750,4,0.07
CHRYSANTHEMUM POCKET BOOK,20759,5734,0,0.00
RED RETROSPOT CAKE STAND,21843,5729,586,9.28
BIG DOUGHNUT FRIDGE MAGNETS,21700,5727,121,2.07
KNITTED UNION FLAG HOT WATER BOTTLE,84029G,5724,60,1.04
HEART DECORATION WITH PEARLS,22156,5717,217,3.66
MAGIC DRAWING SLATE DINOSAUR,22537,5707,48,0.83
SET/6 PINK  BUTTERFLY T-LIGHTS,72351B,5681,127,2.19
GREEN FERN POCKET BOOK,20756,5679,0,0.00
SMALL CERAMIC TOP STORAGE JAR,23167,5666,525,8.48
PINK HAPPY BIRTHDAY BUNTING,47590B,5652,57,1.00
LIPSTICK PEN RED,22419,5641,10,0.18
SMALL RED RETROSPOT WINDMILL,21746,5638,34,0.60
CARD I LOVE LONDON,22713,5625,20,0.35
GREY HEART HOT WATER BOTTLE,22113,5623,32,0.57
TEA TIME PARTY BUNTING,47566B,5612,1635,22.56
ASSORTED COLOUR T-LIGHT HOLDER,84950,5610,58,1.02
LAVENDER SCENTED FABRIC HEART,21114,5591,60,1.06
CARD CHRISTMAS VILLAGE,22818,5574,144,2.52
SET/2 RED RETROSPOT TEA TOWELS,21035,5534,207,3.61
MINI JIGSAW DOLLY GIRL,22539,5512,1,0.02
STAR DECORATION PAINTED ZINC,22338,5509,95,1.70
STAR DECORATION RUSTIC,22155,5487,53,0.96
GARDEN PATH POCKET BOOK,20760,5484,0,0.00
SMALL DOLLY MIX DESIGN ORANGE BOWL,84596B,5484,48,0.87
PIECE OF CAMO STATIONERY SET,16259,5473,134,2.39
SET 2 TEA TOWELS I LOVE LONDON,22900,5458,216,3.81
LARGE RED RETROSPOT WINDMILL,21749,5454,732,11.83
PACK OF 20 NAPKINS RED APPLES,22908,5430,7,0.13
PACK OF 12 SPACEBOY TISSUES,22614,5427,133,2.39
FELTCRAFT CUSHION RABBIT,22570,5420,431,7.37
PENS ASSORTED FUNKY JEWELED,22608,5401,43,0.79
ORANGE FLOWER MUG,37351,5395,0,0.00
KITCHEN METAL SIGN,82578,5391,13,0.24
ANGEL DECORATION STARS ON DRESS,22153,5389,166,2.99
HEART DECORATION RUSTIC HANGING,22161,5388,88,1.61
20 DOLLY PEGS RETROSPOT,22567,5385,39,0.72
PACK OF 6 SANDCASTLE FLAGS ASSORTED,21878,5383,421,7.25
ABSTRACT CIRCLES POCKET BOOK,20758,5378,1,0.02
LOVE BUILDING BLOCK WORD,21755,5367,48,0.89
JUMBO BAG DOLLY GIRL DESIGN,22663,5367,34,0.63
SET OF 6 SPICE TINS PANTRY DESIGN,22722,5366,36,0.67
GARDENERS KNEELING PAD,22528,5363,45,0.83
FELTCRAFT CUSHION BUTTERFLY,22569,5357,345,6.05
LAUNDRY 15C METAL SIGN,82551,5350,6,0.11
DOORMAT KEEP CALM AND COME IN,23284,5338,225,4.04
SMALL HANGING IVORY/RED WOOD BIRD,85199S,5336,24,0.45
STRAWBERRY SHOPPER BAG,20717,5335,113,2.07
HOT WATER BOTTLE KEEP CALM,23355,5313,48,0.90
FELTCRAFT CUSHION OWL,22568,5312,212,3.84
COFFEE MUG APPLES DESIGN,22303,5310,139,2.55
POTTERING MUG,21876,5303,85,1.58
WRAP CIRCUS PARADE,22711,5302,25,0.47
RED DAISY POCKET BOOK,20757,5301,0,0.00
WRAP DOLLY GIRL,22708,5300,25,0.47
VICTORIAN SEWING KIT,85178,5294,301,5.38
ROCKING HORSE RED CHRISTMAS,22571,5293,109,2.02
BLUE  SPOTTY PUDDING BOWL,21393,5236,2499,32.31
"KEY FOB , FRONT  DOOR",21902,5225,56,1.06
HANGING HEART MIRROR DECORATION,22227,5215,33,0.63
MEMO BOARD RETROSPOT  DESIGN,22507,5208,24,0.46
PINK  POLKADOT PLATE,21243,5187,16,0.31
RED RETROSPOT MUG,21844,5183,48,0.92
WRAP POPPIES  DESIGN,23233,5175,25,0.48
RAINY LADIES BIRTHDAY CARD,22024,5155,36,0.69
WHITE WITH BLACK CATS MUG,37424,5153,2112,29.07
CHARLOTTE BAG VINTAGE ALPHABET,23205,5150,191,3.58
TEA TIME TEA TOWELS,47556B,5141,156,2.95
FAIRY TALE COTTAGE NIGHTLIGHT,22466,5120,36,0.70
CARD BIRTHDAY COWBOY,22714,5097,108,2.07
GREEN 3 PIECE MINI DOTS CUTLERY SET,84997A,5093,26,0.51
JAPANESE CROCHETED ANIMAL,84670,5092,114,2.19
RECYCLED PENCIL WITH RABBIT ERASER,16235,5088,133,2.55
BLUE PAISLEY POCKET BOOK,20755,5084,0,0.00
CHRISTMAS GINGHAM STAR,22593,5067,144,2.76
DOORMAT SPOTTY HOME SWEET HOME,21524,5054,7,0.14
GLAMOROUS  MUG,21872,5032,35,0.69
SUKI  SHOULDER BAG,21935,5021,131,2.54
CARD CIRCUS PARADE,22716,5020,12,0.24
PACK OF 6 PANNETONE GIFT BOXES,22584,5019,197,3.78
WHITE DOVE HONEYCOMB PAPER GARLAND,21186,5017,10,0.20
SET 20 NAPKINS FAIRY CAKES DESIGN,22851,4992,78,1.54
I'M ON HOLIDAY METAL SIGN,21907,4990,21,0.42
TEA TIME OVEN GLOVE,47559B,4970,54,1.07
FOOD CONTAINER SET 3 LOVE HEART,22131,4965,16,0.32
CHRISTMAS RETROSPOT ANGEL WOOD,22601,4923,4,0.08
REVOLVER WOODEN RULER,22992,4914,710,12.62
JUMBO BAG VINTAGE CHRISTMAS,23343,4905,271,5.24
VINTAGE BILLBOARD TEA MUG,21069,4901,726,12.90
BLUE VINTAGE SPOT BEAKER,23286,4901,49,0.99
PINK PAPER PARASOL,15044A,4894,3,0.06
ZINC T-LIGHT HOLDER STARS SMALL,23144,4894,44,0.89
MINI WOODEN HAPPY BIRTHDAY GARLAND,21381,4893,603,10.97
CANDLEHOLDER PINK HANGING HEART,22804,4892,504,9.34
WOODEN HAPPY BIRTHDAY GARLAND,21380,4877,582,10.66
SET OF 6 TEA TIME BAKING CASES,23296,4877,27,0.55
SKULLS GREETING CARD,21504,4838,12,0.25
RETROSPOT RED WASHING UP GLOVES,20754,4815,33,0.68
EMPIRE BIRTHDAY CARD,22023,4812,12,0.25
COFFEE MUG PEARS  DESIGN,22302,4808,37,0.76
CERAMIC STRAWBERRY DESIGN MUG,22059,4803,65,1.34
RECIPE BOX RETROSPOT,22667,4793,138,2.80
ROUND CONTAINER SET OF 5 RETROSPOT,22329,4791,29,0.60
WOOD 2 DRAWER CABINET WHITE FINISH,82483,4774,283,5.60
DOORMAT WELCOME PUPPIES,48188,4759,11,0.23
FELTCRAFT DOLL ROSIE,22271,4744,304,6.02
RIBBON REEL HEARTS DESIGN,22079,4736,61,1.27
COFFEE MUG CAT + BIRD DESIGN,22301,4733,76,1.58
SET OF 9 HEART SHAPED BALLOONS,22435,4716,139,2.86
RED SPOTTY BISCUIT TIN,21218,4715,79,1.65
GLITTER HANGING BUTTERFLY STRING,20829,4700,1094,18.88
SKULLS  STICKERS,21679,4691,900,16.10
"WRAP, BILLBOARD FONTS DESIGN",22985,4690,0,0.00
HEART WOODEN CHRISTMAS DECORATION,22574,4684,288,5.79
CERAMIC HEART FAIRY CAKE MONEY BANK,22645,4683,87,1.82
BLUE HAPPY BIRTHDAY BUNTING,47590A,4681,188,3.86
PINK VINTAGE SPOT BEAKER,23285,4679,2,0.04
BLUE POLKADOT PLATE,21244,4667,23,0.49
"HOOK, 5 HANGER , MAGIC TOADSTOOL",22242,4659,57,1.21
SET OF TEA COFFEE SUGAR TINS PANTRY,23243,4658,115,2.41
TOY TIDY SPACEBOY,22380,4654,45,0.96
BIRD IN TREE MUG,37352,4643,0,0.00
HOT WATER BOTTLE I AM SO POORLY,22835,4638,360,7.20
RED SPOTTY CANDY BAG,20729,4626,22,0.47
WOOD S/3 CABINET ANT WHITE FINISH,82486,4620,105,2.22
FINE WICKER HEART,22855,4612,12,0.26
LARGE HEART MEASURING SPOONS,22195,4603,19,0.41
DOORMAT ENGLISH ROSE,48184,4603,11,0.24
12 PENCILS TALL TUBE SKULLS,20982,4601,17,0.37
CHRISTMAS RETROSPOT STAR WOOD,22600,4594,28,0.61
CERAMIC CHERRY CAKE MONEY BANK,22644,4583,107,2.28
BLACK/BLUE POLKADOT UMBRELLA,85014A,4566,8,0.17
WRAP 50'S  CHRISTMAS,16169E,4563,125,2.67
3 HOOK HANGER MAGIC GARDEN,22244,4542,60,1.30
FLOWER FAIRY INCENSE LAVENDER,17109B,4541,0,0.00
TRAVEL CARD WALLET VINTAGE TICKET,22996,4540,26,0.57
WHITE SKULL HOT WATER BOTTLE,21479,4538,196,4.14
METAL 4 HOOK HANGER FRENCH CHATEAU,22173,4538,146,3.12
ALPHABET STENCIL CRAFT,22564,4526,674,12.96
CARTOON  PENCIL SHARPENERS,16218,4525,0,0.00
EMPIRE DESIGN ROSETTE,22053,4518,1,0.02
VINTAGE RED TEATIME MUG,21067,4517,36,0.79
PAINT YOUR OWN CANVAS SET,22493,4505,274,5.73
GREEN VINTAGE SPOT BEAKER,23288,4505,18,0.40
STAR WOODEN CHRISTMAS DECORATION,22573,4502,0,0.00
MINI CAKE STAND  HANGING STRAWBERY,22055,4491,51,1.12
ENGLISH ROSE NOTEBOOK A7 SIZE,84536A,4478,38,0.84
MAGIC DRAWING SLATE BAKE A CAKE,22533,4447,72,1.59
DOVE DECORATION PAINTED ZINC,22336,4442,23,0.52
VINTAGE DOILY JUMBO BAG RED,23582,4434,121,2.66
12 PENCILS TALL TUBE WOODLAND,20981,4431,43,0.96
WICKER STAR,22694,4428,180,3.91
CERAMIC CAKE DESIGN SPOTTED MUG,37448,4394,66,1.48
ENGLISH ROSE SCISSORS,47504E,4372,0,0.00
"HOOK, 1 HANGER ,MAGIC GARDEN",22245,4371,31,0.70
JUMBO BAG PAISLEY PARK,23581,4358,122,2.72
CHRISTMAS GINGHAM TREE,22594,4354,1,0.02
WHITE METAL LANTERN,71053,4353,68,1.54
TRAVEL CARD WALLET I LOVE LONDON,23005,4346,1,0.02
HANGING METAL STAR LANTERN,22465,4325,139,3.11
PACK 3 BOXES CHRISTMAS PANNETONE,22812,4325,47,1.08
MINI JIGSAW PURDEY,22546,4309,1,0.02
POPART COL BALLPOINT PEN ASST,16053,4298,2000,31.76
CHRISTMAS CRAFT LITTLE FRIENDS,22144,4289,47,1.08
MAGIC DRAWING SLATE BUNNIES,22535,4283,120,2.73
FRENCH WC SIGN BLUE METAL,22670,4283,1160,21.31
PIGGY BANK RETROSPOT,22637,4278,69,1.59
ASSTD DESIGN RACING CAR PEN,11001,4273,811,15.95
SET OF 6 SNACK LOAF BAKING CASES,23294,4264,13,0.30
SMALL WHITE HEART OF WICKER,23321,4262,39,0.91
SET 40 HEART SHAPE PETIT FOUR CASES,23297,4260,26,0.61
EMBOSSED GLASS TEALIGHT HOLDER,22460,4259,26,0.61
PHOTO FRAME CORNICE,22766,4246,51,1.19
GLITTER BUTTERFLY CLIPS,20828,4220,30,0.71
ASSORTED TUTTI FRUTTI PEN,21642,4217,266,5.93
WRAP COWBOYS,22706,4215,50,1.17
LONDON BUS COFFEE MUG,22970,4213,16,0.38
PINK BOUDOIR T-LIGHT HOLDER,85109,4203,1872,30.81
60 GOLD AND SILVER FAIRY CAKE CASES,84990,4201,24,0.57
MAGNETS PACK OF 4 SWALLOWS,22398,4186,90,2.10
CHRISTMAS METAL POSTCARD WITH BELLS,22944,4185,301,6.71
LOVE HEART POCKET WARMER,70006,4184,2,0.05
MUSICAL ZINC HEART DECORATION,22597,4181,34,0.81
HYACINTH BULB T-LIGHT CANDLES,85172,4178,152,3.51
SMALL MARSHMALLOWS PINK BOWL,84596F,4174,16,0.38
SET/3 RED GINGHAM ROSE STORAGE BOX,21430,4169,62,1.47
BAKING SET SPACEBOY DESIGN,22617,4165,243,5.51
12 COLOURED PARTY BALLOONS,22436,4157,26,0.62
SANDALWOOD FAN,15039,4146,27,0.65
JAM JAR WITH PINK LID,22962,4141,85,2.01
LETTER SHAPE PENCIL SHARPENER,16216,4135,110,2.59
GLITTER CHRISTMAS HEART,21818,4104,0,0.00
POSY CANDY BAG,20731,4100,55,1.32
SET OF 4 KNICK KNACK TINS DOILY,23240,4094,50,1.21
CHRISTMAS CRAFT WHITE FAIRY,22142,4090,18,0.44
CHICK GREY HOT WATER BOTTLE,21484,4085,51,1.23
SCENTED VELVET LOUNGE CANDLE,21287,4077,0,0.00
SKULLS PARTY BAG + STICKER SET,22332,4065,444,9.85
DOORMAT 3 SMILEY CATS,48111,4063,16,0.39
NO JUNK MAIL METAL SIGN,21179,4039,12,0.30
PAPER BUNTING COLOURED LACE,22088,4038,75,1.82
DOORMAT BLACK FLOCK,48173C,4033,6,0.15
NATURAL SLATE CHALKBOARD LARGE,22456,4016,101,2.45
RIBBON REEL SNOWY VILLAGE,22738,4012,140,3.37
MAGNETS PACK OF 4 CHILDHOOD MEMORY,22399,3996,18,0.45
FAIRY CAKE CANDLES,72756,3994,25,0.62
IVORY PAPER CUP CAKE CASES,21215,3985,42,1.04
VINTAGE BILLBOARD DRINK ME MUG,21071,3981,12,0.30
RED POLKADOT BEAKER,21394,3961,22,0.55
CHRISTMAS RETROSPOT TREE WOOD,22603,3949,13,0.33
MONSTERS STENCIL CRAFT,22562,3938,0,0.00
VANILLA INCENSE IN TIN,17091J,3931,0,0.00
JINGLE BELL HEART DECORATION,23103,3931,28,0.71
VINTAGE CARAVAN GREETING CARD,22035,3930,49,1.23
PHOTO CUBE,22174,3928,48,1.21
COFFEE MUG DOG + BALL DESIGN,22300,3923,63,1.58
PANTRY WASHING UP BRUSH,22979,3913,91,2.27
VINTAGE BILLBOARD LOVE/HATE MUG,21068,3901,89,2.23
COLOURING PENCILS BROWN TUBE,10135,3887,11,0.28
REX CASH+CARRY JUMBO SHOPPER,21034,3884,28,0.72
SKULL LUNCH BOX WITH CUTLERY,21558,3880,109,2.73
BANQUET BIRTHDAY  CARD,22026,3880,12,0.31
RED RETROSPOT SUGAR JAM BOWL,21531,3879,37,0.94
PARTY CONES CANDY ASSORTED,22128,3867,56,1.43
"FEATHER PEN,COAL BLACK",51014C,3843,230,5.65
ASSORTED FARMYARD ANIMALS IN BUCKET,85198,3824,0,0.00
RING OF ROSES BIRTHDAY CARD,22025,3817,12,0.31
ANIMAL STICKERS,16011,3812,24,0.63
GARLAND WOODEN HAPPY EASTER,22241,3806,6,0.16
CAMOUFLAGE DESIGN TEDDY,84508A,3805,10,0.26
STRAWBERRY   PICNIC BAG,21937,3801,58,1.50
RIBBON REEL LACE DESIGN,22078,3801,38,0.99
PINK DRAWER KNOB ACRYLIC EDWARDIAN,22772,3800,15,0.39
PIG KEYRING WITH LIGHT & SOUND,22299,3795,57,1.48
PACK 3 BOXES BIRD PANNETONE,22813,3790,1,0.03
36 PENCILS TUBE SKULLS,20978,3789,18,0.47
PINK VINTAGE PAISLEY PICNIC BAG,21933,3782,11,0.29
GLITTER CHRISTMAS STAR,21819,3780,0,0.00
SET OF 6 SOLDIER SKITTLES,22619,3778,10,0.26
RETROSPOT SMALL TUBE MATCHES,21584,3762,27,0.71
CHOCOLATE BOX RIBBONS,85049G,3761,45,1.18
RIBBON REEL SPOTS DESIGN,22080,3745,41,1.08
SLATE TILE NATURAL HANGING,22185,3738,4,0.11
6 GIFT TAGS VINTAGE CHRISTMAS,23353,3726,12,0.32
LIPSTICK PEN FUSCHIA,22421,3725,45,1.19
HAND WARMER RED LOVE HEART,23439,3721,0,0.00
DOORMAT UNION JACK GUNS AND ROSES,21955,3717,28,0.75
SET OF 3 WOODEN HEART DECORATIONS,23263,3717,47,1.25
NAMASTE SWAGAT INCENSE,17021,3714,78,2.06
FOUR HOOK  WHITE LOVEBIRDS,22212,3709,39,1.04
GIRAFFE WOODEN RULER,22991,3708,708,16.03
WRAP GREEN PEARS,22705,3700,25,0.67
6 ROCKET BALLOONS,22439,3699,70,1.86
FROSTED BOX 9 WHITE T-LIGHT CANDLES,72008,3699,1,0.03
RED METAL BEACH SPADE,21718,3691,52,1.39
REGENCY TEA PLATE PINK,23172,3688,102,2.69
FELTCRAFT DOLL EMILY,22274,3675,74,1.97
SMALL RED BABUSHKA NOTEBOOK,22754,3671,12,0.33
PEARL CRYSTAL PUMPKIN T-LIGHT HLDR,85062,3648,9,0.25
SET/6 TURQUOISE BUTTERFLY T-LIGHTS,72351A,3646,34,0.92
BOX OF 6 MINI VINTAGE CRACKERS,23318,3645,168,4.41
VINTAGE KITCHEN PRINT SEAFOOD,21281,3644,1536,29.65
RIBBON REEL CHRISTMAS SOCK BAUBLE,22739,3644,130,3.44
PACK OF 12 CIRCUS PARADE TISSUES,22615,3643,12,0.33
INLAID WOOD INCENSE HOLDER,17039,3641,0,0.00
CUPCAKE LACE PAPER SET 6,22938,3631,60,1.63
BLACK WINE GLASS,79164,3624,24,0.66
SET OF 3 HANGING OWLS OLLIE BEAK,23275,3613,77,2.09
RED RETROSPOT MINI CASES,20750,3608,20,0.55
MEMO BOARD COTTAGE DESIGN,22505,3605,17,0.47
GARDEN PATH NOTEBOOK,20778,3595,3,0.08
ASSORTED COLOUR SILK COIN PURSE,85221,3551,131,3.56
JINGLE BELL HEART ANTIQUE SILVER,23215,3544,120,3.28
SMALL PURPLE BABUSHKA NOTEBOOK,22755,3543,12,0.34
CHRYSANTHEMUM NOTEBOOK,20777,3525,3,0.09
BOX OF 6 MINI 50'S CRACKERS,23319,3520,116,3.19
VINTAGE UNION JACK CUSHION COVER,21622,3517,43,1.21
SCANDINAVIAN PAISLEY PICNIC BAG,21932,3517,34,0.96
VINTAGE DOILY TRAVEL SEWING KIT,23493,3516,6,0.17
DAISY NOTEBOOK,20775,3509,0,0.00
36 PENCILS TUBE WOODLAND,20977,3508,76,2.12
POPPY'S PLAYHOUSE KITCHEN,22748,3498,13,0.37
MINI CAKE STAND WITH HANGING CAKES,37446,3496,94,2.62
"SET 3 RETROSPOT TEA,COFFEE,SUGAR",21216,3487,23,0.66
SKULL AND CROSSBONES  GARLAND,21207,3480,489,12.32
SET OF SALT AND PEPPER TOADSTOOLS,22892,3477,116,3.23
JAM JAR WITH GREEN LID,22963,3476,115,3.20
VINTAGE KITCHEN PRINT FRUITS,21279,3471,1639,32.07
3D VINTAGE CHRISTMAS STICKERS,22732,3467,0,0.00
WOODLAND PARTY BAG + STICKER SET,22331,3460,28,0.80
ALARM CLOCK BAKELIKE IVORY,22730,3451,49,1.40
POLYESTER FILLER PAD 40x40cm,46000S,3451,70,1.99
WRAP CHRISTMAS SCREEN PRINT,22049,3450,25,0.72
VINTAGE CARAVAN GIFT WRAP,22052,3446,25,0.72
PARTY CONES CARNIVAL ASSORTED,22127,3445,98,2.77
BLUE PARTY BAGS,47599B,3441,206,5.65
KINGS CHOICE CIGAR BOX MATCHES,21590,3438,26,0.75
PLAYING CARDS KEEP CALM & CARRY ON,23503,3432,2,0.06
GREEN FERN NOTEBOOK,20774,3419,1,0.03
TEATIME ROUND PENCIL SHARPENER,16048,3413,0,0.00
PACK OF 12 50'S CHRISTMAS TISSUES,23378,3413,0,0.00
JUMBO BAG CHARLIE AND LOLA TOYS,21033,3411,11,0.32
FELTCRAFT PRINCESS CHARLOTTE DOLL,22749,3407,1,0.03
LOVE HEART TRINKET POT,22066,3406,11,0.32
MAGNETS PACK OF 4 VINTAGE COLLAGE,22402,3398,8,0.23
RED RETROSPOT TISSUE BOX,22094,3396,92,2.64
WATERING CAN PINK BUNNY,22432,3388,18,0.53
VINTAGE SNAKES & LADDERS,21912,3387,76,2.19
TOILET SIGN OCCUPIED OR VACANT,23182,3378,14,0.41
FIRST AID TIN,21260,3370,61,1.78
HERB MARKER BASIL,22920,3370,1527,31.18
HANGING MINI COLOURED BOTTLES,23326,3369,0,0.00
CITRONELLA CANDLE GARDEN POT,21714,3357,70,2.04
MINI JIGSAW BUNNIES,22545,3354,49,1.44
RETROSPOT GIANT TUBE MATCHES,21588,3351,25,0.74
6 GIFT TAGS 50'S CHRISTMAS,23354,3343,48,1.42
MAN FLU METAL SIGN,21903,3342,16,0.48
TOAST ITS - I LOVE YOU,21355,3339,36,1.07
BOYS VINTAGE TIN SEASIDE BUCKET,21716,3336,10,0.30
LOVE GARLAND PAINTED ZINC,22341,3332,1196,26.41
POPPY'S PLAYHOUSE BEDROOM,22745,3330,13,0.39
COSY HOUR CIGAR BOX MATCHES,21591,3325,54,1.60
VINTAGE KITCHEN PRINT VEGETABLES,21280,3316,1248,27.34
HEADS AND TAILS SPORTING FUN,22548,3315,0,0.00
SMALLFOLKART BAUBLE CHRISTMAS DEC,35957,3313,100,2.93
DOORMAT MULTICOLOUR STRIPE,48116,3310,3,0.09
CHRISTMAS TREE PAINTED ZINC,22339,3308,130,3.78
COLOURING PENCILS BROWN TUBE,10133,3307,20,0.60
LUNCH BAG PAISLEY PARK,23583,3305,10,0.30
BLUE PAISLEY NOTEBOOK,20773,3303,1,0.03
LARGE HANGING IVORY & RED WOOD BIRD,85199L,3303,27,0.81
PINK PAISLEY ROSE GIFT WRAP,22050,3300,50,1.49
FOLKART STAR CHRISTMAS DECORATIONS,35953,3300,24,0.72
S/6 WOODEN SKITTLES IN COTTON BAG,21890,3296,8,0.24
PINK BABY BUNTING,22668,3290,67,2.00
FELTCRAFT CHRISTMAS FAIRY,22940,3286,34,1.02
"BROCADE PURSE,SMALL ARCH BUTTON",17033,3279,36,1.09
3D TRADITIONAL CHRISTMAS STICKERS,22733,3276,20,0.61
SET 7 BABUSHKA NESTING BOXES,22752,3273,223,6.38
BUNDLE OF 3 ALPHABET EXERCISE BOOKS,23192,3269,3,0.09
SKULL SHOULDER BAG,21934,3258,61,1.84
WRAP PAISLEY PARK,23546,3250,0,0.00
"FEATHER PEN,LIGHT PINK",51014L,3238,204,5.93
GIRLS VINTAGE TIN SEASIDE BUCKET,21715,3229,33,1.01
HOT WATER BOTTLE BABUSHKA,22837,3229,37,1.13
RED RETROSPOT TRADITIONAL TEAPOT,21527,3226,170,5.01
BINGO SET,21888,3219,89,2.69
KIDS RAIN MAC BLUE,21788,3213,73,2.22
BOTTLE BAG RETROSPOT,22377,3212,60,1.83
HOUSE SHAPE PENCIL SHARPENER,16219,3206,48,1.48
CARD GINGHAM ROSE,22984,3206,0,0.00
MINI JIGSAW BAKE A CAKE,22543,3198,0,0.00
PAPER BUNTING VINTAGE PAISLEY,22089,3196,61,1.87
RETRO SPOT LARGE MILK JUG,21533,3195,80,2.44
CALENDAR PAPER CUT DESIGN,22904,3195,322,9.16
ABSTRACT CIRCLES NOTEBOOK,20776,3187,0,0.00
WATERING CAN BLUE ELEPHANT,22431,3179,18,0.56
BLUE SCANDINAVIAN PAISLEY WRAP,22051,3175,0,0.00
WOODEN UNION JACK BUNTING,22499,3165,7,0.22
TEATIME GEL PENS ASST,16049,3144,0,0.00
SMALL FOLDING SCISSOR(POINTED EDGE),16008,3141,0,0.00
ASSORTED FLORAL SECATEURS,47503K,3141,3,0.10
STRAWBERRY BATH SPONGE,20961,3138,50,1.57
PERIWINKLE T-LIGHT HOLDER,21413,3134,0,0.00
FLOWER FAIRY INCENSE ROSE,17109C,3124,1,0.03
SET OF 6 3D KIT CARDS FOR KIDS,85227,3120,30,0.95
ROCKING HORSE GREEN CHRISTMAS,22572,3115,3,0.10
GREEN POLKADOT BOWL,20674,3096,15,0.48
VINTAGE  2 METER FOLDING RULER,23188,3096,14,0.45
RED FLORAL FELTCRAFT SHOULDER BAG,20969,3090,145,4.48
"SPRING DEC , HANGING CHICK CREAM",22291,3090,48,1.53
DOORMAT TOPIARY,48129,3068,23,0.74
PANTRY MAGNETIC  SHOPPING LIST,23198,3063,64,2.05
REGENCY MILK JUG PINK,23175,3062,80,2.55
CHRISTMAS CRAFT TREE TOP ANGEL,22141,3060,8,0.26
PORCELAIN ROSE SMALL,21422,3056,4,0.13
ASSORTED BOTTLE TOP  MAGNETS,22915,3054,54,1.74
ROLL WRAP 50'S CHRISTMAS,23351,3054,84,2.68
SET 4 NURSERY DES ROUND BOXES,85006,3047,1480,32.69
WALL TIDY RETROSPOT,22378,3046,15,0.49
PICNIC BASKET WICKER SMALL,22502,3046,85,2.71
RED LOVE HEART SHAPE CUP,22132,3044,12,0.39
TRAVEL CARD WALLET TRANSPORT,23000,3042,39,1.27
EMPIRE TISSUE BOX,22091,3039,55,1.78
ENAMEL FLOWER JUG CREAM,22427,3039,49,1.59
FELTCRAFT PRINCESS LOLA DOLL,22750,3039,10,0.33
APPLE BATH SPONGE,20963,3038,10,0.33
WHITE CHRISTMAS STAR DECORATION,21807,3000,2,0.07
3 HOOK PHOTO SHELF ANTIQUE WHITE,22171,2999,154,4.88
WOOD STOCKING CHRISTMAS SCANDISPOT,22581,2998,2,0.07
RIBBON REEL CHRISTMAS PRESENT,22737,2998,40,1.32
CHOCOLATE CALCULATOR,21832,2995,16,0.53
EASTER CRAFT 4 CHICKS,22148,2994,40,1.32
PARTY PIZZA DISH RED RETROSPOT,22343,2982,42,1.39
PURPLE DRAWERKNOB ACRYLIC EDWARDIAN,22775,2973,70,2.30
ASSORTED COLOUR MINI CASES,20749,2972,13,0.44
PACK OF 20 SPACEBOY NAPKINS,22613,2962,10,0.34
12 MESSAGE CARDS WITH ENVELOPES,22906,2960,60,1.99
HAIRCLIPS FORTIES FABRIC ASSORTED,22319,2957,77,2.54
REGENCY SUGAR BOWL GREEN,23174,2954,88,2.89
FLUTED ANTIQUE CANDLE HOLDER,22792,2951,12,0.40
LARGE CERAMIC TOP STORAGE JAR,23165,2950,102,3.34
WHITE CHERRY LIGHTS,79323W,2948,1083,26.87
CREAM SWEETHEART MINI CHEST,85066,2948,106,3.47
JASMINE VOTIVE CANDLE,85230F,2944,0,0.00
BLUE POLKADOT BEAKER,21395,2932,20,0.68
ASSTD FRUIT+FLOWERS FRIDGE MAGNETS,84929,2928,19,0.64
ROMANTIC PINKS RIBBONS,85049C,2927,25,0.85
GENTLEMAN SHIRT REPAIR KIT,22651,2923,0,0.00
IVORY KITCHEN SCALES,22624,2916,26,0.88
CHILDRENS APRON APPLES DESIGN,22898,2916,1,0.03
SET/3 RUSSIAN DOLL STACKING TINS,85232B,2916,305,9.47
SWALLOW WOODEN CHRISTMAS DECORATION,22576,2905,6,0.21
CERAMIC PLATE STRAWBERRY DESIGN,22057,2903,82,2.75
OPEN CLOSED METAL SIGN,21770,2896,48,1.63
RED RETROSPOT CHILDRENS UMBRELLA,20682,2892,57,1.93
LARGE WHITE HEART OF WICKER,23322,2892,63,2.13
FOOD/DRINK SPONGE STICKERS,16012,2877,0,0.00
FULL ENGLISH BREAKFAST PLATE,22109,2872,76,2.58
SILVER GLITTER FLOWER VOTIVE HOLDER,85111,2872,144,4.77
CHRISTMAS HANGING TREE WITH BELL,21809,2868,0,0.00
DINOSAUR LUNCH BOX WITH CUTLERY,21561,2864,3,0.10
FAIRY CAKES NOTEBOOK A7 SIZE,84536B,2861,52,1.79
FRYING PAN UNION FLAG,22207,2858,85,2.89
SET OF 3 COLOURED  FLYING DUCKS,35004C,2851,88,2.99
CLASSIC CAFE SUGAR DISPENSER,23168,2849,54,1.86
GLASS HONEYPOT WASP CATCHER,79029,2849,27,0.94
ROLL WRAP VINTAGE CHRISTMAS,23349,2847,12,0.42
ASS FLORAL PRINT MULTI SCREWDRIVER,47503A,2846,36,1.25
MINI PLAYING CARDS BUFFALO BILL,23507,2839,0,0.00
MAGIC DRAWING SLATE LEAP FROG,22532,2836,0,0.00
BOX OF VINTAGE ALPHABET BLOCKS,22622,2833,61,2.11
SET OF THREE VINTAGE GIFT WRAPS,21491,2827,51,1.77
VINYL RECORD FRAME SILVER,82001S,2822,11,0.39
LADS ONLY TISSUE BOX,22095,2820,107,3.66
BOTANICAL ROSE GIFT WRAP,22040,2815,0,0.00
BIRTHDAY BANQUET GIFT WRAP,22048,2815,25,0.88
ROTATING LEAVES T-LIGHT HOLDER,21494,2813,4,0.14
ASSORTED ICE CREAM FRIDGE MAGNETS,85217,2811,96,3.30
TRAVEL CARD WALLET VINTAGE LEAF,22999,2809,3,0.11
METAL MERRY CHRISTMAS WREATH,22575,2807,94,3.24
PARTY CONES CANDY TREE DECORATION,22129,2806,18,0.64
6 RIBBONS ELEGANT CHRISTMAS,22075,2801,12,0.43
LUNCH BOX WITH CUTLERY FAIRY CAKES,22353,2800,20,0.71
ALARM CLOCK BAKELIKE ORANGE,22729,2797,35,1.24
ASSORTED TUTTI FRUTTI BRACELET,21650,2791,28,0.99
ASSORTED CAKES FRIDGE MAGNETS,85216,2790,49,1.73
CHARLIE + LOLA RED HOT WATER BOTTLE,84032B,2788,78,2.72
SET 12 COLOUR PENCILS SPACEBOY,23367,2778,16,0.57
SET OF 4 NEW ENGLAND PLACEMATS,84509F,2776,0,0.00
WRAP WEDDING DAY,22709,2775,25,0.89
MINI PAINTED GARDEN DECORATION,85212,2766,0,0.00
BOUDOIR SQUARE TISSUE BOX,22098,2762,79,2.78
KIDS RAIN MAC PINK,21789,2754,92,3.23
SET OF 2 TEA TOWELS APPLE AND PEARS,22895,2752,6,0.22
FELTCRAFT HAIRBAND PINK AND PURPLE,22566,2750,0,0.00
WHITE ROCKING HORSE HAND PAINTED,23210,2750,200,6.78
SET3 BOOK BOX GREEN GINGHAM FLOWER,21428,2749,42,1.50
VINTAGE CHRISTMAS BUNTING,23313,2748,13,0.47
SET/20 WOODLAND PAPER NAPKINS,21077,2745,0,0.00
FUNKY WASHING UP GLOVES ASSORTED,20751,2736,3,0.11
DO NOT TOUCH MY STUFF DOOR HANGER,21163,2734,85,3.02
FRENCH BATHROOM SIGN BLUE METAL,22672,2723,17,0.62
METAL SIGN EMPIRE TEA,22115,2709,1,0.04
SET OF 12  VINTAGE POSTCARD SET,85015,2709,0,0.00
RED HEART SHAPE LOVE BUCKET,21563,2701,19,0.70
3D CHRISTMAS STAMPS STICKERS,22731,2696,34,1.25
VINTAGE KITCHEN PRINT PUDDINGS,21278,2695,1208,30.95
DOORSTOP RETROSPOT HEART,22508,2695,26,0.96
MINI PLAYING CARDS SPACEBOY,23506,2694,0,0.00
SET 2 PANTRY DESIGN TEA TOWELS,22989,2693,24,0.88
CERAMIC CAKE DESIGN SPOTTED PLATE,37447,2693,76,2.74
SET OF 36 DOILIES PANTRY DESIGN,23306,2692,7,0.26
YELLOW BREAKFAST CUP AND SAUCER,37444A,2684,1309,32.78
RED RETROSPOT ROUND CAKE TINS,21217,2683,50,1.83
WATERING CAN GREEN DINOSAUR,22433,2676,15,0.56
PINK FAIRY CAKE COASTER,47587A,2676,1200,30.96
GAOLERS KEYS DECORATIVE GARDEN,21745,2670,19,0.71
CHILDREN'S APRON DOLLY GIRL,22899,2669,7,0.26
ANTIQUE LILY FAIRY LIGHTS,85042,2668,168,5.92
REGENCY TEAPOT ROSES,23173,2662,52,1.92
WOODLAND  STICKERS,21680,2652,30,1.12
ICE CREAM BUBBLES,23445,2647,20,0.75
CARD WEDDING DAY,22715,2646,0,0.00
CARD HOLDER GINGHAM HEART,22588,2643,195,6.87
PIZZA SLICE DISH,22347,2641,0,0.00
HANGING CHICK  YELLOW DECORATION,22292,2638,0,0.00
SET 5 MINI GATEAUX  FRIDGE MAGNETS,21702,2636,0,0.00
3 PIECE SPACEBOY COOKIE CUTTER SET,22964,2635,14,0.53
"DECORATION HEN ON NEST, HANGING",22285,2631,12,0.45
PACK OF 12 VINTAGE CHRISTMAS TISSUE,23376,2630,24,0.90
TROPICAL  HONEYCOMB PAPER GARLAND,21201,2629,13,0.49
ROUND SNACK BOXES SET OF 4 SKULLS,22327,2628,18,0.68
GIANT 50'S CHRISTMAS CRACKER,23320,2628,13,0.49
PACK 20 DOLLY PEGS,84691,2616,82,3.04
ASSORTED TUTTI FRUTTI SMALL PURSE,21648,2612,256,8.93
ILLUSTRATED CAT BOWL,22350,2592,2,0.08
WHITE CHRISTMAS HEART DECORATION,21806,2590,0,0.00
POPPY'S PLAYHOUSE LIVINGROOM,22746,2589,12,0.46
ROLL WRAP VINTAGE SPOT,23350,2584,12,0.46
ENGLISH ROSE GARDEN SECATEURS,47504K,2580,22,0.85
CARD SUKI BIRTHDAY,22817,2578,0,0.00
SANDWICH BATH SPONGE,20966,2576,1,0.04
RED RETROSPOT BUTTER DISH,21539,2575,70,2.65
SET/10 IVORY POLKADOT PARTY CANDLES,21123,2572,48,1.83
"BIRTHDAY CARD, RETRO SPOT",22819,2568,0,0.00
KINGS CHOICE GIANT TUBE MATCHES,21586,2567,37,1.42
SPACEBOY BEAKER,23346,2567,6,0.23
ASS FLORAL PRINT TORCH,47503F,2567,1,0.04
AFGHAN SLIPPER SOCK PAIR,51008,2567,349,11.97
CARD PSYCHEDELIC APPLES,22815,2566,0,0.00
FAIRY CAKES NOTEBOOK A6 SIZE,84535B,2566,95,3.57
CITRONELLA CANDLE FLOWERPOT,21713,2565,128,4.75
CHRISTMAS MUSICAL ZINC STAR,22599,2562,24,0.93
BIRDHOUSE GARDEN MARKER,22478,2537,2,0.08
SET OF 5 LUCKY CAT MAGNETS,23158,2536,60,2.31
RECIPE BOX BLUE SKETCHBOOK DESIGN,22665,2535,45,1.74
LARGE RED BABUSHKA NOTEBOOK,22757,2532,1,0.04
SET OF 6 NATIVITY MAGNETS,23157,2530,240,8.66
15CM CHRISTMAS GLASS BALL 20 LIGHTS,85048,2525,93,3.55
PORCELAIN BUDAH INCENSE HOLDER,17038,2524,0,0.00
BALLOON PUMP WITH 10 BALLOONS,22434,2521,18,0.71
GROW YOUR OWN BASIL IN ENAMEL MUG,22441,2515,10,0.40
CLASSIC CHROME BICYCLE BELL,23497,2511,12,0.48
MOODY GIRL DOOR HANGER,21158,2509,97,3.72
EMERGENCY FIRST AID TIN,22494,2502,51,2.00
6 CHOCOLATE LOVE HEART T-LIGHTS,85038,2502,0,0.00
DOORMAT HOME SWEET HOME BLUE,22690,2493,6,0.24
CHRISTMAS TREE STAR DECORATION,21803,2489,0,0.00
CHRISTMAS LIGHTS 10 REINDEER,22941,2487,74,2.89
SET/6 COLLAGE PAPER CUPS,21084,2486,24,0.96
KASHMIR FOLKART TUMBLERS,84937,2486,18,0.72
POLYESTER FILLER PAD 45x45cm,46000M,2485,21,0.84
RED DRAWER KNOB ACRYLIC EDWARDIAN,22774,2483,28,1.12
PAPER CHAIN KIT SKULLS,22085,2482,585,19.07
TRAVEL CARD WALLET UNION JACK,22997,2477,78,3.05
EASTER DECORATION HANGING BUNNY,22266,2476,7,0.28
WRAP RED VINTAGE DOILY,23545,2475,0,0.00
MINI PLAYING CARDS DOLLY GIRL,23508,2472,2,0.08
CARD CAT AND TREE,22718,2460,36,1.44
PACK OF 6 COCKTAIL PARASOL STRAWS,23121,2460,0,0.00
PACK OF 6 SWEETIE GIFT BOXES,22582,2459,76,3.00
VINTAGE CHRISTMAS CAKE FRILL,23340,2453,0,0.00
SET OF 6 T-LIGHTS SANTA,22809,2452,42,1.68
RED SPOT PAPER GIFT BAG,23374,2444,16,0.65
STORAGE TIN VINTAGE DOILY,23236,2443,33,1.33
SET OF 4 JAM JAR MAGNETS,23154,2441,61,2.44
MAGNETS PACK OF 4 HOME SWEET HOME,22400,2440,25,1.01
36 FOIL HEART CAKE CASES,22956,2438,152,5.87
SMALL STRIPES CHOCOLATE GIFT BAG,21292,2437,16,0.65
EDWARDIAN PARASOL PINK,15056P,2436,313,11.39
GREEN POLKADOT PLATE,21245,2434,4,0.16
TREASURE ISLAND BOOK BOX,23177,2428,20,0.82
KITTY PENCIL ERASERS,16236,2425,28,1.14
STRAWBRY SCENTED VOTIVE CANDLE,85230E,2421,0,0.00
DAIRY MAID STRIPE MUG,21845,2419,64,2.58
MONEY BOX KINGS CHOICE DESIGN,22406,2416,50,2.03
SET/4 BLUE FLOWER CANDLES IN BOWL,85040B,2415,65,2.62
SEWING SUSAN 21 NEEDLE SET,85176,2408,16,0.66
WOODEN ROUNDERS GARDEN SET,22607,2406,15,0.62
PANTRY ROLLING PIN,22978,2406,75,3.02
PINK FLORAL FELTCRAFT SHOULDER BAG,20970,2403,3,0.12
TOAST ITS - BEST MUM,21354,2401,0,0.00
BAG 500g SWIRLY MARBLES,21705,2401,26,1.07
DOLLY GIRL BEAKER,23345,2394,7,0.29
FAIRY DREAMS INCENSE,17084N,2391,0,0.00
MAGIC DRAWING SLATE GO TO THE FAIR,22529,2391,0,0.00
CHRISTMAS TREE HEART DECORATION,21802,2388,1,0.04
TEA TIME CAKE STAND IN GIFT BOX,37503,2384,51,2.09
DOG BOWL CHASING BALL DESIGN,22349,2383,36,1.49
12 IVORY ROSE PEG PLACE SETTINGS,21447,2377,1,0.04
GARDEN METAL SIGN,21911,2374,12,0.50
DOORMAT AIRMAIL,22366,2370,29,1.21
SPACEBOY CHILDRENS BOWL,23290,2367,10,0.42
QUEENS GUARD COFFEE MUG,22971,2365,16,0.67
RED KITCHEN SCALES,22625,2360,37,1.54
SMALL SPOTTY CHOCOLATE GIFT BAG,21291,2359,67,2.76
EASTER DECORATION SITTING BUNNY,22268,2345,53,2.21
SET OF 6 STRAWBERRY CHOPSTICKS,21949,2343,6,0.26
HEN HOUSE DECORATION,22284,2341,26,1.10
CHRISTMAS DECOUPAGE CANDLE,72818,2341,36,1.51
BLUE POLKADOT COFFEE MUG,21399,2340,112,4.57
FRENCH STYLE STORAGE JAR BONBONS,23187,2338,37,1.56
CERAMIC CAKE BOWL + HANGING CAKES,37450,2337,72,2.99
RIBBON REEL MAKING SNOWMEN,22736,2334,23,0.98
COFFEE MUG BLUE PAISLEY DESIGN,22304,2330,18,0.77
TOXIC AREA  DOOR HANGER,21162,2325,84,3.49
LOVE HOT WATER BOTTLE,23356,2325,9,0.39
CARD DOG AND BALL,22717,2322,12,0.51
SET OF 72 SKULL PAPER  DOILIES,21211,2321,12,0.51
MOTORING TISSUE BOX,22093,2315,48,2.03
FLORAL BATHROOM SET,84847,2315,1116,32.53
FANNY'S REST STOPMETAL SIGN,82599,2312,4,0.17
PACK OF SIX LED TEA LIGHTS,23109,2310,96,3.99
PICTURE FRAME WOOD TRIPLE PORTRAIT,22170,2309,90,3.75
LARGE CHINESE STYLE SCISSOR,16016,2307,0,0.00
PAINTED METAL STAR WITH HOLLY BELLS,21824,2304,24,1.03
JUNGLE POPSICLES ICE LOLLY HOLDERS,84828,2298,36,1.54
POTTING SHED TWINE,21896,2297,14,0.61
MINI PLAYING CARDS GYMKHANA,23510,2297,0,0.00
LARGE PURPLE BABUSHKA NOTEBOOK,22758,2292,18,0.78
RED CHARLIE+LOLA PERSONAL DOORSIGN,85071B,2291,2,0.09
KINGS CHOICE TEA CADDY,22358,2286,61,2.60
GLASS JAR ENGLISH CONFECTIONERY,22360,2286,187,7.56
METAL SIGN NEIGHBOURHOOD WITCH,22412,2286,2,0.09
PANTRY SCRUBBING BRUSH,22980,2286,81,3.42
SET/6 COLLAGE PAPER PLATES,21090,2285,36,1.55
KEEP OUT BOYS DOOR HANGER,21161,2285,85,3.59
BRIGHT BLUES RIBBONS,85049D,2283,0,0.00
CHARLIE+LOLA PINK HOT WATER BOTTLE,84032A,2280,37,1.60
CERAMIC CAKE STAND + HANGING CAKES,37449,2277,255,10.07
RED TEA TOWEL CLASSIC DESIGN,22480,2272,0,0.00
PAINTED METAL HEART WITH HOLLY BELL,21823,2268,24,1.05
FRENCH TOILET SIGN BLUE METAL,22674,2267,14,0.61
ALARM CLOCK BAKELIKE CHOCOLATE,22725,2266,57,2.45
ENGLISH ROSE DESIGN PEG BAG,47568,2262,22,0.96
SET 6 PAPER TABLE LANTERN HEARTS,23082,2260,28,1.22
VINTAGE RED MUG,21066,2258,12,0.53
CHRISTMAS LIGHTS 10 VINTAGE BAUBLES,22943,2258,33,1.44
SET OF 5 PANCAKE DAY MAGNETS,23159,2255,25,1.10
DRAWER KNOB CRACKLE GLAZE IVORY,23032,2250,46,2.00
ARMY CAMO WRAPPING TAPE,10123G,2246,1104,32.96
WATERING CAN GARDEN MARKER,22477,2243,1,0.04
PINK CHERRY LIGHTS,79323P,2234,693,23.68
RED POLKADOT COFFEE  MUG,21398,2233,2,0.09
BLUE TEA TOWEL CLASSIC DESIGN,22482,2233,0,0.00
PARTY TIME PENCIL ERASERS,16238,2232,0,0.00
COFFEE MUG PINK PAISLEY DESIGN,22305,2230,11,0.49
RED RETROSPOT OVEN GLOVE DOUBLE,21041,2228,13,0.58
TRAVEL CARD WALLET SUKI,22995,2228,49,2.15
BIRD DECORATION RED RETROSPOT,22321,2224,1,0.04
CHARLIE AND LOLA CHARLOTTE BAG,21100,2221,3,0.13
DOORMAT RESPECTABLE HOUSE,22365,2221,3,0.13
STRAWBERRY FAIRY CAKE TEAPOT,22649,2219,70,3.06
PARTY INVITES WOODLAND,21058,2216,12,0.54
SAVE THE PLANET COTTON TOTE BAG,21577,2210,16,0.72
RED ROCKING HORSE HAND PAINTED,23211,2206,24,1.08
ENCHANTED BIRD COATHANGER 5 HOOK,84792,2201,68,3.00
VINTAGE CHRISTMAS STOCKING,23311,2199,9,0.41
PINK LOVE HEART SHAPE CUP,22133,2198,12,0.54
BUTTON BOX,22653,2198,44,1.96
SET OF 6 GIRLS CELEBRATION CANDLES,21126,2197,14,0.63
DINOSAUR PARTY BAG + STICKER SET,22334,2196,19,0.86
CHILDS GARDEN TROWEL PINK,22521,2196,2,0.09
SET OF 6 HALLOWEEN GHOST T-LIGHTS,72586,2196,36,1.61
BOX OF VINTAGE JIGSAW BLOCKS,22623,2195,79,3.47
FELTCRAFT PRINCESS OLIVIA DOLL,22751,2195,6,0.27
SET OF 10 LED DOLLY LIGHTS,23108,2192,64,2.84
CHILDS GARDEN TROWEL BLUE,22520,2185,2,0.09
CHILDS GARDEN FORK BLUE,22522,2185,15,0.68
SALLE DE BAIN HOOK,21272,2179,13,0.59
T-LIGHT HOLDER HANGING LACE,22217,2176,56,2.51
SMALL YELLOW BABUSHKA NOTEBOOK,22753,2176,12,0.55
BUDDHA INCENSE HOLDER ASSORTED,35160,2176,0,0.00
RED RETROSPOT TEA CUP AND SAUCER,22072,2175,49,2.20
HEART WREATH DECORATION WITH BELL,23212,2175,60,2.68
ANTIQUE GLASS DRESSING TABLE POT,22798,2172,52,2.34
VICTORIAN SEWING BOX SMALL,21259,2171,23,1.05
SET OF 4 ENGLISH ROSE COASTERS,84510A,2166,21,0.96
ANGEL DECORATION PAINTED ZINC,22337,2165,0,0.00
RED BABY BUNTING,22669,2165,55,2.48
CERAMIC BOWL WITH STRAWBERRY DESIGN,22063,2161,16,0.73
BUNDLE OF 3 RETRO NOTE BOOKS,23191,2159,3,0.14
PACK OF 12 VINTAGE DOILY TISSUES,23380,2159,36,1.64
CREAM SLICE FLANNEL PINK SPOT,21107,2157,0,0.00
RED WHITE SCARF  HOT WATER BOTTLE,21488,2157,0,0.00
PACK OF 6 LARGE FRUIT STRAWS,23119,2155,36,1.64
IVORY WICKER HEART SMALL,23334,2154,0,0.00
IVORY HANGING DECORATION  BIRD,21389,2153,30,1.37
SET 12 COLOUR PENCILS DOLLY GIRL,23368,2152,6,0.28
WHITE BAMBOO RIBS LAMPSHADE,40001,2152,45,2.05
BLUE EGG  SPOON,21403,2151,0,0.00
WRAP MONSTER FUN,22707,2150,0,0.00
HANGING WOOD AND FELT FLOWER,85204,2150,1,0.05
ENAMEL MEASURING JUG CREAM,22429,2149,40,1.83
CREAM FELT EASTER EGG BASKET,85206A,2148,10,0.46
FRENCH KITCHEN SIGN BLUE METAL,22675,2146,28,1.29
POP ART PUSH DOWN RUBBER,16043,2142,984,31.48
GREEN SPOTTY CUP,21241,2140,1,0.05
VANILLA SCENT CANDLE JEWELLED BOX,72802C,2140,506,19.12
GLASS BON BON JAR,23089,2135,15,0.70
HEART CALCULATOR,20985,2131,44,2.02
ETCHED GLASS COASTER,21294,2130,0,0.00
GREEN DRAWER KNOB ACRYLIC EDWARDIAN,22773,2130,12,0.56
VINTAGE GLASS T-LIGHT HOLDER,23090,2129,9,0.42
TEA TIME KITCHEN APRON,47567B,2128,13,0.61
CARD PARTY GAMES,22814,2126,0,0.00
WHITE CHRISTMAS TREE DECORATION,21805,2124,0,0.00
BASKET OF TOADSTOOLS,21439,2123,408,16.12
CHILDS GARDEN FORK PINK,22523,2122,15,0.70
PORCELAIN T-LIGHT HOLDERS ASSORTED,20956,2120,30,1.40
MINIATURE ANTIQUE ROSE HOOK IVORY,23148,2113,13,0.61
CHRISTMAS CARD SCREEN PRINT,22043,2112,12,0.56
WHITE LOVEBIRD LANTERN,22224,2105,22,1.03
TRAVEL CARD WALLET RETROSPOT,22994,2104,30,1.41
6 RIBBONS EMPIRE,22076,2100,0,0.00
S/4 VALENTINE DECOUPAGE HEART BOX,85184C,2098,0,0.00
BEADED LOVE HEART JEWELLERY SET,90167,2098,300,12.51
CINNAMON SCENTED VOTIVE CANDLE,85230B,2095,0,0.00
FAMILY ALBUM WHITE PICTURE FRAME,22169,2094,91,4.16
KNICKERBOCKERGLORY MAGNET ASSORTED,23155,2094,169,7.47
LUSH GREENS RIBBONS,85049B,2092,0,0.00
PARTY CHARMS 50 PIECES,23122,2091,3,0.14
SILVER BELLS TABLE DECORATION,23100,2090,1,0.05
ABC TREASURE BOOK BOX,23176,2088,45,2.11
LARGE CAKE STAND  HANGING STRAWBERY,22061,2086,114,5.18
WOOD STAMP SET THANK YOU,22208,2082,25,1.19
SPACEBOY CHILDRENS CUP,23292,2081,21,1.00
RETROSPOT PADDED SEAT CUSHION,22354,2080,3,0.14
TOOTHPASTE TUBE PEN,22422,2080,24,1.14
SET OF 6 T-LIGHTS SNOWMEN,22810,2079,64,2.99
"SWISS ROLL TOWEL, PINK  SPOTS",21112,2077,198,8.70
BABY BOOM RIBBONS,85049F,2074,25,1.19
LAVENDER INCENSE IN TIN,17091A,2073,0,0.00
DRAWER KNOB CERAMIC IVORY,23035,2071,9,0.43
75 GREEN FAIRY CAKE CASES,84989A,2066,4,0.19
VINTAGE PAISLEY STATIONERY SET,21992,2064,6,0.29
JACOBS LADDER SMALL,35015,2064,0,0.00
SET 6 SCHOOL MILK BOTTLES IN CRATE,23328,2063,8,0.39
WRAP DAISY CARPET,16169M,2060,0,0.00
MOODY BOY  DOOR HANGER,21159,2060,77,3.60
WHITE SAGE INCENSE,21167,2058,50,2.37
STRAWBERRY HONEYCOMB  GARLAND,21206,2058,11,0.53
PICNIC BASKET WICKER LARGE,22501,2055,131,5.99
ZINC T-LIGHT HOLDER STAR LARGE,23145,2054,11,0.53
COSY HOUR GIANT TUBE MATCHES,21587,2053,6,0.29
TRAVEL CARD WALLET SKULLS,23002,2052,128,5.87
FLORAL FOLK STATIONERY SET,21993,2051,12,0.58
WRAP FOLK ART,16169K,2050,0,0.00
BISCUIT TIN 50'S CHRISTMAS,23247,2048,46,2.20
SET 6 FOOTBALL CELEBRATION CANDLES,21125,2045,15,0.73
DELUXE SEWING KIT,22654,2045,52,2.48
SCANDINAVIAN 3 HEARTS NAPKIN RING,85078,2044,1,0.05
STARS GIFT TAPE,21883,2038,1,0.05
HEART T-LIGHT HOLDER,85118,2027,207,9.27
WRAP BLUE RUSSIAN FOLKART,16169N,2025,0,0.00
SWALLOW SQUARE TISSUE BOX,22097,2021,19,0.93
CARAVAN SQUARE TISSUE BOX,22099,2019,24,1.17
TRADITIONAL NAUGHTS & CROSSES,23571,2018,0,0.00
ENGLISH ROSE HOT WATER BOTTLE,84030E,2018,13,0.64
CHILDRENS CUTLERY SPACEBOY,23256,2016,88,4.18
BLUE  SPOTTY EGG CUP,21397,2012,12,0.59
IVORY WICKER HEART MEDIUM,23333,2009,12,0.59
GLASS  BEURRE DISH,21658,2007,89,4.25
MINI CAKE STAND T-LIGHT HOLDER,22893,2006,21,1.04
TREASURE TIN GYMKHANA DESIGN,23241,2005,7,0.35
ANTIQUE GLASS HEART DECORATION,21143,2003,19,0.94
HANGING FAIRY CAKE DECORATION,35924,2003,205,9.28
ASSORTED TUTTI FRUTTI  FOB NOTEBOOK,21640,2002,0,0.00
BLUE BREAKFAST CUP AND SAUCER,37444B,1996,984,33.02
FELTCRAFT HAIRBAND RED AND BLUE,22587,1995,0,0.00
FOLDING BUTTERFLY MIRROR HOT PINK,23280,1994,2,0.10
S/5 MINI ICE CREAM FRIDGE MAGNETS,85218,1992,3,0.15
OPIUM SCENTED VOTIVE CANDLE,85230A,1992,0,0.00
SET OF 6 CAKE CHOPSTICKS,21948,1990,0,0.00
ASSORTED COLOUR SILK GLASSES CASE,85224,1987,0,0.00
SMALL SKULL WINDMILL,21747,1983,126,5.97
RED RETROSPOT TAPE,21880,1982,24,1.20
GREEN CHRISTMAS TREE CARD HOLDER,22187,1982,49,2.41
FRENCH STYLE STORAGE JAR CAFE,23186,1982,12,0.60
MINI LADLE LOVE HEART RED,22134,1981,12,0.60
IVORY WICKER HEART LARGE,23332,1979,2,0.10
FELTCRAFT HAIRBAND PINK AND BLUE,22586,1975,48,2.37
SMALL FOLKART STAR CHRISTMAS DEC,35954,1975,0,0.00
HEARTS  STICKERS,21677,1973,36,1.79
RAIN PONCHO,21785,1972,0,0.00
METAL DECORATION NAUGHTY CHILDREN,22948,1971,6,0.30
36 DOILIES DOLLY GIRL,22949,1971,18,0.90
MINI FUNKY DESIGN TAPES,10125,1970,0,0.00
PEG BAG APPLES DESIGN,22896,1970,18,0.91
FRIDGE MAGNETS US DINER ASSORTED,22922,1968,162,7.61
SMALL CHOCOLATES PINK BOWL,84596G,1967,0,0.00
SET OF 3 WOODEN STOCKING DECORATION,23266,1964,12,0.61
S/15 SILVER GLASS BAUBLES IN BAG,84754,1958,146,6.94
SET/4 SKULL BADGES,21224,1956,16,0.81
SET OF 3 BIRD LIGHT PINK FEATHER,35471D,1950,2,0.10
JIGSAW TREE WITH BIRDHOUSE,22231,1948,104,5.07
GINGHAM HEART  DOORSTOP RED,21411,1943,8,0.41
IF YOU CAN'T STAND THE HEAT MUG,21873,1943,91,4.47
SET OF 36 DOILIES SPACEBOY DESIGN,22416,1943,6,0.31
SILVER STARS TABLE DECORATION,23101,1942,0,0.00
OFFICE MUG WARMER BLACK+SILVER,22311,1937,10,0.51
DOORMAT WELCOME TO OUR HOME,22692,1935,143,6.88
IVORY DINER WALL CLOCK,22191,1933,350,15.33
200 RED + WHITE BENDY STRAWS,22315,1930,5,0.26
RED RETROSPOT STORAGE JAR,22073,1929,44,2.23
VINTAGE CHRISTMAS GIFT BAG LARGE,23436,1929,15,0.77
CHERRY BLOSSOM LUGGAGE TAG,20653,1927,0,0.00
SET OF 4 NAPKIN CHARMS CUTLERY,22604,1924,24,1.23
HEART SHAPED MIRROR,84975,1923,9,0.47
HOLIDAY FUN LUDO,22550,1921,88,4.38
SET 12 COLOURING PENCILS DOILY,23366,1919,0,0.00
CHARLIE AND LOLA FIGURES TINS,85132C,1919,12,0.62
SET/6 PURPLE BUTTERFLY T-LIGHTS,72349B,1914,12,0.62
PINK/BROWN DOTS RUFFLED UMBRELLA,85014D,1912,0,0.00
CHRISTMAS CARD STACK OF PRESENTS,22044,1909,13,0.68
50'S CHRISTMAS GIFT BAG LARGE,23437,1909,2,0.10
VINTAGE BILLBOARD MUG,21070,1908,30,1.55
WOODLAND DESIGN  COTTON TOTE BAG,21578,1908,10,0.52
ETCHED GLASS DROPLET DECORATION,21007,1905,0,0.00
HANGING CHICK GREEN DECORATION,22293,1905,24,1.24
S/4 PINK FLOWER CANDLES IN BOWL,85040A,1905,43,2.21
RED STAR CARD HOLDER,22186,1904,70,3.55
HERB MARKER ROSEMARY,22917,1902,12,0.63
PINK  HEART SHAPE LOVE BUCKET,21564,1897,9,0.47
FELTCRAFT HAIRBANDS PINK AND WHITE,22565,1897,1,0.05
GLASS JAR DIGESTIVE BISCUITS,22364,1893,110,5.49
OVEN MITT APPLES DESIGN,22897,1886,42,2.18
SET OF 72 IVORY PAPER DOILIES,21214,1884,1,0.05
LOVE HEART SOCK HANGER,22136,1882,3,0.16
LAVENDER SCENT CAKE CANDLE,72225C,1877,48,2.49
KINGS CHOICE BISCUIT TIN,22357,1873,48,2.50
POPPY'S PLAYHOUSE BATHROOM,22747,1870,0,0.00
CINAMMON SET OF 9 T-LIGHTS,85231B,1868,11,0.59
PACK OF 12 STICKY BUNNIES,21383,1866,38,2.00
BIRD HOUSE HOT WATER BOTTLE,22110,1866,4,0.21
MINI JIGSAW DINOSAUR,22547,1864,2,0.11
HERB MARKER THYME,22916,1861,12,0.64
CHRISTMAS TREE DECORATION WITH BELL,21801,1860,36,1.90
SET 6 PAPER TABLE LANTERN STARS,23083,1859,63,3.28
ENVELOPE 50 BLOSSOM IMAGES,85017B,1859,12,0.64
TRAVEL CARD WALLET PANTRY,23004,1853,184,9.03
WRAP ALPHABET POSTER,23550,1850,0,0.00
BLUE DRAWER KNOB ACRYLIC EDWARDIAN,22805,1848,13,0.70
BUFFALO BILL TREASURE BOOK BOX,23193,1847,20,1.07
WHITE BELL HONEYCOMB PAPER,21192,1845,48,2.54
FRENCH ENAMEL CANDLEHOLDER,85053,1845,41,2.17
SINGLE ANTIQUE ROSE HOOK IVORY,23147,1843,15,0.81
SET OF 3 WOODEN SLEIGH DECORATIONS,23264,1842,1,0.05
BLUE CHARLIE+LOLA PERSONAL DOORSIGN,85071A,1839,152,7.63
TRADITIONAL PICK UP STICKS GAME,23570,1836,0,0.00
ROSE FOLKART HEART DECORATIONS,35971,1836,17,0.92
RED DINER WALL CLOCK,22193,1835,39,2.08
SET/3 VANILLA SCENTED CANDLE IN BOX,72807C,1835,146,7.37
DAISY GARDEN MARKER,22479,1832,0,0.00
SCOTTIE DOGS BABY BIB,47593B,1831,0,0.00
MAGNETS PACK OF 4 RETRO PHOTO,22396,1830,6,0.33
RED VICTORIAN FABRIC OVAL BOX,35095B,1824,0,0.00
"DECORATION , WOBBLY RABBIT , METAL",22286,1819,0,0.00
FAIRY SOAP SOAP HOLDER,84849B,1819,13,0.71
LIPSTICK PEN BABY PINK,22420,1818,1,0.05
SET/4 PINK ORCHID CANDLES IN BOWL,85041,1818,14,0.76
HERB MARKER PARSLEY,22918,1816,12,0.66
HOME SWEET HOME HANGING HEART,23399,1815,0,0.00
CARDHOLDER HOLLY WREATH METAL,22592,1814,2,0.11
RED GINGHAM TEDDY BEAR,22483,1812,17,0.93
BLACK CHAMPAGNE GLASS,79163,1811,10,0.55
BATHROOM METAL SIGN,21171,1810,0,0.00
ROSES IN WHITE HEART CANDLE,72484,1805,0,0.00
VINTAGE DONKEY TAIL GAME,23229,1804,11,0.61
FELT FARM ANIMAL WHITE BUNNY,22264,1803,0,0.00
TOYBOX  WRAP,21503,1801,1,0.06
DIAMANTE RING ASSORTED IN BOX.,90057,1800,0,0.00
CHILDREN'S SPACEBOY MUG,22972,1794,34,1.86
GOLD WASHBAG,21336,1788,865,32.60
SET 10 LIGHTS NIGHT OWL,22179,1788,35,1.92
MODERN FLORAL STATIONERY SET,21990,1786,12,0.67
ADVENT CALENDAR GINGHAM SACK,22580,1785,63,3.41
DINOSAURS WATER TRANSFER TATTOOS,21541,1782,4,0.22
3 RAFFIA RIBBONS 50'S CHRISTMAS,23434,1782,10,0.56
RED SPOT GIFT BAG LARGE,23438,1782,0,0.00
EASTER DECORATION NATURAL CHICK,22265,1781,0,0.00
MAGIC SHEEP WOOL GROWING FROM PAPER,84012,1781,120,6.31
WASH BAG VINTAGE ROSE PAISLEY,22276,1780,15,0.84
3 TRADITIONAl BISCUIT CUTTERS  SET,22965,1777,26,1.44
VINTAGE BEAD COSMETIC BAG,35649,1776,0,0.00
SET OF 4 KNICK KNACK TINS LONDON,23238,1775,16,0.89
GLITTER SNOW PEAR TREE DECORATION,21011,1774,3,0.17
RED VINTAGE SPOT BEAKER,23287,1774,51,2.79
KEY RING BASEBALL BOOT UNION JACK,23501,1770,0,0.00
PORCELAIN ROSE LARGE,21421,1767,6,0.34
CHOC TRUFFLE GOLD TRINKET POT,22067,1765,20,1.12
BASKET OF FLOWERS SEWING KIT,85177,1765,1,0.06
PACK OF 6 HANDBAG GIFT BOXES,22583,1764,94,5.06
TOADSTOOL MONEY BOX,21452,1763,43,2.38
VINTAGE LEAF MAGNETIC NOTEPAD,23196,1756,13,0.73
FELT EGG COSY WHITE RABBIT,22261,1753,4,0.23
IVORY ENCHANTED FOREST PLACEMAT,85114B,1753,2,0.11
DECORATIVE WICKER HEART MEDIUM,23330,1751,6,0.34
WRAP GREEN RUSSIAN FOLKART,16169P,1750,25,1.41
PINK OWL SOFT TOY,22175,1750,8,0.46
GYMKHANA TREASURE BOOK BOX,23194,1750,37,2.07
WOODLAND WATER TRANSFER TATTOOS,21542,1748,28,1.58
SET 3 PAPER VINTAGE CHICK PAPER EGG,22957,1746,26,1.47
SMALL RED RETROSPOT MUG IN BOX,22070,1743,339,16.28
6 RIBBONS SHIMMERING PINKS,22074,1741,12,0.68
CHILDRENS GARDEN GLOVES PINK,22525,1741,14,0.80
WATERMELON BATH SPONGE,20960,1739,0,0.00
MIRROR MOSAIC T-LIGHT HOLDER,22102,1738,721,29.32
CHILDRENS GARDEN GLOVES BLUE,22524,1735,14,0.80
FELT EGG COSY CHICKEN,22262,1734,17,0.97
IVORY HANGING DECORATION  BUTTERFLY,21384,1733,0,0.00
ASSTD DESIGN 3D PAPER STICKERS,84826,1731,120,6.48
WOODEN OWLS LIGHT GARLAND,22779,1730,26,1.48
BICYCLE PUNCTURE REPAIR KIT,23552,1730,0,0.00
METAL SIGN HER DINNER IS SERVED,22117,1724,1,0.06
ASSORTED MINI MADRAS NOTEBOOK,21634,1718,121,6.58
MINI LIGHTS WOODLAND MUSHROOMS,23480,1717,20,1.15
REGENCY SUGAR TONGS,23163,1714,55,3.11
HANGING SPRING FLOWER EGG LARGE,85194L,1713,33,1.89
BOX OF 6 CHRISTMAS CAKE DECORATIONS,23382,1712,17,0.98
VINTAGE UNION JACK DOORSTOP,21624,1710,25,1.44
WOODEN CROQUET GARDEN SET,22605,1710,13,0.75
HANGING CLEAR MINI BOTTLE,23327,1710,8,0.47
HERB MARKER MINT,22919,1709,12,0.70
CLASSIC METAL BIRDCAGE PLANT HOLDER,21340,1702,58,3.30
DECORATIVE WICKER HEART LARGE,23329,1701,3,0.18
CHARLIE & LOLA WASTEPAPER BIN FLORA,85183B,1696,35,2.02
TRAVEL CARD WALLET FLOWER MEADOW,23006,1693,78,4.40
TROPICAL LUGGAGE TAG,20657,1692,0,0.00
"TUMBLER, NEW ENGLAND",79030G,1692,0,0.00
EIGHT PIECE DINOSAUR SET,21826,1691,53,3.04
DANISH ROSE PHOTO FRAME,84818,1691,107,5.95
SMALL PINK MAGIC CHRISTMAS TREE,84341B,1690,0,0.00
CERAMIC PIRATE CHEST MONEY BANK,22650,1689,37,2.14
HERB MARKER CHIVES,22921,1688,12,0.71
WOOLLY HAT SOCK GLOVE ADVENT STRING,35832,1687,3,0.18
BOX OF 9 PEBBLE CANDLES,20886,1686,6,0.35
HANGING SPRING FLOWER EGG SMALL,85194S,1680,29,1.70
ORANGE VOTIVE CANDLE,85230G,1680,48,2.78
FRENCH BLUE METAL DOOR SIGN 1,22676,1679,11,0.65
RIDGED GLASS T-LIGHT HOLDER,21666,1678,3,0.18
BUNDLE OF 3 SCHOOL EXERCISE BOOKS,23190,1678,2,0.12
GLITTER CHRISTMAS TREE,21817,1671,0,0.00
ANGEL DECORATION WITH LACE PADDED,22157,1671,96,5.43
WHITE WIRE EGG HOLDER,84880,1668,13,0.77
SET OF 12 MINI BUNNIES IN A BUCKET,85197,1667,0,0.00
SET OF 3 WOODEN TREE DECORATIONS,23265,1665,15,0.89
BLUE VICTORIAN FABRIC OVAL BOX,35095A,1665,0,0.00
SWISS CHALET TREE DECORATION,21014,1662,1,0.06
FRYING PAN RED RETROSPOT,22199,1661,282,14.51
PLAYING CARDS JUBILEE UNION JACK,23504,1661,0,0.00
STRAWBERRY CANDY BAG,20730,1659,11,0.66
UNION JACK FLAG LUGGAGE TAG,21866,1659,24,1.43
WHITE/BLUE PULL BACK RACING CAR,85226A,1658,45,2.64
CHILDRENS CUTLERY DOLLY GIRL,23254,1657,20,1.19
SMALL MEDINA STAMPED METAL BOWL,21684,1656,13,0.78
MAGIC TREE -PAPER FLOWERS,84006,1655,5,0.30
ANT WHITE WIRE HEART SPIRAL,84884A,1654,1,0.06
PINK PAISLEY SQUARE TISSUE BOX,22096,1646,18,1.08
VINTAGE RED ENAMEL TRIM MUG,23251,1645,58,3.41
PHARMACIE FIRST AID TIN,21906,1642,39,2.32
PINK/WHITE CHRISTMAS TREE 60CM,35598D,1642,1,0.06
MONEY BOX BISCUITS DESIGN,22409,1638,14,0.85
BALLOONS  WRITING SET,21328,1632,0,0.00
BISCUIT TIN VINTAGE CHRISTMAS,23234,1632,16,0.97
VINTAGE CREAM 3 BASKET CAKE STAND,72760B,1632,20,1.21
SET OF 5 MINI GROCERY MAGNETS,23156,1631,24,1.45
BABUSHKA LIGHTS STRING OF 10,22468,1630,58,3.44
CHILDS BREAKFAST SET SPACEBOY,22634,1627,93,5.41
URBAN BLACK RIBBONS,85049H,1627,0,0.00
CHRISTMAS CARD SINGING ANGEL,22042,1625,24,1.46
BLUE PAPER PARASOL,15044B,1624,1,0.06
CHRISTMAS TABLE SILVER CANDLE SPIKE,23271,1619,0,0.00
DINOSAUR BIRTHDAY CARD,22036,1618,65,3.86
FRENCH LAUNDRY SIGN BLUE METAL,22671,1618,4,0.25
LIGHT GARLAND BUTTERFILES PINK,22780,1617,25,1.52
PACK OF 6 SMALL FRUIT STRAWS,23120,1617,72,4.26
DINOSAURS  WRITING SET,21329,1615,20,1.22
SCALLOP SHELL SOAP DISH,21414,1614,1,0.06
SET OF 36 MUSHROOM PAPER DOILIES,21973,1614,13,0.80
PACK OF 12 PAISLEY PARK TISSUES,23551,1614,0,0.00
TOTE BAG I LOVE LONDON,22902,1610,24,1.47
HOME GARLAND PAINTED ZINC,22342,1608,70,4.17
REGENCY CAKE FORK,23161,1608,12,0.74
SET OF 12 ROSE BOTANICAL T-LIGHTS,21614,1607,131,7.54
BIRDHOUSE DECORATION MAGIC GARDEN,22251,1605,19,1.17
MAGNETS PACK OF 4 VINTAGE LABELS,22403,1601,6,0.37
MIRROR MOSAIC T-LIGHT HOLDER ROUND,22103,1598,483,23.21
CHILDS BREAKFAST SET DOLLY GIRL,22635,1598,123,7.15
SET OF 4 NAPKIN CHARMS HEARTS,22639,1598,6,0.37
MONEY BOX POCKET MONEY DESIGN,22405,1597,13,0.81
PINK BREAKFAST CUP AND SAUCER,37444C,1596,768,32.49
STAR WREATH DECORATION WITH BELL,23213,1594,12,0.75
ROLL WRAP 50'S RED CHRISTMAS,23352,1593,0,0.00
FILIGREE HEART BUTTERFLY WHITE,23227,1592,6,0.38
RED  EGG  SPOON,21402,1589,1,0.06
CLASSIC BICYCLE CLIPS,23498,1587,0,0.00
GREEN MINI TAPE MEASURE,20738,1585,0,0.00
ASS COL SMALL SAND GECKO P'WEIGHT,17164B,1584,2,0.13
KEY RING BASEBALL BOOT ASSORTED,23500,1580,0,0.00
FUNKY MONKEY GIFT BAG MEDIUM,16168M,1578,0,0.00
SILVER MUG BONE CHINA TREE OF LIFE,22306,1578,17,1.07
RED FLOCK LOVE HEART PHOTO FRAME,20832,1576,8,0.51
WRAP FLOWER SHOP,23547,1575,0,0.00
BLACK AND WHITE CAT BOWL,22702,1573,2,0.13
MEDIUM CHINESE STYLE SCISSOR,16015,1572,0,0.00
BUTTERFLIES STICKERS,21675,1571,12,0.76
RETRO PLASTIC ELEPHANT TRAY,79191C,1566,289,15.58
CHILDS BREAKFAST SET CIRCUS PARADE,22636,1565,45,2.80
VINTAGE CHRISTMAS PAPER GIFT BAG,23373,1563,0,0.00
CHRISTMAS MUSICAL ZINC TREE,22598,1562,6,0.38
SWEETHEART CAKESTAND 3 TIER,22776,1560,134,7.91
WOODLAND  HEIGHT CHART STICKERS,21249,1559,16,1.02
HANGING PHOTO CLIP ROPE LADDER,47480,1556,15,0.95
DOLLY GIRL CHILDRENS BOWL,23289,1553,12,0.77
BOTANICAL ROSE GREETING CARD,22033,1552,0,0.00
PARTY INVITES DINOSAURS,21059,1550,24,1.52
CHILDRENS DOLLY GIRL MUG,22974,1550,20,1.27
DOLLY GIRL CHILDRENS CUP,23291,1548,10,0.64
LUNCH BAG RED VINTAGE DOILY,23681,1547,0,0.00
GOLD MINI TAPE MEASURE,20733,1546,300,16.25
RED PAPER PARASOL,15044D,1544,9,0.58
BATH BUILDING BLOCK WORD,21756,1543,6,0.39
ASSORTED TUTTI FRUTTI KEYRING BALL,21641,1541,0,0.00
KITTENS DESIGN FLANNEL,21944,1538,0,0.00
SMALL ZINC HEART WALL ORGANISER,23135,1538,0,0.00
CREAM SWEETHEART LETTER RACK,85064,1538,4,0.26
EASTER BUNNIES ON A STICK,85196,1536,0,0.00
GLASS JAR DAISY FRESH COTTON WOOL,22361,1535,81,5.01
ASSTD MULTICOLOUR CIRCLES MUG,37327,1535,4,0.26
WHITE TALL PORCELAIN T-LIGHT HOLDER,18097C,1534,292,15.99
ROBIN CHRISTMAS CARD,22034,1533,24,1.54
TEA TIME DES TEA COSY,47580,1533,21,1.35
SET 12 COLOUR PENCILS LOVE LONDON,23365,1529,0,0.00
AIRLINE BAG VINTAGE TOKYO 78,22371,1522,17,1.10
MORE BUTTER METAL SIGN,21905,1520,2,0.13
WHITE WOOD GARDEN PLANT LADDER,22487,1519,70,4.41
STRAWBERRIES  DESIGN FLANNEL,21945,1518,0,0.00
HOT BATHS SOAP HOLDER,84849D,1518,24,1.56
PICNIC BOXES SET OF 3 RETROSPOT,22628,1515,27,1.75
POSY SHOPPER BAG,20714,1513,0,0.00
SKULLS WRITING SET,21327,1512,0,0.00
SMALL WHITE RETROSPOT MUG IN BOX,22071,1504,309,17.04
FAIRY CAKE BIRTHDAY CANDLE SET,37495,1500,142,8.65
SET 36 COLOUR PENCILS SPACEBOY,23371,1498,0,0.00
CHARLIE & LOLA WASTEPAPER BIN BLUE,85183A,1497,9,0.60
HELLO SAILOR BATHROOM SET,84842,1495,720,32.51
DECORATIVE WICKER HEART SMALL,23331,1492,0,0.00
FRIDGE MAGNETS LES ENFANTS ASSORTED,22923,1491,176,10.56
IVORY KNITTED MUG COSY,22310,1489,13,0.87
SET 12 LAVENDER  BOTANICAL T-LIGHTS,21609,1487,0,0.00
CAST IRON HOOK GARDEN FORK,22458,1487,0,0.00
SNOWSTORM PHOTO FRAME FRIDGE MAGNET,22181,1485,42,2.75
UNION JACK FLAG PASSPORT COVER,21864,1483,20,1.33
RETROSPOT CANDLE  SMALL,21284,1481,48,3.14
DAISIES  HONEYCOMB GARLAND,21204,1478,49,3.21
OCEAN SCENT CANDLE IN JEWELLED BOX,72802B,1478,404,21.47
SWEETHEART KEY CABINET,84839,1478,12,0.81
BUNNY WOODEN PAINTED WITH BIRD,22228,1477,23,1.53
MINT KITCHEN SCALES,22627,1476,16,1.07
LANTERN CREAM GAZEBO,22784,1474,52,3.41
PACK OF 12 VINTAGE LEAF TISSUES,23381,1474,0,0.00
PINK FELT EASTER EGG BASKET,85206B,1474,2,0.14
KNEELING MAT HOUSEWORK  DESIGN,23302,1473,36,2.39
POLKADOT COFFEE CUP & SAUCER PINK,37342,1471,56,3.67
ANTIQUE ALL GLASS CANDLESTICK,21012,1470,5,0.34
ZINC FINISH 15CM PLANTER POTS,84763,1467,0,0.00
SWEETHEART RECIPE BOOK STAND,22795,1465,23,1.55
WOOD STAMP SET BEST WISHES,22210,1461,15,1.02
FIVE HEART HANGING DECORATION,22318,1461,20,1.35
REINDEER HEART DECORATION SILVER,23221,1461,58,3.82
12 PINK ROSE PEG PLACE SETTINGS,21445,1458,12,0.82
EASTER DECORATION EGG BUNNY,22267,1457,3,0.21
RIBBON REEL FLORA + FAUNA,22081,1455,41,2.74
CORONA MEXICAN TRAY,79067,1454,18,1.22
CANDY HEART HANGING DECORATION,35923,1453,4,0.27
CLASSIC GLASS COOKIE JAR,23169,1451,93,6.02
"WRAP, FRIENDSHIP ON GREEN",16156N,1450,0,0.00
SET OF 6 VINTAGE NOTELETS KIT,85016,1450,7,0.48
BUTTERFLIES  HONEYCOMB GARLAND,21203,1445,49,3.28
ASSORTED COLOUR LIZARD SUCTION HOOK,47421,1437,0,0.00
FRENCH BLUE METAL DOOR SIGN 2,22677,1435,11,0.76
SET OF 2 CERAMIC CHRISTMAS REINDEER,23268,1434,12,0.83
DARK BIRD HOUSE TREE DECORATION,21015,1431,4,0.28
TREASURE TIN BUFFALO BILL,23242,1430,27,1.85
NATURAL HANGING QUILTED HEARTS,23431,1427,16,1.11
WHITE WICKER STAR,23323,1422,3,0.21
RATTLE SNAKE EGGS,16225,1420,0,0.00
LIGHT PINK CHERRY LIGHTS,79323LP,1420,458,24.39
VINTAGE UNION JACK PENNANT,21626,1415,60,4.07
GREEN GINGHAM FLOWER JEWELLERY BOX,21431,1412,2,0.14
NOEL WOODEN BLOCK LETTERS,22121,1411,8,0.56
SEASIDE FLYING DISC,22559,1410,4,0.28
MINI JIGSAW GO TO THE FAIR,22538,1409,0,0.00
EASTER TIN BUCKET,21717,1405,1,0.07
36 FOIL STAR CAKE CASES,22955,1404,0,0.00
ORANGE SCENTED SET/9 T-LIGHTS,85231G,1404,22,1.54
RED SPOTTY APRON,21042,1401,18,1.27
EGG CUP NATURAL CHICKEN,22269,1400,25,1.75
FILIGREE HEART BIRD WHITE,23228,1397,144,9.34
ASSORTED COLOUR SILK COSMETIC PURSE,85222,1394,2,0.14
PARTY FOOD SHOPPER BAG,20716,1392,11,0.78
REGENCY TEA SPOON,23160,1392,6,0.43
MAKE YOUR OWN MONSOON CARD KIT,22744,1391,62,4.27
WOOD FAN WITH FLOWER DESIGN,85060,1391,38,2.66
SWALLOW CIGAR BOX MATCHES,21593,1390,24,1.70
RETRO PLASTIC POLKA TRAY,79190B,1389,16,1.14
BLUE PUDDING SPOON,21401,1388,0,0.00
MULTICOLOUR DOTS PLATE,37471,1384,684,33.08
ROMANTIC IMAGES GIFT WRAP SET,85032A,1383,0,0.00
SILVER MINI TAPE MEASURE,20734,1379,1,0.07
WICKER WREATH SMALL,22695,1378,0,0.00
BLACK AND WHITE DOG BOWL,22700,1377,22,1.57
BEADED PEARL HEART WHITE ON STICK,85131A,1375,14,1.01
FRIDGE MAGNETS LA VIE EN ROSE,22924,1374,157,10.25
BLUE DINER WALL CLOCK,22192,1373,31,2.21
DAIRY MAID SUGAR JAM BOWL,21532,1372,16,1.15
SET OF 6 HEART CHOPSTICKS,21947,1371,0,0.00
CERAMIC STRAWBERRY MONEY BOX,21556,1370,3,0.22
HEARTS GIFT TAPE,21879,1366,0,0.00
JIGSAW TREE WITH WATERING CAN,22230,1366,45,3.19
VINTAGE CHRISTMAS GIFT SACK,23312,1364,1,0.07
PARTY INVITES JAZZ HEARTS,21063,1363,4,0.29
REGENCY TEA STRAINER,23162,1362,0,0.00
WICKER WREATH LARGE,22696,1360,0,0.00
WOODLAND ANIMAL  WRITING SET,21330,1357,9,0.66
MULTICOLOUR HONEYCOMB FAN,21209,1354,37,2.66
MEASURING TAPE BABUSHKA RED,22454,1354,6,0.44
SKETCHBOOK MAGNETIC SHOPPING LIST,23197,1354,25,1.81
SET 36 COLOURING PENCILS DOILY,23370,1354,1,0.07
WRAP BLUE REINDEER,16169C,1350,0,0.00
NOEL GARLAND PAINTED ZINC,22340,1345,13,0.96
PARTY PIZZA DISH PINK POLKADOT,22344,1344,0,0.00
EASTER CRAFT IVY WREATH WITH CHICK,22146,1343,40,2.89
FELTCRAFT DOLL MARIA,22272,1343,1,0.07
75 GREEN PETIT FOUR CASES,84993A,1343,0,0.00
YELLOW METAL CHICKEN HEART,84459B,1341,24,1.76
FOLKART BAUBLE CHRISTMAS DECORATION,35951,1339,0,0.00
CAST IRON HOOK GARDEN TROWEL,22459,1336,0,0.00
RED SPOTTY LUGGAGE TAG,20658,1333,24,1.77
"DECOUPAGE,GREETING CARD,",84247G,1332,0,0.00
MONEY BOX HOUSEKEEPING DESIGN,22410,1328,12,0.90
BALLOON ART MAKE YOUR OWN FLOWERS,22438,1323,0,0.00
SKULLS DESIGN FLANNEL,21942,1322,24,1.78
ZINC HEART LATTICE T-LIGHT HOLDER,20846,1321,0,0.00
MIRRORED DISCO BALL,21463,1320,73,5.24
ASSORTED TUTTI FRUTTI MIRROR,21643,1320,14,1.05
CHILDS GARDEN BRUSH PINK,22519,1320,14,1.05
STRIPES DESIGN MONKEY DOLL,84507B,1319,7,0.53
RIBBON REEL SOCKS AND MITTENS,22735,1318,0,0.00
BLUE POLKADOT WASHING UP GLOVES,20752,1317,3,0.23
50'S CHRISTMAS PAPER GIFT BAG,23375,1317,1,0.08
TOAST ITS - DINOSAUR,21357,1310,48,3.53
HANGING  BUTTERFLY T-LIGHT HOLDER,23483,1310,10,0.76
MAKE YOUR OWN FLOWERPOWER CARD KIT,22743,1309,6,0.46
4 BURGUNDY WINE DINNER CANDLES,72801G,1306,0,0.00
DANISH ROSE DELUXE COASTER,84821,1306,12,0.91
BLUE FELT EASTER EGG BASKET,22021,1305,0,0.00
CHILDS GARDEN BRUSH BLUE,22518,1304,0,0.00
TOY TIDY DOLLY GIRL DESIGN,22664,1304,12,0.91
PINK SPOTTY CHILDS UMBRELLA,20681,1303,31,2.32
PARTY INVITES FOOTBALL,21061,1303,12,0.91
COSMETIC BAG VINTAGE ROSE PAISLEY,22277,1303,2,0.15
HANGING RIDGE GLASS T-LIGHT HOLDER,21655,1302,128,8.95
SUMMER FUN DESIGN SHOWER CAP,51020A,1302,2,0.15
ROSE 3 WICK MORRIS BOX CANDLE,85035C,1302,3,0.23
EASTER BUNNY GARLAND OF FLOWERS,85186A,1302,12,0.91
HANGING GLASS ETCHED TEALIGHT,21651,1301,0,0.00
ENAMEL BREAD BIN CREAM,22424,1300,47,3.49
GIFT BAG PSYCHEDELIC APPLES,22821,1300,16,1.22
WRAP BIRD GARDEN,23549,1300,0,0.00
PARTY PIZZA DISH BLUE POLKADOT,22345,1299,18,1.37
DAIRY MAID CERAMIC BUTTER DISH,21540,1298,20,1.52
DAIRY MAID  PUDDING BOWL,21538,1296,2,0.15
CHERUB HEART DECORATION SILVER,23225,1296,72,5.26
FELT TOADSTOOL LARGE,22254,1294,72,5.27
SET 36 COLOUR PENCILS DOLLY GIRL,23372,1294,16,1.22
FRENCH LAVENDER SCENT HEART,21391,1292,3,0.23
ROUND CAKE TIN VINTAGE RED,22840,1292,29,2.20
DECORATION WHITE CHICK MAGIC GARDEN,22249,1291,4,0.31
CHILDREN'S CIRCUS PARADE MUG,22973,1290,24,1.83
LAUREL HEART ANTIQUE SILVER,23217,1290,0,0.00
ENAMEL WATERING CAN CREAM,22430,1288,37,2.79
MULTICOLOUR HONEYCOMB PAPER GARLAND,21200,1287,28,2.13
FRENCH BLUE METAL DOOR SIGN 3,22678,1285,11,0.85
"DECORATION , WOBBLY CHICKEN, METAL",22287,1284,12,0.93
CARDHOLDER GINGHAM CHRISTMAS TREE,22591,1284,82,6.00
DRAWER KNOB CRACKLE GLAZE GREEN,23029,1284,28,2.13
RED SPOTTY SHOPPING BAG,21039,1283,16,1.23
S/4 CACTI CANDLES,85174,1282,140,9.85
WOOD STAMP SET FLOWERS,22211,1281,49,3.68
UNION STRIPE WITH FRINGE  HAMMOCK,21922,1280,27,2.07
FRENCH GARDEN SIGN BLUE METAL,22673,1280,109,7.85
CRAZY DAISY HEART DECORATION,20707,1279,7,0.54
FUNKY MONKEY GIFT BAG SMALL,16168S,1274,0,0.00
ASSORTED SANSKRIT MINI NOTEBOOK,21637,1274,18,1.39
PRETTY HANGING QUILTED HEARTS,23432,1272,0,0.00
RETRO MOD TRAY,79066K,1272,12,0.93
FOLDING BUTTERFLY MIRROR RED,23281,1270,0,0.00
MINI  ZINC GARDEN DECORATIONS,85213,1270,1,0.08
4 IVORY DINNER CANDLES SILVER FLOCK,72800E,1268,12,0.94
VICTORIAN SEWING BOX MEDIUM,21257,1267,27,2.09
HANGING METAL RABBIT DECORATION,22288,1265,0,0.00
DECORATIVE ROSE BATHROOM BOTTLE,21773,1264,25,1.94
WOOD STAMP SET HAPPY BIRTHDAY,22209,1263,28,2.17
BISCUITS SMALL BOWL LIGHT BLUE,84596L,1262,0,0.00
DECORATIVE CATS BATHROOM BOTTLE,21774,1261,1,0.08
CHRISTMAS CRAFT HEART STOCKING,22145,1260,6,0.47
LARGE STRIPES CHOCOLATE GIFT BAG,21289,1255,20,1.57
S/4 IVORY MINI ROSE CANDLE IN BOWL,85039B,1255,12,0.95
FLOWER FAIRY INCENSE BOUQUET,17109D,1253,1,0.08
CONCH SHELL,21419,1252,0,0.00
LARGE CAKE TOWEL PINK SPOTS,21110,1251,6,0.48
WHITE BELL HONEYCOMB PAPER GARLAND,21187,1251,0,0.00
CUBIC MUG BLUE POLKA DOT,37482B,1249,0,0.00
FRENCH BLUE METAL DOOR SIGN No,22686,1246,24,1.89
POTTING SHED COFFEE MUG,21869,1245,17,1.35
SET 12 VINTAGE DOILY CHALK,23499,1244,0,0.00
SILK PURSE BABUSHKA RED,22451,1243,8,0.64
DRAWER KNOB CRACKLE GLAZE BLUE,23028,1241,7,0.56
FRENCH BLUE METAL DOOR SIGN 5,22680,1240,30,2.36
CUBIC MUG FLOCK BLUE ON BROWN,37479B,1240,0,0.00
WOODEN BOX ADVENT CALENDAR,35400,1239,91,6.84
SET OF 2 CHRISTMAS DECOUPAGE CANDLE,72817,1237,24,1.90
3 ROSE MORRIS BOXED CANDLES,85034C,1237,23,1.83
CAKES AND BOWS GIFT  TAPE,21884,1232,0,0.00
SILVER HEARTS TABLE DECORATION,23102,1231,0,0.00
METAL SIGN DROP YOUR PANTS,23426,1230,6,0.49
VICTORIAN SEWING BOX LARGE,21258,1229,121,8.96
STAR PORTABLE TABLE LIGHT,21743,1229,59,4.58
DRAWER KNOB CRACKLE GLAZE PINK,23031,1228,20,1.60
SET OF 3 BLACK FLYING DUCKS,35004B,1228,93,7.04
MILK PAN RED RETROSPOT,22203,1227,14,1.13
GLASS JAR KINGS CHOICE,22359,1227,39,3.08
WALL ART KEEP CALM,23543,1227,0,0.00
ASSORTED EASTER GIFT TAGS,22857,1226,0,0.00
DOOR MAT FRIENDSHIP,48189,1226,10,0.81
STRAWBERRY RAFFIA FOOD COVER,21471,1225,4,0.33
CARDHOLDER GINGHAM STAR,22589,1225,18,1.45
200 BENDY SKULL STRAWS,22316,1224,1,0.08
EMPIRE UNION JACK TV DINNER TRAY,22476,1221,10,0.81
CAKE PLATE LOVEBIRD WHITE,22222,1219,5,0.41
BLUE POLKADOT LUGGAGE TAG,20652,1215,0,0.00
GUMBALL MONOCHROME COAT RACK,22719,1215,28,2.25
SET OF 12 FORK CANDLES,23189,1215,1,0.08
HANGING QUILTED PATCHWORK APPLES,23433,1215,47,3.72
HEAVENS SCENT FRAGRANCE OILS ASSTD,17001,1211,6,0.49
LARGE WHITE HONEYCOMB PAPER BELL,21191,1210,0,0.00
FOLDING UMBRELLA RED/WHITE POLKADOT,21706,1210,30,2.42
METAL TUBE CHIME ON BAMBOO,75131,1210,0,0.00
TOP SECRET PEN SET,84466,1210,397,24.70
PARTY INVITES BALLOON GIRL,21060,1208,0,0.00
"SWISS ROLL TOWEL, CHOCOLATE  SPOTS",21111,1208,7,0.58
TEA COSY RED  STRIPE,22309,1208,26,2.11
3D DOG PICTURE PLAYING CARDS,84558A,1207,25,2.03
WALL ART STOP FOR TEA,23534,1206,7,0.58
POPART RECT PENCIL SHARPENER ASST,16054,1205,108,8.23
GLASS ETCHED T-LIGHT HOLDER LARGE,21653,1203,7,0.58
OPULENT VELVET SET/3 CANDLES,20871,1202,2,0.17
SET/3 CHRISTMAS DECOUPAGE CANDLES,72816,1202,24,1.96
T-LIGHT HOLDER SWEETHEART HANGING,22789,1201,1,0.08
PACK OF 12 DOLLY GIRL TISSUES,23377,1200,8,0.66
FILIGREE HEART DAISY WHITE,23226,1199,48,3.85
"CHARLIE+LOLA""EXTREMELY BUSY"" SIGN",85071C,1197,0,0.00
BLUE/CREAM STRIPE CUSHION COVER,21927,1195,65,5.16
MINI JIGSAW LEAP FROG,22541,1192,0,0.00
SET OF 6 T-LIGHTS TOADSTOOLS,22807,1192,19,1.57
ZINC  STAR T-LIGHT HOLDER,23086,1191,16,1.33
BLUE FLOCK GLASS CANDLEHOLDER,79337,1191,6,0.50
WHITE HEART CONFETTI IN TUBE,21198,1190,75,5.93
EASTER TIN BUNNY BOUQUET,22859,1188,32,2.62
FELT EGG COSY BLUE RABBIT,22260,1187,16,1.33
CUTE CATS TAPE,21881,1183,0,0.00
CHARLIE + LOLA BISCUITS TINS,85132A,1183,5,0.42
ENAMEL WASH BOWL CREAM,22426,1182,36,2.96
CHRISTMAS LIGHTS 10 SANTAS,22942,1181,77,6.12
SET OF 4 ENGLISH ROSE PLACEMATS,84509A,1179,13,1.09
BLACK ENCHANTED FOREST PLACEMAT,85114A,1179,0,0.00
BUNNY EGG GARLAND,85186C,1179,20,1.67
UNION STRIPE CUSHION COVER,21925,1178,18,1.51
MINI LADLE LOVE HEART PINK,22135,1177,24,2.00
SILK PURSE BABUSHKA PINK,22449,1176,12,1.01
PACK OF 12 RED APPLE TISSUES,23379,1175,0,0.00
WRAP KEEP CALM BIRTHDAY,23691,1175,0,0.00
PENCIL CASE LIFE IS BEAUTIFUL,22445,1174,0,0.00
BLACK CANDELABRA T-LIGHT HOLDER,85116,1173,30,2.49
GIFT BAG BIRTHDAY,22820,1172,2,0.17
PINK  HEART CONFETTI IN TUBE,21199,1170,48,3.94
CUT GLASS T-LIGHT HOLDER OCTAGON,85107,1169,0,0.00
RED RETROSPOT PURSE,20665,1165,32,2.67
LOCAL CAFE MUG,22190,1164,1,0.09
ROSE CARAVAN DOORSTOP,21115,1161,1,0.09
3D SHEET OF DOG STICKERS,84559A,1161,0,0.00
SET 3 SONG BIRD PAPER EGGS ASSORTED,22967,1159,22,1.86
SET OF 4 SANTA PLACE SETTINGS,23267,1158,48,3.98
SET OF 2 CERAMIC PAINTED HEARTS,23270,1157,6,0.52
SPACEBOY CHILDRENS EGG CUP,22975,1156,1,0.09
ASSORTED CIRCULAR MOBILE,44234,1156,2,0.17
FRYING PAN PINK POLKADOT,22200,1155,11,0.94
12 RED ROSE PEG PLACE SETTINGS,21446,1154,0,0.00
FRENCH BLUE METAL DOOR SIGN 4,22679,1154,10,0.86
GOLD MUG BONE CHINA TREE OF LIFE,22307,1153,41,3.43
BOMBS AWAY METAL SIGN,82597,1153,3,0.26
BOTANICAL LAVENDER GIFT WRAP,22038,1150,0,0.00
TOAST ITS - FAIRY FLOWER,21356,1148,1,0.09
SET 8 CANDLES VINTAGE DOILY,23360,1146,0,0.00
ASS COL SMALL SAND FROG P'WEIGHT,17164D,1144,0,0.00
POTTING SHED SEED ENVELOPES,21894,1144,0,0.00
ANTIQUE GLASS PEDESTAL BOWL,22801,1144,37,3.13
BLUE/PINK NEST STRIPE BOX,84493,1142,567,33.18
3D SHEET OF CAT STICKERS,84559B,1140,4,0.35
STAR T-LIGHT HOLDER WILLIE WINKIE,23274,1139,3,0.26
TOMATO CHARLIE+LOLA COASTER SET,84519A,1139,0,0.00
PANTRY CHOPPING BOARD,23113,1138,946,45.39
FAIRY CAKE DESIGN UMBRELLA,15060B,1137,9,0.79
SET/4 SPRING FLOWER DECORATION,21382,1132,8,0.70
IVORY PILLAR CANDLE SILVER FLOCK,72799E,1132,6,0.53
RIDGED GLASS FINGER BOWL,21654,1129,0,0.00
PARTY PIZZA DISH GREEN POLKADOT,22346,1129,0,0.00
WHITE BAMBOO RIBS LAMPSHADE,40003,1129,18,1.57
BROWN CHECK CAT DOORSTOP,21407,1128,2,0.18
LARGE YELLOW BABUSHKA NOTEBOOK,22756,1127,12,1.05
PINK METAL CHICKEN HEART,84459A,1126,96,7.86
PORCELAIN BUTTERFLY OIL BURNER,18098C,1123,24,2.09
BLUE OWL SOFT TOY,22176,1123,9,0.80
WALL ART BICYCLE SAFETY,23535,1123,1,0.09
DOORMAT NEIGHBOURHOOD WITCH,22414,1122,2,0.18
BLUE CHERRY BLOSSOM CUP & SAUCER,37379B,1122,0,0.00
ENAMEL PINK COFFEE CONTAINER,35810A,1117,1,0.09
SET/4 RED MINI ROSE CANDLE IN BOWL,85039A,1117,2,0.18
HANGING BUTTERFLY  EGG,85189,1117,12,1.06
4 LAVENDER BOTANICAL DINNER CANDLES,21615,1116,0,0.00
SWALLOW GIANT TUBE MATCHES,21589,1115,12,1.06
FAMILY PHOTO FRAME CORNICE,22768,1114,38,3.30
CAKE STAND LACE WHITE,22218,1113,65,5.52
FELT FARM ANIMAL RABBIT,22258,1113,55,4.71
BLACK TEA TOWEL CLASSIC DESIGN,22481,1110,0,0.00
3 WHITE CHOC MORRIS BOXED CANDLES,85034B,1105,0,0.00
VINTAGE RED TRIM ENAMEL BOWL,23250,1103,121,9.89
FLOWERS  STICKERS,21676,1102,0,0.00
FOLKART ZINC STAR CHRISTMAS DEC,35958,1100,0,0.00
IVORY HANGING DECORATION  EGG,21386,1097,0,0.00
FRENCH BLUE METAL DOOR SIGN 7,22682,1096,11,0.99
BREAD BIN DINER STYLE IVORY,22847,1094,48,4.20
ASSORTED SHAPES PHOTO CLIP SILVER,47469,1094,0,0.00
SET OF 4 FAIRY CAKES COASTERS,84510B,1094,2,0.18
CREAM SWEETHEART EGG HOLDER,22854,1093,6,0.55
SET OF 4 NEW ENGLAND COASTERS,84510F,1092,2,0.18
SMALL PINK GLASS SUNDAE DISH,20803,1091,74,6.35
POLKA DOT RAFFIA FOOD COVER,21469,1091,50,4.38
HI TEC ALPINE HAND WARMER,70007,1089,12,1.09
HANGING WOOD AND FELT BUTTERFLY,85203,1089,0,0.00
MIRROR MOSAIC VOTIVE HOLDER,22101,1088,325,23.00
FAWN AND MUSHROOM GREETING CARD,84247L,1088,12,1.09
EASTER TIN KEEPSAKE,22858,1086,10,0.91
FELTCRAFT GIRL AMELIE KIT,23126,1084,16,1.45
STRIPY DESIGN SHOWER CAP,51020B,1084,2,0.18
CIRCUS PARADE CHILDRENS EGG CUP,22976,1083,13,1.19
4 PEAR BOTANICAL DINNER CANDLES,21616,1081,0,0.00
CRYSTAL STUD EARRINGS ASSORTED COL,90058B,1081,36,3.22
FLOWERS TILE COASTER,84926E,1077,0,0.00
ASSORTED MONKEY SUCTION CUP HOOK,47422,1076,49,4.36
WRAP MAGIC FOREST,23548,1075,0,0.00
CAKE STAND 3 TIER MAGIC GARDEN,22236,1074,95,8.13
POCKET BAG BLUE PAISLEY RED SPOT,22279,1073,37,3.33
FRENCH BLUE METAL DOOR SIGN 6,22681,1072,12,1.11
SOAP DISH BROCANTE,22863,1070,13,1.20
T-LIGHT HOLDER WHITE LACE,22216,1069,3,0.28
FOUR RABBIT EASTER DECORATIONS,35920,1065,0,0.00
IVORY PILLAR CANDLE GOLD FLOCK,72799F,1065,0,0.00
LARGE ZINC HEART WALL ORGANISER,23134,1064,0,0.00
CHERRY DESIGN PAPERLANTERNS,40018F,1064,12,1.12
EIGHT PIECE SNAKE  SET,21828,1060,0,0.00
BIRD DECORATION GREEN POLKADOT,22322,1060,15,1.40
PLAYING CARDS I LOVE LONDON,23505,1058,0,0.00
RECIPE BOX WITH METAL HEART,21777,1057,13,1.21
CHERRY BLOSSOM  DECORATIVE FLASK,84279P,1057,44,4.00
"LARGE CAKE TOWEL, CHOCOLATE SPOTS",21109,1054,2,0.19
SET OF 6 HERB TINS SKETCHBOOK,22723,1054,2,0.19
SET OF 2 FANCY FONT TEA TOWELS,22122,1053,0,0.00
4 VANILLA BOTANICAL CANDLES,21619,1052,0,0.00
UNION FLAG WINDSOCK,77101A,1052,0,0.00
DANISH ROSE DECORATIVE PLATE,84817,1051,43,3.93
WRAP  PINK FLOCK,16161M,1050,25,2.33
PRICE'S CANDLE PEACH,72038P,1050,50,4.55
TV DINNER TRAY DOLLY GIRL,22472,1049,5,0.47
ORIGAMI ROSE INCENSE IN TUBE,17013D,1048,1,0.10
SWEETIES  STICKERS,21725,1047,2,0.19
GLASS STAR FROSTED T-LIGHT HOLDER,21730,1047,35,3.23
FRENCH BLUE METAL DOOR SIGN 8,22683,1045,12,1.14
PANTRY PASTRY BRUSH,22982,1044,24,2.25
CANDY SPOT EGG WARMER HARE,85093,1044,3,0.29
SET OF 4 KNICK KNACK TINS LEAF,23237,1043,17,1.60
SPACEBOY MINI BACKPACK,23389,1043,2,0.19
CERAMIC LOVE HEART MONEY BANK,22647,1042,24,2.25
SET/12 TAPER CANDLES,72598,1042,22,2.07
BAKING MOULD HEART MILK CHOCOLATE,22930,1040,96,8.45
MINI PLAYING CARDS FUN FAIR,23509,1040,0,0.00
MULTI HEARTS  STICKERS,21726,1038,2,0.19
QUEEN OF THE SKIES HOLIDAY PURSE,20663,1037,503,32.66
WALL ART ONLY ONE PERSON,23530,1037,0,0.00
ENAMEL PINK TEA CONTAINER,35809A,1037,0,0.00
VINTAGE CREAM DOG FOOD CONTAINER,22844,1036,29,2.72
ROSE COTTAGE KEEPSAKE BOX,22968,1036,26,2.45
PASTEL BLUE PHOTO ALBUM,16202B,1034,472,31.34
WAY OUT METAL SIGN,21910,1034,0,0.00
CAKE STAND WHITE TWO TIER LACE,22215,1029,62,5.68
RED PUDDING SPOON,21400,1027,12,1.15
SKULLS  DESIGN  COTTON TOTE BAG,21581,1027,20,1.91
FRENCH BLUE METAL DOOR SIGN 0,22685,1027,10,0.96
SWIRLY CIRCULAR RUBBERS IN BAG,16258A,1026,1,0.10
TOAST ITS - HAPPY BIRTHDAY,21358,1026,1,0.10
MIRROR MOSAIC CANDLE PLATE,22104,1026,0,0.00
ASS DES PHONE SPONGE CRAFT STICKER,84827,1025,0,0.00
GREY FLORAL FELTCRAFT SHOULDER BAG,20967,1023,20,1.92
CAKE SHOP  STICKER SHEET,21720,1023,12,1.16
CHILDS GARDEN SPADE BLUE,22514,1022,2,0.20
WOODEN SKITTLES GARDEN SET,22606,1022,32,3.04
CUT GLASS HEXAGON T-LIGHT HOLDER,85106,1022,0,0.00
OFFICE MUG WARMER CHOC+BLUE,22314,1020,4,0.39
JIGSAW TOADSTOOLS 3 PIECE,22232,1019,74,6.77
DECORATION  BUTTERFLY  MAGIC GARDEN,22250,1018,4,0.39
LAVENDER SCENTED SET/9 T-LIGHTS,85231L,1018,0,0.00
BANK ACCOUNT  GREETING  CARD,21518,1016,0,0.00
DAISY ERASERS IN BAG,16258B,1014,0,0.00
GLASS APOTHECARY BOTTLE PERFUME,23012,1014,8,0.78
FLOWER VINE RAFFIA FOOD COVER,21470,1011,9,0.88
PARTY INVITES SPACEMAN,21062,1009,0,0.00
DOOR HANGER  MUM + DADS ROOM,21248,1008,76,7.01
SMALL IVORY HEART WALL ORGANISER,23132,1008,4,0.40
YULETIDE IMAGES GIFT WRAP SET,85032D,1008,12,1.18
CLASSIC WHITE FRAME,21333,1007,12,1.18
SET/4 WHITE RETRO STORAGE CUBES,84078A,1007,147,12.74
BUNNY EGG BOX,85200,1007,0,0.00
ASSORTED TUTTI FRUTTI HEART BOX,21644,1006,28,2.71
CANDY SHOP  STICKER SHEET,21721,1005,2,0.20
FOLKART CLIP ON STARS,35964,1005,0,0.00
DOORMAT MERRY CHRISTMAS RED,22689,1004,52,4.92
MADRAS NOTEBOOK MEDIUM,21636,1003,12,1.18
ANTIQUE TALL SWIRLGLASS TRINKET POT,22800,1003,12,1.18
SET OF 36 DINOSAUR PAPER DOILIES,21972,1000,2,0.20
LADYBIRD + BEE RAFFIA FOOD COVER,21472,999,0,0.00
SET OF 4 ROSE BOTANICAL CANDLES,21620,999,6,0.60
FELT TOADSTOOL  SMALL,22255,998,45,4.31
RED METAL BOX TOP SECRET,23080,998,11,1.09
LARGE GLASS SUNDAE DISH CLEAR,20800,996,0,0.00
OFFICE MUG WARMER POLKADOT,22312,995,3,0.30
SET OF 2 WOODEN MARKET CRATES,22485,995,13,1.29
BLUE FAIRY CAKE CHILD'S APRON,47591C,995,0,0.00
BLUE CALCULATOR RULER,20986,994,0,0.00
WHITE BEADED GARLAND STRING 20LIGHT,85047,994,74,6.93
PETIT TRAY CHIC,23096,993,0,0.00
RED/CREAM STRIPE CUSHION COVER,21926,992,26,2.55
WOODEN REGATTA BUNTING,22498,991,0,0.00
CHILDS GARDEN SPADE PINK,22515,990,4,0.40
ENGLISH ROSE SPIRIT LEVEL,47504H,989,4,0.40
VINTAGE SEASIDE JIGSAW PUZZLES,21913,988,3,0.30
TEA COSY VINTAGE UNION JACK,22612,988,4,0.40
CINAMMON & ORANGE WREATH,21351,986,25,2.47
75 BLACK FAIRY CAKE CASES,84989B,985,0,0.00
ASSORTED TUTTI FRUTTI NOTEBOOK,21638,982,8,0.81
PASTEL COLOUR HONEYCOMB FAN,21208,981,42,4.11
FOOD COVER WITH BEADS SET 2,23299,980,8,0.81
FOLK FELT HANGING MULTICOL GARLAND,84748,980,0,0.00
FLAG OF ST GEORGE CAR FLAG,84016,978,54,5.23
TRIPLE PHOTO FRAME CORNICE,22767,977,40,3.93
BLACK RETRODISC LAMPSHADE,85162B,977,0,0.00
SET OF 12 T-LIGHTS VINTAGE DOILY,23359,976,0,0.00
WRAP BAD HAIR DAY,16161G,975,0,0.00
WRAP BLIZZARD,16169F,975,0,0.00
RETROSPOT CANDLE  MEDIUM,21285,974,48,4.70
PSYCHEDELIC METAL SIGN CALENDAR,84924F,973,480,33.04
PINK UNION JACK  LUGGAGE TAG,21867,972,0,0.00
BUNNY DECORATION MAGIC GARDEN,22247,971,1,0.10
HOME SWEET HOME BLACKBOARD,23404,969,29,2.91
RED RETROSPOT PUDDING BOWL,21537,967,64,6.21
WELCOME  WOODEN BLOCK LETTERS,22120,967,19,1.93
DOORMAT VINTAGE LEAF,23283,967,7,0.72
BLUE ROSE FABRIC MIRROR,20866,963,120,11.08
BOTANICAL LAVENDER BIRTHDAY CARD,22031,963,12,1.23
RETROSPOT CANDLE  LARGE,21286,962,12,1.23
WOODLAND STORAGE BOX SMALL,21426,962,104,9.76
CHILDRENS CUTLERY CIRCUS PARADE,23255,962,9,0.93
SPOTS DESIGN MUG W PINK INSIDE,37343,962,0,0.00
HEART STRING MEMO HOLDER HANGING,22163,961,79,7.60
RED ENCHANTED FOREST PLACEMAT,85114C,961,0,0.00
MAKE YOUR OWN PLAYTIME CARD KIT,22742,960,2,0.21
WALL ART BIG LOVE,23531,960,0,0.00
VANILLA SCENT CAKE CANDLE,72225D,960,0,0.00
4 PURPLE FLOCK DINNER CANDLES,72800B,960,2,0.21
LOLITA  DESIGN  COTTON TOTE BAG,21579,959,17,1.74
SET OF 4 NAPKIN CHARMS STARS,22642,959,0,0.00
SET/3 OCEAN SCENT CANDLE JEWEL BOX,72807B,955,18,1.85
OWL DOORSTOP,21116,954,1,0.10
SET/6 FROG PRINCE T-LIGHT CANDLES,85173,954,5,0.52
DOLLY GIRL CHILDRENS EGG CUP,22977,953,1,0.10
FOLDING UMBRELLA BLACKBLUE POLKADOT,21707,952,0,0.00
OFFICE MUG WARMER PINK,22313,952,252,20.93
BLUE PULL BACK RACING CAR,85226C,952,0,0.00
CHERRY CROCHET FOOD COVER,21467,951,5,0.52
"WRAP, CAROUSEL",16156L,950,0,0.00
BIRDCAGE DECORATION TEALIGHT HOLDER,22252,950,13,1.35
PINK JUMPER LARRY THE LAMB,84327A,949,4,0.42
LA PALMIERA TILE HOOK,84927D,949,435,31.43
MILK PAN PINK RETROSPOT,22202,946,31,3.17
VINTAGE EMBOSSED HEART,23061,946,3,0.32
PINK DIAMANTE PEN IN GIFT BOX,21846,944,27,2.78
SKULLS SQUARE TISSUE BOX,22100,943,0,0.00
HEART SHAPED HOLLY WREATH,23129,942,1,0.11
BLUE GLASS GEMS IN BAG,17129F,940,2,0.21
ASSORTED TUTTI FRUTTI ROUND BOX,21645,939,30,3.10
BAKING MOULD CHOCOLATE CUPCAKES,22937,939,13,1.37
TEATIME PENCIL W STAMP ASST,16051,938,0,0.00
HANGING MEDINA LANTERN SMALL,21324,938,54,5.44
BLACK PIRATE TREASURE CHEST,22068,937,14,1.47
6 CROCHET STRAWBERRIES,22253,937,0,0.00
GLASS CHALICE BLUE SMALL,21318,936,32,3.31
CALENDAR IN SEASON DESIGN,22905,935,0,0.00
DRAWER KNOB CERAMIC BLACK,23034,935,6,0.64
FRENCH BLUE METAL DOOR SIGN 9,22684,931,13,1.38
ENVELOPE 50 CURIOUS IMAGES,85017C,931,288,23.63
REINDEER HEART DECORATION GOLD,23220,929,0,0.00
BLOSSOM IMAGES GIFT WRAP SET,85032B,929,0,0.00
FROG CANDLE,20941,928,47,4.82
HEART T-LIGHT HOLDER WILLIE WINKIE,23273,928,4,0.43
TEA TIME TABLE CLOTH,47570B,928,2,0.22
SET OF 3 CASES WOODLAND DESIGN,21432,927,23,2.42
GARDEN PATH JOURNAL,20772,926,151,14.02
TRADTIONAL ALPHABET STAMP SET,23569,926,2,0.22
HEART GARLAND RUSTIC PADDED,22162,925,12,1.28
ROUND STORAGE TIN VINTAGE LEAF,23244,925,9,0.96
ENVELOPE 50 ROMANTIC IMAGES,85017A,924,0,0.00
RED HANGING METAL STAR TLIGHT HLDR,21732,923,3,0.32
6 EGG HOUSE PAINTED WOOD,22283,923,18,1.91
CREAM SWEETHEART SHELF + HOOKS,85068,922,4,0.43
SKULLS TAPE,21882,921,0,0.00
BLACK CHRISTMAS TREE 60CM,35598B,919,0,0.00
MISTLETOE HEART WREATH GREEN,23130,918,9,0.97
DAIRY MAID TOASTRACK,21530,916,64,6.53
PANDA AND BUNNIES STICKER SHEET,21724,916,2,0.22
CHOCOLATE 3 WICK MORRIS BOX CANDLE,85035B,916,0,0.00
SMALL PARISIENNE HEART PHOTO FRAME,23093,915,3,0.33
RETROSPOT LAMP,22180,914,49,5.09
PINK FAIRY CAKE CUSHION COVER,47585A,913,13,1.40
IVORY LOVE BIRD CANDLE,85169A,913,0,0.00
TRANSPARENT ACRYLIC TAPE DISPENSER,16254,912,0,0.00
HOME SMALL WOOD LETTERS,21363,911,19,2.04
SET OF 6 KASHMIR FOLKART BAUBLES,84944,911,78,7.89
MEDIUM MEDINA STAMPED METAL BOWL,21683,910,1,0.11
RED SPOTTY EGG CUP,21396,909,5,0.55
SET OF 3 CAKE TINS SKETCHBOOK,22721,908,0,0.00
DANISH ROSE ROUND SEWING BOX,84819,907,4,0.44
SET OF 3 DANISH ROSE PLANTERS,84815,906,0,0.00
GREEN METAL SWINGING BUNNY,85188A,904,27,2.90
BOTANICAL LILY GREETING CARD,22032,903,0,0.00
BLUE PAISLEY TISSUE BOX,22092,903,0,0.00
ABSTRACT CIRCLE JOURNAL,20770,902,10,1.10
LARGE PINK GLASS SUNDAE DISH,20801,902,32,3.43
WEEKEND BAG VINTAGE ROSE PAISLEY,22275,902,5,0.55
MEASURING TAPE BABUSHKA PINK,22452,901,13,1.42
SET 36 COLOUR PENCILS LOVE LONDON,23369,901,0,0.00
ICON PLACEMAT POP ART ELVIS,47518F,900,0,0.00
ROSE SCENT CANDLE IN JEWELLED BOX,72802A,900,29,3.12
COCKTAIL SWORDS 50 PIECES,23123,899,6,0.66
WHITE RETRODISC LAMPSHADE,85162C,898,0,0.00
VINTAGE UNION JACK SHOPPING BAG,22611,896,4,0.44
SMALL GLASS SUNDAE DISH CLEAR,20802,895,40,4.28
12 DAISY PEGS IN WOOD BOX,21448,895,0,0.00
AIRLINE BAG VINTAGE JET SET RED,22374,894,5,0.56
SPACEBOY TV DINNER TRAY,22474,894,32,3.46
GLASS CLOCHE SMALL,22778,894,71,7.36
MISTLETOE HEART WREATH CREAM,23131,893,6,0.67
CHARLIE AND LOLA TABLE TINS,85132B,893,2,0.22
"AIRLINE LOUNGE,METAL SIGN",82567,892,1,0.11
SET OF 6 T-LIGHTS CACTI,22811,891,1,0.11
SMOKEY GREY COLOUR D.O.F. GLASS,79051A,891,0,0.00
PINK ROSE WASHBAG,84912A,891,0,0.00
BOOZE & WOMEN GREETING CARD,21520,890,2,0.22
ETCHED GLASS STAR TREE DECORATION,21009,885,15,1.67
CAKE STAND LOVEBIRD 2 TIER PINK,22221,884,11,1.23
GREEN BIRDHOUSE DECORATION,21442,883,0,0.00
PEACE WOODEN BLOCK LETTERS,22119,882,6,0.68
WALL ART DOG LICENCE,23526,882,16,1.78
JIGSAW RABBIT AND BIRDHOUSE,22233,881,62,6.57
TUMBLER BAROQUE,79030D,881,1,0.11
"GARLAND, MAGIC GARDEN 1.8M",22246,880,12,1.35
SMALL LICORICE DES PINK BOWL,84596E,880,32,3.51
FLORAL ELEPHANT SOFT TOY,20692,879,2,0.23
SET OF 2 ROUND TINS CAMEMBERT,22495,879,6,0.68
BAKING MOULD EASTER EGG MILK CHOC,22933,876,156,15.12
VINTAGE BELLS GARLAND,23489,876,0,0.00
VINTAGE CREAM CAT FOOD CONTAINER,22845,875,14,1.57
BEADED CRYSTAL HEART GREEN LARGE,85130B,875,0,0.00
DRAGONS BLOOD INCENSE,17084P,874,0,0.00
BOHEMIAN COLLAGE STATIONERY SET,21991,874,12,1.35
3 TIER CAKE TIN RED AND CREAM,22838,872,137,13.58
ASSORTED EASTER DECORATIONS  BELLS,22856,872,21,2.35
BAKING MOULD TOFFEE CUP CHOCOLATE,22932,872,120,12.10
ECONOMY HOLIDAY PURSE,20666,871,400,31.47
SINGLE WIRE HOOK IVORY HEART,23138,870,12,1.36
GREEN ROSE WASHBAG,84912B,870,0,0.00
WOODEN ADVENT CALENDAR CREAM,22946,869,26,2.91
GLITTER CHRISTMAS TREE WITH BELLS,21822,868,9,1.03
GLASS ETCHED T-LIGHT HOLDER MEDIUM,21652,867,21,2.36
VINTAGE BEAD PINK PURSE,35648,867,25,2.80
FLOWERS CHANDELIER T-LIGHT HOLDER,23056,866,483,35.80
GLASS APOTHECARY BOTTLE TONIC,23013,865,6,0.69
PURPLE PAPER PARASOL,15044C,862,5,0.58
FLAMINGO LIGHTS,79320,862,16,1.82
ROSE 1 WICK MORRIS BOXED CANDLE,85036C,862,193,18.29
BUNNY WOODEN PAINTED WITH FLOWER,22229,860,40,4.44
MOUSE TOY WITH PINK T-SHIRT,84580,860,4,0.46
GROW YOUR OWN FLOWERS SET OF 3,22442,858,18,2.05
SPRING FLOWER CHOPSTICKS SET/5,20990,857,1,0.12
POTTING SHED CANDLE CITRONELLA,21897,857,5,0.58
3D HEARTS  HONEYCOMB PAPER GARLAND,21188,856,35,3.93
DOORMAT PEACE ON EARTH BLUE,22688,856,0,0.00
MODERN VINTAGE COTTON SHOPPING BAG,21040,855,0,0.00
BLUE BIRDHOUSE DECORATION,21441,855,0,0.00
METAL SIGN CUPCAKE SINGLE HOOK,82613D,852,20,2.29
STRIPEY CHOCOLATE NESTING BOXES,21288,851,25,2.85
DAIRY MAID LARGE MILK JUG,21534,851,29,3.30
WHITE STITCHED WALL CLOCK,84660A,851,2,0.23
SILVER PLATE CANDLE BOWL SMALL,21688,850,6,0.70
BOTANICAL LILY GIFT WRAP,22039,850,25,2.86
SET/4 BADGES BALLOON GIRL,21219,848,10,1.17
FELT FARM ANIMAL CHICKEN,22256,846,12,1.40
PINK ROSE FABRIC MIRROR,20867,844,0,0.00
FRENCH ENAMEL POT W LID,85054,843,8,0.94
PINK HEART DOTS HOT WATER BOTTLE,21486,841,1,0.12
PIZZA PLATE IN BOX,22107,841,94,10.05
ANTIQUE GLASS PLACE SETTING,21145,839,13,1.53
VINTAGE UNION JACK APRON,21625,838,0,0.00
SET OF 2 TINS VINTAGE BATHROOM,22497,838,5,0.59
CHARLIE+LOLA MY ROOM DOOR SIGN,85071D,838,0,0.00
DOORMAT CHRISTMAS VILLAGE,22687,837,0,0.00
LIGHT PINK FLOCK GLASS CANDLEHOLDER,79336,832,0,0.00
BATH DUCK WATERING CAN,84676,832,49,5.56
DAIRY MAID TRADITIONAL TEAPOT,21528,831,32,3.71
DOORMAT I LOVE LONDON,22660,831,6,0.72
ZINC  HEART T-LIGHT HOLDER,23087,830,15,1.78
SWEETHEART BIRD HOUSE,23461,829,4,0.48
WALL ART CLASSIC PUDDINGS,23541,829,2,0.24
I LOVE LONDON BEAKER,23347,827,34,3.95
ROSES WHITE ROUND CANDLE,72487,826,0,0.00
BLACK MINI TAPE MEASURE,20735,824,0,0.00
LOVELY BONBON STICKER SHEET,21719,824,0,0.00
RED FLOWER CROCHET FOOD COVER,21466,823,0,0.00
TEA TIME TEAPOT IN GIFT BOX,37500,823,11,1.32
RIDGED GLASS POSY VASE,21656,821,2,0.24
ZINC HEART LATTICE PLANTER BOWL,20850,820,0,0.00
3 GARDENIA MORRIS BOXED CANDLES,85034A,819,11,1.33
PAPER CHAIN KIT LONDON,22911,817,10,1.21
PINK SPOTS CHOCOLATE NESTING BOXES,21348,816,31,3.66
ASS COL CIRCLE MOBILE,44235,816,0,0.00
4 IVORY DINNER CANDLES GOLD FLOCK,72800F,816,0,0.00
SET/3 ROSE CANDLE IN JEWELLED BOX,72807A,815,17,2.04
STRAWBERRY SCENTED SET/9 T-LIGHTS,85231E,815,12,1.45
DOLLY HONEYCOMB GARLAND,21202,814,51,5.90
FRENCH FLORAL CUSHION COVER,20840,813,219,21.22
HEART SHAPE WIRELESS DOORBELL,79160,813,21,2.52
SET OF 4 KNICK KNACK TINS POPPIES,23239,812,28,3.33
TEATIME PUSH DOWN RUBBER,16052,810,24,2.88
SMALL HAMMERED SILVER CANDLEPOT,21693,810,0,0.00
EIGHT PIECE CREEPY CRAWLIE SET,21827,810,13,1.58
ASS COL LARGE SAND GECKO P'WEIGHT,17165B,809,4,0.49
FAIRY CAKE GREETINGS CARD,84249D,809,24,2.88
ALPHABET HEARTS STICKER SHEET,21723,807,0,0.00
ENAMEL COLANDER CREAM,22425,807,25,3.00
ETCHED GLASS BIRD TREE DECORATION,21010,806,12,1.47
TEA TIME MUG IN GIFT BOX,37502,806,1,0.12
LIGHT BIRD HOUSE TREE DECORATION,21016,804,4,0.50
SILK PURSE BABUSHKA BLUE,22450,802,11,1.35
BLACK KITCHEN SCALES,22626,802,13,1.60
"CHRISTMAS GARLAND STARS,TREES",21808,801,46,5.43
ALUMINIUM STAMPED HEART,23068,801,0,0.00
PAPERWEIGHT VINTAGE COLLAGE,22393,800,52,6.10
OVERNIGHT BAG VINTAGE ROSE PAISLEY,22278,799,19,2.32
PACK 6 HEART/ICE-CREAM PATCHES,84569D,799,1,0.13
SET/6 IVORY BIRD T-LIGHT CANDLES,85170A,799,32,3.85
BISCUIT TIN VINTAGE RED,22842,798,20,2.44
GLASS APOTHECARY BOTTLE ELIXIR,23014,798,9,1.12
CARROT CHARLIE+LOLA COASTER SET,84519B,797,1,0.13
PAPERWEIGHT CHILDHOOD MEMORIES,22390,795,0,0.00
CURIOUS IMAGES GIFT WRAP SET,85032C,793,12,1.49
BAKING MOULD HEART WHITE CHOCOLATE,22931,792,0,0.00
VINTAGE RED ENAMEL TRIM PLATE,23249,790,55,6.51
SILVER FABRIC MIRROR,20868,789,0,0.00
WOODLAND MINI BACKPACK,23388,789,0,0.00
ASSORTED TUTTI FRUTTI LARGE PURSE,21647,788,4,0.51
PINK NEW BAROQUECANDLESTICK CANDLE,84625A,788,54,6.41
BLUE SPOTTY PURSE,20661,787,354,31.03
CHILDS GARDEN RAKE BLUE,22516,786,3,0.38
FOLK ART METAL STAR T-LIGHT HOLDER,35967,786,1,0.13
DOOR MAT BIRD ON THE WIRE,48197,785,0,0.00
EGG CUP MILKMAID HEIDI,23566,784,4,0.51
"DIAMANTE HEART SHAPED WALL MIRROR,",22165,783,9,1.14
WOODLAND STORAGE BOX LARGE,21424,782,58,6.90
4 LILY  BOTANICAL DINNER CANDLES,21617,778,0,0.00
TRIPLE HOOK ANTIQUE IVORY ROSE,23146,778,50,6.04
BULL DOG BOTTLE OPENER,23184,778,13,1.64
ORIGAMI LAVENDER INCENSE/CANDL SET,17012C,777,0,0.00
STANDING FAIRY POLE SUPPORT,71101E,777,3,0.38
CHERRY BLOSSOM DECORATIVE FLASK,84279B,777,17,2.14
CHRISTMAS TREE HANGING GOLD,23222,776,12,1.52
ANTIQUE GLASS RIDGED HANGING BALL,21146,775,2,0.26
BREAD BIN DINER STYLE RED,22846,774,27,3.37
DECORATION  PINK CHICK MAGIC GARDEN,22248,773,21,2.64
WOODEN ADVENT CALENDAR RED,22947,773,14,1.78
CHILDS GARDEN RAKE PINK,22517,772,0,0.00
JINGLE BELL HEART ANTIQUE GOLD,23214,772,0,0.00
PHOTO FRAME 3 CLASSIC HANGING,22796,771,59,7.11
GUMBALL MAGAZINE RACK,22781,768,51,6.23
S/4 FESTIVE GREEN DINNER CANDLES,72801E,768,0,0.00
NOVELTY BISCUITS CAKE STAND 3 TIER,22890,767,51,6.23
TRIANGULAR RIDGED GLASS POSY HOLDER,21665,766,0,0.00
TWO DOOR CURIO CABINET,21735,765,224,22.65
PINK UNION JACK  PASSPORT COVER,21865,765,6,0.78
JOY WOODEN BLOCK LETTERS,22118,765,2,0.26
PARISIENNE JEWELLERY DRAWER,23118,765,24,3.04
KEEP OUT GIRLS DOOR HANGER,21160,763,74,8.84
HOME SWEET HOME CUSHION COVER,23393,763,21,2.68
LA PALMIERA TILE COASTER,84926D,762,0,0.00
YULETIDE IMAGES S/6 PAPER BOXES,85018D,762,21,2.68
SET OF 4 FAIRY CAKE PLACEMATS,84509G,761,0,0.00
POTTING SHED ROSE CANDLE,21898,760,0,0.00
ZINC HEART FLOWER T-LIGHT HOLDER,23088,760,0,0.00
LA PALMIERA METAL SIGN CALENDAR,84924D,760,0,0.00
SET/20 COLLAGE PAPER NAPKIN,21076,759,1,0.13
LARGE IVORY HEART WALL ORGANISER,23133,759,1,0.13
PINK PADDED MOBILE,20702,758,11,1.43
PINK HEARTS PAPER GARLAND,21190,756,77,9.24
ASSORTED CHEESE FRIDGE MAGNETS,85215,755,0,0.00
FOLDING BUTTERFLY MIRROR IVORY,23282,753,0,0.00
WHITE BROCANTE SOAP DISH,22831,751,0,0.00
ROUND CAKE TIN VINTAGE GREEN,22841,751,19,2.47
WRAP BOUDOIR,16161E,750,0,0.00
BLUE PAISLEY JOURNAL,20767,750,7,0.92
HAND OPEN SHAPE DECO.WHITE,35001W,750,21,2.72
PINK/BLUE DISC/MIRROR STRING,84422,749,49,6.14
SET OF 2 CERAMIC CHRISTMAS TREES,23269,748,0,0.00
CLAM SHELL LARGE,21416,746,0,0.00
COLUMBIAN CANDLE RECTANGLE,72131,746,16,2.10
CHRISTMAS TREE HANGING SILVER,23223,745,0,0.00
HANGING WOOD AND FELT HEART,85202,745,24,3.12
BLUE STONES ON WIRE FOR CANDLE,17136A,743,0,0.00
BLUE NEW BAROQUE CANDLESTICK CANDLE,84625C,743,70,8.61
EUCALYPTUS & PINECONE  WREATH,21352,742,11,1.46
COLUMBIAN CANDLE ROUND,72130,741,0,0.00
GLITTER HEART GARLAND WITH BELLS,21820,740,30,3.90
SET OF 12 LILY BOTANICAL T-LIGHTS,21611,735,6,0.81
HOUSE WRECKING METAL SIGN,21904,735,97,11.66
METAL SIGN HIS DINNER IS SERVED,22116,735,18,2.39
GLASS JAR MARMALADE,22363,735,152,17.14
SMALL SILVER TRELLIS CANDLEPOT,21696,734,30,3.93
BEADED CRYSTAL HEART PINK LARGE,85130D,734,0,0.00
PIN CUSHION BABUSHKA RED,22448,733,6,0.81
TV DINNER TRAY VINTAGE PAISLEY,22473,732,0,0.00
BLUE TEATIME PRINT BOWL,20671,731,0,0.00
BLACK STITCHED WALL CLOCK,84660B,727,0,0.00
SET/4 BUTTERFLY MIRROR MAGNETS,21307,726,1,0.14
STORAGE TIN VINTAGE LEAF,23235,726,14,1.89
"DECORATION , HANGING METAL CHICKEN",22289,723,0,0.00
PAINTED METAL TREE WITH HOLLY BELLS,21825,722,3,0.41
FELT EGG COSY LADYBIRD,22263,722,49,6.36
VINTAGE DOILY DELUXE SEWING KIT,23494,722,65,8.26
BOOM BOX SPEAKER BOYS,21064,721,9,1.23
DOLLY GIRL MINI BACKPACK,23390,721,1,0.14
FAIRY CAKE NOTEBOOK A5 SIZE,84534B,721,28,3.74
CHERUB HEART DECORATION GOLD,23224,719,14,1.91
2 PICTURE BOOK EGGS EASTER CHICKS,21456,718,1,0.14
2 PICTURE BOOK EGGS EASTER BUNNY,21458,718,0,0.00
DOORMAT WELCOME SUNRISE,22691,718,143,16.61
MAGAZINE RACK GEBRA ASSORTED,78124,718,0,0.00
WHITE HANGING BEADS CANDLE HOLDER,71038,717,13,1.78
ASS COL LARGE SAND FROG P'WEIGHT,17165D,716,6,0.83
MINATURE COLOURED GARDENING SET,47505,716,18,2.45
CHARLIE+LOLA RED HOT WATER BOTTLE,84031A,716,27,3.63
ROSE SCENT CANDLE JEWELLED DRAWER,72803A,715,4,0.56
LARGE CAKE STAND HANGING HEARTS,22060,714,26,3.51
BIRTHDAY PARTY CORDON BARRIER TAPE,22953,713,0,0.00
FELTCRAFT GIRL NICOLE KIT,23127,713,13,1.79
CERAMIC BOWL WITH LOVE HEART DESIGN,22062,711,7,0.97
CAKE STAND LOVEBIRD 2 TIER WHITE,22220,711,51,6.69
RETRO PLASTIC 70'S TRAY,79190A,711,33,4.44
PSYCHEDELIC WALL THERMOMETER,84925F,711,0,0.00
BLUE VICTORIAN FABRIC HEART BOX,35096A,710,0,0.00
FUNKY MONKEY MUG,37461,710,1,0.14
FLOWER FAIRY INCENSE LILY,17109A,709,0,0.00
SNOWFLAKE PORTABLE TABLE LIGHT,21744,708,6,0.84
LOVE HEART NAPKIN BOX,22862,708,4,0.56
COLOURFUL STANDING GNOME,21130,706,1,0.14
HANGING MEDINA LANTERN LARGE,21323,704,3,0.42
CALENDAR FAMILY FAVOURITES,22903,704,320,31.25
BLOSSOM  IMAGES NOTEBOOK SET,85019B,704,24,3.30
DOILY THANK YOU CARD,23695,703,0,0.00
WILLOW BRANCH LIGHTS.,79341,703,448,38.92
GREEN FERN JOURNAL,20768,702,0,0.00
FOLK ART METAL HEART T-LIGHT HOLDER,35968,701,25,3.44
ICON MUG REVOLUTIONARY,37413,701,0,0.00
CREAM SLICE FLANNEL CHOCOLATE SPOT,21106,698,0,0.00
SET OF 2 ROUND TINS DUTCH CHEESE,22496,698,6,0.85
FIRST CLASS HOLIDAY PURSE,20662,697,300,30.09
ASS COLOUR GLOWING TIARAS,84051,697,0,0.00
COOKING SET RETROSPOT,22618,696,131,15.84
PINK FLOWER CROCHET FOOD COVER,21465,695,2,0.29
FOLDING UMBRELLA PINKWHITE POLKADOT,21710,694,7,1.00
S/4 ROSE PINK DINNER CANDLES,72801C,693,12,1.70
SKULL DESIGN TV DINNER TRAY,22475,690,6,0.86
PLAYING CARDS VINTAGE DOILY,23502,690,0,0.00
SET/9 CHRISTMAS T-LIGHTS SCENTED,20878,689,0,0.00
PINK STITCHED WALL CLOCK,84660C,689,0,0.00
MEASURING TAPE BABUSHKA BLUE,22453,687,7,1.01
COLUMBIAN CANDLE ROUND,72128,686,0,0.00
CERAMIC BIRDHOUSE CRESTED TIT SMALL,21547,684,2,0.29
ASSTD DESIGN POP ART SLIM PEN,84934,684,1,0.15
BLACK GRAND BAROQUE PHOTO FRAME,85167B,684,0,0.00
BELLE JARDINIERE CUSHION COVER,23395,683,7,1.01
SET/4 BIRD MIRROR MAGNETS,21311,682,27,3.81
DRAWER KNOB CERAMIC RED,23033,679,0,0.00
CERAMIC BIRDHOUSE BUTTERFLY SMALL,21545,678,2,0.29
CLASSIC FRENCH STYLE BASKET NATURAL,21794,677,13,1.88
TWO EMBOSSED HEART MINI DRAWERS,21276,676,16,2.31
SET 12 WILDFLOWER BOTANICAL T-LIGHT,21612,676,6,0.88
CHILDRENS TOY COOKING UTENSIL SET,23348,676,23,3.29
3 RAFFIA RIBBONS VINTAGE CHRISTMAS,23435,676,0,0.00
MIXED NUTS LIGHT GREEN BOWL,84596J,676,6,0.88
BEADED CHANDELIER T-LIGHT HOLDER,23057,674,337,33.33
ASSORTED WHITE EMBOSSED CHINA MUGS,37441,674,1,0.15
BAKING MOULD ROSE MILK CHOCOLATE,22935,673,72,9.66
APRON APPLE DELIGHT,22939,671,14,2.04
ZINC HEART LATTICE DOUBLE PLANTER,20849,670,0,0.00
SET/4 DAISY MIRROR MAGNETS,21306,669,19,2.76
SMALL CHUNKY GLASS ROMAN  BOWL,21316,669,1,0.15
PINK METAL SWINGING BUNNY,85188B,669,0,0.00
SPRIG LAVENDER ARTIFICIAL FLOWER,84799,667,60,8.25
MUSHROOM BLUE HOT WATER BOTTLE,21482,665,6,0.89
WOODLAND SMALL RED FELT HEART,23473,665,0,0.00
VIP HOLIDAY PURSE,20670,664,312,31.97
HAWAIIAN GRASS SKIRT,21562,664,0,0.00
RIBBONS PURSE,21051,663,6,0.90
2 PICTURE BOOK EGGS EASTER DUCKS,21457,663,0,0.00
PARISIENNE KEY CABINET,23110,662,51,7.15
S/4 BLACK DINNER CANDLE SILVER FLOC,72800A,661,0,0.00
PASTEL PINK PHOTO ALBUM,16202A,660,324,32.93
CUPID DESIGN SCENTED CANDLES,72819,660,0,0.00
POMPOM CURTAIN,84356,660,6,0.90
SCOTTIES CHILDRENS APRON,47591B,659,0,0.00
GLASS JAR PEACOCK BATH SALTS,22362,658,49,6.93
STANDING METAL RABBIT WITH EGG,22290,657,1,0.15
JARDIN DE FEMME SCENTED CANDLE,20889,656,0,0.00
BEADED PEARL HEART WHITE LARGE,85130A,656,0,0.00
BEADED CRYSTAL HEART PINK SMALL,85129D,655,1,0.15
24 HANGING EASTER EGGS FLORAL TUB,21437,654,5,0.76
ROSE DES PADDED FLOOR CUSHION,84469,653,0,0.00
SET/6  ANGEL T-LIGHTS WHITE/GOLD,20950,652,0,0.00
RECTANGULAR SHAPED MIRROR,84976,652,14,2.10
GLITTER STAR GARLAND WITH BELLS,21821,651,13,1.96
WAKE UP COCKEREL TILE COASTER,84926A,651,0,0.00
BEADED CRYSTAL HEART BLUE  LARGE,85130C,650,0,0.00
IVORY GIANT GARDEN THERMOMETER,22926,649,15,2.26
DOGGY RUBBER,10120,648,30,4.42
GROW YOUR OWN HERBS SET OF 3,22443,648,5,0.77
LARGE WHITE/PINK ROSE ART FLOWER,84800L,647,24,3.58
4 PINK DINNER CANDLE SILVER FLOCK,72800C,646,0,0.00
ORGANISER WOOD ANTIQUE WHITE,22168,645,44,6.39
KEY CABINET MA CAMPAGNE,22763,645,7,1.07
BOX OF 6 ASSORTED COLOUR TEASPOONS,84969,645,5,0.77
ORIGAMI VANILLA INCENSE/CANDLE SET,17012A,644,0,0.00
PINK HEART SHAPE PHOTO FRAME,85025C,642,2,0.31
CERAMIC BIRDHOUSE FINCH BLUE ROOF,21548,641,15,2.29
FOLDING UMBRELLA CHOCOLATE POLKADOT,21709,640,0,0.00
HEART T-LIGHT HOLDER,21814,639,0,0.00
BROWN  PIRATE TREASURE CHEST,22069,639,0,0.00
WHITE NEWBAROQUE CANDLESTICK CANDLE,84625D,639,31,4.63
ROMANTIC IMAGES NOTEBOOK SET,85019A,639,24,3.62
"METAL SIGN,CUPCAKE SINGLE HOOK",82613B,638,21,3.19
"WHITE TEA,COFFEE,SUGAR JARS",85159B,638,39,5.76
CUBIC MUG PINK POLKADOT,37482P,636,0,0.00
SET/3 DECOUPAGE STACKING TINS,85232D,633,13,2.01
HAPPY EASTER HANGING DECORATION,22270,631,26,3.96
SET/6 BEAD COASTERS GAUZE BAG GOLD,47021G,631,0,0.00
MIRRORED WALL ART SNOWFLAKES,21373,629,12,1.87
WALL ART DOLLY GIRL,23529,629,0,0.00
HEARTS WRAPPING TAPE,10123C,628,150,19.28
RED HEART LUGGAGE TAG,20669,627,0,0.00
MONEY BOX CONFECTIONERY DESIGN,22408,626,37,5.58
PAPERWEIGHT SAVE THE PLANET,22389,624,100,13.81
PINK  HONEYCOMB PAPER BALL,21195,622,0,0.00
RED RETROSPOT BIG BOWL,21246,622,8,1.27
S/12 VANILLA  BOTANICAL T-LIGHTS,21613,620,0,0.00
PAINTED PINK RABBIT,21454,619,0,0.00
BUTTERFLY CROCHET FOOD COVER,21468,619,2,0.32
PACK OF 20 FAIRY CAKE PAPER NAPKINS,84520D,619,12,1.90
COSY SLIPPER SHOES LARGE GREEN,21741,618,1,0.16
4 BLUE DINNER CANDLES SILVER FLOCK,72800D,618,1,0.16
ORIGAMI JASMINE INCENSE/CANDLE SET,17012B,617,0,0.00
POLKADOT CUTLERY 24 PCS IN TRAY,47502,617,36,5.51
ROSE DU SUD COSMETICS BAG,21000,616,0,0.00
ROSE SCENT CANDLES IN GLASS,72728,614,0,0.00
MIRROR MOSAIC GOBLET CANDLE HOLDER,22105,613,241,28.22
WALL ART VILLAGE SHOW,23536,613,4,0.65
RED ORGANIC CANDLE IN GLASS,72023F,613,0,0.00
GARDENIA 3 WICK MORRIS BOXED CANDLE,85035A,613,34,5.26
COLOURING PENCILS BROWN TUBE,10134,612,10,1.61
STAR  T-LIGHT HOLDER,21815,612,1,0.16
BLACK PILLAR CANDLE SILVER FLOCK,72799A,612,0,0.00
BLUE POT PLANT CANDLE,20931,611,26,4.08
SET OF 6 FUNKY BEAKERS,21557,609,1,0.16
LE JARDIN BOTANIQUE CUSHION COVER,23396,609,4,0.65
CANDY SPOT EGG WARMER RABBIT,85094,609,1,0.16
UNION JACK HOT WATER BOTTLE,22125,608,63,9.39
RED SPOTTY WASHBAG,21157,606,6,0.98
GARDENIA 1 WICK MORRIS BOXED CANDLE,85036A,605,2,0.33
HOLLY TOP CHRISTMAS STOCKING,85084,605,0,0.00
SILVER RETRODISC LAMPSHADE,85162A,605,4,0.66
COTTON APRON PANTRY DESIGN,22990,602,126,17.31
APRON MODERN VINTAGE COTTON,21043,601,3,0.50
LETS GO SHOPPING COTTON TOTE BAG,21576,601,9,1.48
CAT BOWL VINTAGE CREAM,22853,600,6,0.99
HAND OPEN SHAPE GOLD,35001G,600,11,1.80
SET OF THREE 50'S GIFT WRAPS,21490,598,28,4.47
ABSTRACT CIRCLES SKETCHBOOK,20764,597,4,0.67
GARLAND WITH HEARTS AND BELLS,21812,597,26,4.17
MULTICOLOUR 3D BALLS GARLAND,21205,596,21,3.40
CERAMIC PLATE LOVE HEART DESIGN,22056,596,1,0.17
MA CAMPAGNE CUTLERY BOX,21781,595,44,6.89
LETTER HOLDER HOME SWEET HOME,23403,595,3,0.50
4 WILDFLOWER BOTANICAL CANDLES,21618,594,0,0.00
"ART LIGHTS,FUNK MONKEY",79302M,589,1,0.17
FLOWER FAIRY OIL BURNER SET ROSE,72755C,588,11,1.84
CHOCOLATE 1 WICK MORRIS BOX CANDLE,85036B,588,6,1.01
SPACEBOY ROCKET LOLLY MAKERS,23392,587,24,3.93
HANGING HEART BONHEUR,23398,587,1,0.17
EGG CUP MILKMAID INGRID,23564,587,0,0.00
VINTAGE RED ENAMEL TRIM JUG,23252,586,33,5.33
BLUE FLOCK GLASS CANDLEHOLDER,79328,586,4,0.68
BATHROOM SET LOVE HEART DESIGN,22137,583,3,0.51
CREAM SWEETHEART TRAYS,85065,582,36,5.83
SPOTTY PINK DUCK DOORSTOP,21408,580,5,0.85
EASTER TIN CHICKS PINK DAISY,22860,580,15,2.52
EGG CUP HENRIETTA HEN CREAM,23568,580,1,0.17
PARTY TIME DESIGN FLANNEL,21946,579,0,0.00
POCKET BAG PINK PAISELY BROWN SPOT,22280,579,0,0.00
BIRDS MOBILE VINTAGE DESIGN,22320,578,23,3.83
SET OF 72 GREEN PAPER DOILIES,84985A,578,5,0.86
CRYSTAL STUD EARRINGS CLEAR DISPLAY,90058A,576,36,5.88
RETRO PLASTIC DAISY TRAY,79190D,575,5,0.86
ENGLISH ROSE NOTEBOOK A6 SIZE,84535A,575,0,0.00
BISCUIT TIN VINTAGE GREEN,22843,574,16,2.71
BEACH HUT PHOTO FRAME,84684,574,52,8.31
SET/6 PINK BIRD T-LIGHT CANDLES,85170D,574,7,1.20
SMALL POP BOX FUNKY MONKEY,47310M,573,0,0.00
SMALL SILVER FLOWER CANDLE POT,21695,572,1,0.17
RECYCLED ACAPULCO MAT TURQUOISE,23052,571,1,0.17
PINK POLKADOT KIDS BAG,22323,570,12,2.06
GLASS BONBON JAR PARFUME AUX FLEURE,82607A,568,18,3.07
LARGE HEART FLOWERS HOOK,84971L,568,25,4.22
WALL ART BUFFALO BILL,23525,567,6,1.05
PINK MARSHMALLOW SCARF KNITTING KIT,82615,567,4,0.70
REGENCY CAKE SLICE,23164,564,1,0.18
BLACK SMALL GLASS CAKE STAND,84750B,564,5,0.88
WOODLAND BUNNIES LOLLY MAKERS,23559,563,0,0.00
WHITE SNOW SCANDINAVIAN STOCKING,35981C,563,0,0.00
CREAM WALL PLANTER HEART SHAPED,22822,562,2,0.35
DOLLY MIXTURE CHILDREN'S UMBRELLA,20686,561,8,1.41
STRAWBERRY DREAM CHILDS UMBRELLA,20684,560,12,2.10
BAKING MOULD EASTER EGG WHITE CHOC,22934,560,3,0.53
SET OF 10 LANTERNS FAIRY LIGHT STAR,23048,560,32,5.41
IVORY CHANDELIER T-LIGHT HOLDER,23055,560,336,37.50
LARGE HANGING GLASS+ZINC LANTERN,84760L,560,0,0.00
CAKE PLATE LOVEBIRD PINK,22223,559,1,0.18
ZINC HERB GARDEN CONTAINER,23091,559,7,1.24
SET OF 4 FAIRY CAKE PLACEMATS,84509B,559,4,0.71
EMBROIDERED RIBBON REEL DAISY,23515,558,0,0.00
PING MICROWAVE APRON,22123,557,24,4.13
LANDMARK FRAME CAMDEN TOWN,23553,557,0,0.00
DOORSTOP FOOTBALL DESIGN,22513,556,0,0.00
EMBROIDERED RIBBON REEL SUSIE,23513,556,6,1.07
TV DINNER TRAY AIR HOSTESS,22471,553,3,0.54
SET OF 2 TINS JARDIN DE PROVENCE,22500,553,4,0.72
RED HEARTS LIGHT CHAIN,85180A,553,15,2.64
PINK DOG BOWL,22701,552,16,2.82
CHRYSANTHEMUM  JOURNAL,20771,551,6,1.08
FOLDING UMBRELLA CREAM POLKADOT,21708,550,4,0.72
TEA FOR ONE POLKADOT,22891,549,36,6.15
"ACRYLIC JEWEL ICICLE, PINK",35818P,549,0,0.00
RED BIRD HOUSE TREE DECORATION,21017,548,0,0.00
LARGE MEDINA STAMPED METAL BOWL,21682,548,4,0.72
COLUMBIAN CUBE CANDLE,72132,548,0,0.00
DARK PINK FLOCK GLASS CANDLEHOLDER,79338,547,0,0.00
DINOSAUR HEIGHT CHART STICKER SET,21251,546,0,0.00
PINK HORSE SOCK PUPPET,85185B,546,1,0.18
PINK FLUFFY CHRISTMAS DECORATION,35607A,545,0,0.00
CHARLIE LOLA BLUE HOT WATER BOTTLE,84031B,544,26,4.56
WHITE HONEYCOMB PAPER GARLAND,21189,543,0,0.00
WHITE CHRISTMAS GARLAND STARS TREES,21804,543,2,0.37
BLUE POLKADOT KIDS BAG,22324,543,8,1.45
CAMPHOR WOOD PORTOBELLO MUSHROOM,21379,541,0,0.00
PINK HEART CANDY BUTTON CALCULATOR,21842,541,0,0.00
TABLECLOTH RED APPLES DESIGN,22894,541,2,0.37
TRAVEL CARD WALLET VINTAGE ROSE,23003,541,0,0.00
IVORY SWEETHEART WIRE LETTER RACK,23152,541,7,1.28
IVORY STRING CURTAIN WITH POLE,35637A,541,1,0.18
CLASSICAL ROSE SMALL VASE,84678,541,10,1.81
SMALL REGAL  SILVER CANDLEPOT,21694,540,0,0.00
CERAMIC BIRDHOUSE RED ROOF SMALL,21549,539,7,1.28
MIDNIGHT GLAMOUR SCARF KNITTING KIT,82616C,539,3,0.55
BLUE/BROWN DOTS RUFFLED UMBRELLA,85014C,539,192,26.27
HANGING BAUBLE T-LIGHT HOLDER SMALL,20893,538,111,17.10
ROSES ON BLUE TEACUP CANDLE,72045D,536,504,48.46
FRENCH ENAMEL WATER BASIN,85059,536,10,1.83
DISCO BALL ROTATOR BATTERY OPERATED,21464,534,21,3.78
LAVENDER TOILETTE BOTTLE,23418,533,0,0.00
T-LIGHT HOLDER HANGING LOVE BIRD,23490,533,3,0.56
VINTAGE BEAD PINK EVENING BAG,35646,533,0,0.00
FLOWER FAIRY OIL BURNER SET SUMMER,72755D,533,0,0.00
FRAPPUCINO SCARF KNITTING KIT,82616B,533,9,1.66
COFFEE SCENT PILLAR CANDLE,72122,531,0,0.00
SET/4 BADGES BEETLES,21222,530,0,0.00
SET 12 PEAR BOTANICAL T-LIGHTS,21610,529,0,0.00
POTTING SHED SOW 'N' GROW SET,21895,529,4,0.75
BLUE COAT RACK PARIS FASHION,22914,529,5,0.94
DOG BOWL VINTAGE CREAM,22852,528,5,0.94
HOT STUFF HOT WATER BOTTLE,23358,527,2,0.38
"HANGING FLOWERS+MIRROR,BLUE",35824B,527,0,0.00
OVAL WALL MIRROR DIAMANTE,22167,526,25,4.54
AIRLINE BAG VINTAGE WORLD CHAMPION,22372,526,7,1.31
ENGLISH ROSE TORCH,47504F,526,0,0.00
"METAL SIGN,CUPCAKE SINGLE HOOK",82613C,526,22,4.01
DOCTOR'S BAG SOFT TOY,21056,525,82,13.51
VINTAGE BEAD PINK SHADE,35647,525,0,0.00
EAU DE NILE HEART SHAPE PHOTO FRAME,85025B,525,4,0.76
EMBROIDERED RIBBON REEL EMILY,23511,524,5,0.95
GREEN CHERRY LIGHTS,79323GR,524,194,27.02
VIPPASSPORT COVER,20622,523,0,0.00
SMALL TALL CAMPHOR WOOD TOADSTOOL,21378,522,0,0.00
75 BLACK PETIT FOUR CASES,84993B,521,0,0.00
12 ASS ZINC CHRISTMAS DECORATIONS,35962,520,1,0.19
S/4 SKY BLUE DINNER CANDLES,72801D,520,0,0.00
LOVE LARGE WOOD LETTERS,21361,519,16,2.99
CLEAR COLOUR GLASS GEMS IN BAG,17129D,518,0,0.00
12 PENCILS SMALL TUBE POSY,20976,518,0,0.00
WHEELBARROW FOR CHILDREN,22526,518,12,2.26
LAUREL HEART ANTIQUE GOLD,23216,518,0,0.00
BOOM BOX SPEAKER GIRLS,21065,516,6,1.15
SET/4 BADGES DOGS,21220,516,0,0.00
6 HOOK JEWELLERY STAND BLACK DRESS,84396,516,0,0.00
PAISLEY PATTERN  STICKERS,21678,515,0,0.00
TEA COSY BLUE STRIPE,22308,515,26,4.81
BLACK SILOUETTE CANDLE PLATE,72780,513,12,2.29
DECORATIVE FLORE BATHROOM BOTTLE,21775,511,4,0.78
GLOW IN DARK DOLPHINS,84199,511,12,2.29
HEART MINI PORTRAIT FRAME,23452,510,1,0.20
CLASSICAL ROSE CANDLESTAND,84683,509,1,0.20
FRENCH PAISLEY CUSHION COVER,20839,507,0,0.00
LARGE ANTIQUE WHITE PHOTO FRAME,23092,507,10,1.93
ENGLISH ROSE EDWARDIAN PARASOL,15059A,505,0,0.00
PINK POODLE HANGING DECORATION,21144,505,12,2.32
SPOTS MUG,37330,504,12,2.33
CERAMIC LOVE HEARTS DESIGN MUG,22058,503,8,1.57
DRAWER KNOB VINTAGE GLASS STAR,23026,503,14,2.71
18PC WOODEN CUTLERY SET DISPOSABLE,23124,503,0,0.00
BEADED CRYSTAL HEART PINK ON STICK,85131D,503,0,0.00
PAINTED YELLOW WOODEN DAISY,21455,502,17,3.28
PINK  HONEYCOMB PAPER FAN,21194,501,10,1.96
BLACK METAL BAROQUE PHOTO FRAME,85166B,501,0,0.00
ORANGE TV TRAY TABLE,84313C,497,0,0.00
FLOWER FAIRY SET 3 CANDLES LAVENDER,72750B,495,18,3.51
FLOWER PENCIL/RUBBER+5 MINI PENCILS,16256B,493,0,0.00
ORIGAMI SANDLEWOOD INCENSE/CAND SET,17012F,493,0,0.00
YELLOW POT PLANT CANDLE,20933,493,0,0.00
SILVER LATTICE VANILLA CANDLE POT,21692,493,4,0.80
IVY HEART WREATH,21349,492,8,1.60
NATURAL BARK CANDLE SMALL,21283,491,12,2.39
3 TIER CAKE TIN GREEN AND CREAM,22839,489,15,2.98
FLOWERS TILE HOOK,84927E,489,194,28.40
BLUE YELLOW FLOWER PIGGY BANK,37492B,488,18,3.56
KITCHEN FLOWER POTS WALL PLAQUE,84637,487,0,0.00
CHRISTMAS HANGING SNOWFLAKE,23058,486,0,0.00
GARLAND WITH STARS AND BELLS,21813,484,21,4.16
EMBROIDERED RIBBON REEL ROSIE,23512,484,0,0.00
WALL ART 70'S ALPHABET,23542,484,6,1.22
SILVER BLUE EGG T-LIGHT HOLDER,71028B,483,0,0.00
SET/4 BADGES WOODLAND ANIMAL,21223,482,0,0.00
SET 3 WICKER OVAL BASKETS W LIDS,22783,481,0,0.00
CLASSIC FRENCH STYLE BASKET GREEN,21792,478,5,1.04
FELT FARM ANIMAL HEN,22259,478,3,0.62
ORIGAMI ROSE INCENSE CONES,17014D,476,0,0.00
GARDEN PATH SKETCHBOOK,20766,475,4,0.84
12 EGG HOUSE PAINTED WOOD,22282,475,2,0.42
ASSTD COL BUTTERFLY/CRYSTAL W/CHIME,75178,475,0,0.00
GLASS CHALICE GREEN  SMALL,21319,474,39,7.60
CREAM SWEETHEART WALL CABINET,85067,472,11,2.28
AIRLINE BAG VINTAGE JET SET BROWN,22375,471,2,0.42
PARISIENNE CURIO CABINET,23112,471,33,6.55
12 MINI TOADSTOOL PEGS,21440,465,2,0.43
BLUE GIANT GARDEN THERMOMETER,22925,465,8,1.69
PARLOUR CERAMIC WALL HOOK,23075,465,34,6.81
WALL ART HORSE & PONY,23524,465,6,1.27
PSYCHEDELIC TILE COASTER,84926F,465,24,4.91
BEAUTY SPEED EXPRESSO CUPS,20688,462,0,0.00
RETRO SPOT CERAMIC TOASTRACK,21529,462,8,1.70
CANDLE PLATE LACE WHITE,22214,462,0,0.00
WALL ART SPACEBOY,23528,462,0,0.00
SET OF 4 PISTACHIO LOVEBIRD COASTER,84951A,461,24,4.95
SILVER DIAMANTE PEN IN GIFT BOX,21849,460,96,17.27
BLUE PADDED SOFT MOBILE,20703,459,29,5.94
GOLD FABRIC MIRROR,20869,459,0,0.00
BROCANTE COAT RACK,22788,459,7,1.50
RECYCLED ACAPULCO MAT GREEN,23050,459,1,0.22
BLUE POLKADOT PASSPORT COVER,20615,458,0,0.00
WHITE GOOSE FEATHER CHRISTMAS TREE,21262,458,11,2.35
EMBROIDERED RIBBON REEL SALLY,23514,458,6,1.29
PINK FLY SWAT,84673A,457,1,0.22
SMALL TAHITI BEACH BAG,84856S,457,1,0.22
GREEN CHRISTMAS TREE STRING 20LIGHT,85045,457,12,2.56
"BLACK TEA,COFFEE,SUGAR JARS",85159A,456,43,8.62
LOVE POTION MASALA INCENSE,17084J,454,0,0.00
SET/4 BADGES CUTE CREATURES,21221,454,0,0.00
MIRRORED WALL ART SKULLS,21374,454,0,0.00
SET/4 SCENTED CANDLES IN RAMEKINS,72772,454,0,0.00
GREEN METAL BOX ARMY SUPPLIES,23081,453,6,1.31
FIRST CLASS PASSPORT COVER,20617,452,0,0.00
PINK PILLAR CANDLE SILVER FLOCK,72799C,452,0,0.00
LA PALMIERA WALL THERMOMETER,84925D,452,372,45.15
RETRO PLASTIC POLKA TRAY,79191B,451,32,6.63
ROUND PURPLE CLOCK WITH SUCKER,81952V,451,0,0.00
S/12 MINI RABBIT EASTER,85187,451,0,0.00
WRAP SPEED DEMONS,16161C,450,0,0.00
SKULLS STORAGE BOX LARGE,21425,450,31,6.44
MOCK LOBSTER FRIDGE MAGNET,21698,450,0,0.00
FIVE CATS HANGING DECORATION,22317,450,0,0.00
FOLKART CROWN TABLE DECORATIONS,35969,450,0,0.00
PACK 3 IRON ON DOG PATCHES,84569A,450,1,0.22
AIRLINE BAG VINTAGE JET SET WHITE,22376,449,0,0.00
SPACEBOY BABY GIFT SET,23007,449,6,1.32
SHELF WITH 4 HOOKS HOME SWEET HOME,23400,448,2,0.44
"METAL SIGN,CUPCAKE SINGLE HOOK",82613A,448,2,0.44
WALL MOUNTED VINTAGE ORGANISER,21768,447,1,0.22
PINK SMALL GLASS CAKE STAND,84750A,447,40,8.21
SILVER PLATE CANDLE BOWL LARGE,21687,446,1,0.22
CLEAR MILKSHAKE GLASS,20798,445,76,14.59
MIRRORED WALL ART STARS,21365,444,0,0.00
SMALL CAMPHOR WOOD FIELD  MUSHROOM,21377,444,24,5.13
RUSTIC STRAWBERRY JAM POT SMALL,23325,444,18,3.90
S/3 FLWR FAIRY LAVENDER CANDLES,72753B,444,0,0.00
FLYING PIG WATERING CAN,84674,444,7,1.55
RUSTIC MIRROR WITH LACE HEART,23401,443,3,0.67
WHITE ADVENT CANDLE,72529W,443,74,14.31
TRANQUILITY MASALA INCENSE,17084A,442,0,0.00
SKULLS STORAGE BOX SMALL,21427,441,16,3.50
SMALL ZINC/GLASS CANDLEHOLDER,72811,441,0,0.00
DOG TOY WITH PINK CROCHET SKIRT,84581,441,0,0.00
ENGLISH ROSE SCENTED HANGING FLOWER,47574A,440,2,0.45
PEACE SMALL WOOD LETTERS,21364,439,2,0.45
MOBILE VINTAGE HEARTS,22325,439,48,9.86
A PRETTY THANK YOU CARD,23697,438,0,0.00
HOME SWEET HOME BOTTLE,23419,437,1,0.23
SET OF 3 BLUE STRIPE BASKET,21795,436,1,0.23
TEA TIME TEA SET IN GIFT BOX,37501,436,15,3.33
PANTRY APPLE CORER,22981,435,6,1.36
RECYCLED ACAPULCO MAT RED,23049,435,3,0.68
LANDMARK FRAME COVENT GARDEN,23556,435,1,0.23
FOOT STOOL HOME SWEET HOME,23397,434,6,1.36
HOME SWEET HOME KEY HOLDER,23406,434,3,0.69
BLUE KNITTED HEN,35915B,434,0,0.00
JOY LARGE WOOD LETTERS,21360,433,2,0.46
WHITE CANDYSTUFT ARTIFICIAL FLOWER,84806B,433,0,0.00
HOT WATER BOTTLE SEX BOMB,23357,432,0,0.00
ENCHANTED BIRD PLANT CAGE,84789,432,8,1.82
FELTCRAFT BOY JEAN-PAUL KIT,23128,431,7,1.60
HELLO SAILOR BLUE SOAP HOLDER,84849A,430,23,5.08
LARGE ROUND WICKER PLATTER,21742,429,0,0.00
FRENCH CHATEAU SMALL FRUITBOWL,85028S,429,38,8.14
S/3 TEAR DROP CUT GLASS DECORATION,85112,429,0,0.00
GREEN GIANT GARDEN THERMOMETER,22927,428,14,3.17
"WHITE PEARL BEADED HEART, SMALL",85129A,428,12,2.73
SET/6 EAU DE NIL BIRD T-LIGHTS,85170C,428,1,0.23
BABY MOUSE RED GINGHAM DRESS,21841,427,3,0.70
MIRROR MOSAIC HURRICANE LAMP,22106,427,121,22.08
MONEY BOX FIRST ADE DESIGN,22407,427,36,7.78
PINK FEATHER CHRISTMAS DECORATION,35609A,427,0,0.00
ORIGAMI ROSE INCENSE/CANDLE SET,17012D,426,0,0.00
RED COAT RACK PARIS FASHION,22913,425,4,0.93
BLUE CIRCLES DESIGN MONKEY DOLL,84507C,425,10,2.30
COCKLE SHELL DISH,21417,424,25,5.57
EASTER TREE YELLOW BIRDS,22281,423,16,3.64
"FRENCH BOTTLE , LAVENDER",21255,422,13,2.99
GLASS CLOCHE LARGE,22777,422,6,1.40
ENAMEL FIRE BUCKET CREAM,22428,421,14,3.22
CURIOUS  IMAGES NOTEBOOK SET,85019C,421,36,7.88
CHRISTMAS CRAFT HEART DECORATIONS,22143,420,12,2.78
PAPER BUNTING VINTAGE PARTY,23598,420,0,0.00
BLUE FLY SWAT,84673B,420,1,0.24
BLUE POLKADOT GARDEN PARASOL,15058A,419,17,3.90
DOLLY GIRL BABY GIFT SET,23008,419,7,1.64
LANDMARK FRAME OXFORD STREET,23554,419,0,0.00
LANDMARK FRAME NOTTING HILL,23555,419,0,0.00
TUB 24 PINK FLOWER PEGS,85214,419,0,0.00
"ACRYLIC JEWEL SNOWFLAKE,PINK",35817P,418,0,0.00
GREEN FERN SKETCHBOOK,20762,416,4,0.95
SMALL BONNE JAM JAR  T-LIGHT HOLDER,23022,416,30,6.73
PEARLISED IVORY HEART LARGE,23482,415,0,0.00
WALL ART ANIMALS AND NATURE,23527,415,7,1.66
SET OF 36 SILVER PAPER DOILIES,84986B,415,0,0.00
GOLD PRINT PAPER BAG,35271S,414,0,0.00
ICE CREAM DESIGN GARDEN PARASOL,15058C,413,4,0.96
BLUE PAISLEY SKETCHBOOK,20761,413,4,0.96
ASSORTED TUTTI FRUTTI PHOTO FRAME,21649,413,4,0.96
MILK PAN BLUE POLKADOT,22204,413,14,3.28
S/4 BLACK MINI ROSE CANDLE IN BOWL,85039C,413,2,0.48
MULTICOLOUR  CONFETTI IN TUBE,21197,412,21,4.85
PINK PAISLEY CUSHION COVER,84910A,412,13,3.06
WATERING CAN SINGLE HOOK PISTACHIO,85119,412,16,3.74
FRYING PAN BLUE POLKADOT,22201,411,2,0.48
SET OF 6 T-LIGHTS WEDDING CAKE,22806,410,52,11.26
LANDMARK FRAME LONDON BRIDGE,23558,410,0,0.00
PAINTED BIRD ASSORTED CHRISTMAS,21133,409,0,0.00
GINGHAM RECIPE BOOK BOX,23424,409,1,0.24
BLOSSOM IMAGES SCRAP BOOK SET,85031B,408,0,0.00
PACK 3 FIRE ENGINE/CAR PATCHES,84569B,407,1,0.25
SINGLE WIRE HOOK PINK HEART,23139,406,12,2.87
CHRYSANTHEMUM SKETCHBOOK,20765,405,5,1.22
CHRISTMAS TREE T-LIGHT HOLDER,21816,405,0,0.00
SET OF 4 NAPKIN CHARMS LEAVES,22643,405,0,0.00
6PC WOOD PLATE SET DISPOSABLE,23125,405,0,0.00
EGG FRYING PAN RED,23338,405,6,1.46
PURPLE ANEMONE ARTIFICIAL FLOWER,84802B,405,0,0.00
LAUREL STAR ANTIQUE SILVER,23219,404,0,0.00
DAISY JOURNAL,20769,403,0,0.00
"ACRYLIC JEWEL ICICLE, BLUE",35818B,403,0,0.00
RETRO SISTERS EXPRESSO CUPS,20689,400,12,2.91
SET OF RED SALAD SERVERS,21247,400,0,0.00
URBAN CHIC CHOPSTICKS SET/5,20989,397,0,0.00
"NURSERY A,B,C PAINTED LETTERS",21462,397,6,1.49
SET 3 WICKER LOG BASKETS,21737,397,0,0.00
GREEN JUICY FRUIT PHOTO FRAME,85124C,397,6,1.49
EAU DE NIL LOVE BIRD CANDLE,85169C,397,0,0.00
SPACE OWL,21026,396,0,0.00
CANDY SPOT HEART DECORATION,85086A,396,0,0.00
MADRAS NOTEBOOK LARGE,21635,395,12,2.95
GOLD PHOTO FRAME,20831,394,6,1.50
SET OF SKULL WALL STICKERS,21250,394,0,0.00
SAVOY ART DECO CLOCK,22461,394,61,13.41
SET OF 6 T-LIGHTS EASTER CHICKS,22808,394,18,4.37
POSTE FRANCE CUSHION COVER,23394,392,0,0.00
FRENCH LATTICE CUSHION COVER,20838,391,12,2.98
VINTAGE CHRISTMAS TABLECLOTH,23314,391,5,1.26
ENAMEL PINK SUGAR CONTAINER,35811A,391,2,0.51
DAISY FOLKART HEART DECORATION,35972,389,0,0.00
WALL ART CAT AND BIRD,23521,388,0,0.00
PEACH KNITTED HEN,35915C,388,0,0.00
BEACH HUT DESIGN BLACKBOARD,84688,388,53,12.02
SMALL WHITE/PINK ROSE ART FLOWER,84800S,388,2,0.51
CAKES AND RABBITS DESIGN FLANNEL,21943,387,0,0.00
RETROSPOT BABUSHKA DOORSTOP,22511,387,0,0.00
SET/6 BLACK SNOWFLAKE T-LIGHTS,35991,387,0,0.00
PINK 5 PATCH FLOWER CUSHION COVER,84908A,387,1,0.26
COSY SLIPPER SHOES SMALL  RED,21738,386,5,1.28
ROMANTIC IMAGES SCRAP BOOK SET,85031A,386,0,0.00
BLUE 5 PATCH FLOWER CUSHION COVER,84908B,385,0,0.00
VINTAGE BLUE TINSEL REEL,21268,383,0,0.00
LILAC DIAMANTE PEN IN GIFT BOX,21851,383,0,0.00
FLOWER FAIRY SET OF 3 LILY CANDLES,72750A,383,2,0.52
BREAD BIN DINER STYLE MINT,22849,382,16,4.02
RUSTIC STRAWBERRY JAM POT LARGE,23324,381,35,8.41
"ACRYLIC HANGING JEWEL,BLUE",35819B,381,0,0.00
RAINBOW PEGS PHOTO CLIP STRING,47471,381,0,0.00
FLAG OF ST GEORGE,84033,381,10,2.56
ORIGAMI SANDLEWOOD INCENSE+FLOWER,17011F,380,0,0.00
SET OF 4 DIAMOND NAPKIN RINGS,84813,379,1,0.26
MUG AND COASTER SET RED CIRCLES,22864,378,0,0.00
DOORSTOP RACING CAR DESIGN,22512,375,0,0.00
FOLKART HEART NAPKIN RINGS,35965,375,24,6.02
REDWHITE STRIPE SCANDINAVIAN HEART,35980C,375,44,10.50
CANDY SPOT TEA COSY,85092,374,24,6.03
PINK LOVE BIRD CANDLE,85169D,374,0,0.00
TROPICAL PASSPORT COVER,20619,373,0,0.00
SET 5 MINI DOUGHNUT FRIDGE MAGNET,21697,372,0,0.00
SEWING BOX RETROSPOT DESIGN,22509,372,19,4.86
LAUREL STAR ANTIQUE GOLD,23218,372,0,0.00
PINK DRESS JEWELLERY STAND,84402D,371,0,0.00
BLUE SQUARE COMPACT MIRROR,84875D,371,0,0.00
RED SPOTTY TABLECLOTH,21153,370,2,0.54
BEADED CRYSTAL HEART BLUE SMALL,85129C,370,0,0.00
ANTIQUE SILVER BAUBLE LAMP,23085,369,13,3.40
MIRRORED WALL ART POPPIES,21371,368,0,0.00
GREEN SQUARE COMPACT MIRROR,84875B,367,0,0.00
SET OF 4 BLACK LOVEBIRD COASTERS,84951B,366,0,0.00
MINT DINER WALL CLOCK,23342,365,1,0.27
PINK YELLOW PATCH CUSHION COVER,84907,365,6,1.62
COSY SLIPPER SHOES SMALL GREEN,21739,364,1,0.27
BLUE PATCH PURSE PINK HEART,20854,363,15,3.97
SWEETHEART WIRE MAGAZINE RACK,22794,362,5,1.36
RABBIT  DESIGN  COTTON TOTE BAG,21580,361,6,1.63
GOLD WINE GLASS,20825,360,6,1.64
TUB 24 HANGING EASTER EGGS SPOTTY,21438,360,4,1.10
I LOVE LONDON MINI BACKPACK,23391,360,0,0.00
SET OF 3 BIRD L.BLUE FEATHER,35471A,360,25,6.49
"STRING OF 8 BUTTERFLIES,PINK",75013B,360,1,0.28
"GREETING CARD, OVERCROWDED POOL.",84251G,360,0,0.00
KENSINGTON COFFEE SET,20748,359,0,0.00
SET 3 JARDIN DE FEMME SCENT CANDLES,20888,359,0,0.00
FOLDING UMBRELLA WHITE/RED POLKADOT,21711,359,0,0.00
CAKE STAND VICTORIAN FILIGREE SMALL,22182,359,4,1.10
SQUARECUSHION COVER PINK UNION FLAG,22785,359,0,0.00
PURPLE GREEN FLOWER PIGGY BANK,37492D,359,8,2.18
BEACH HUT KEY CABINET,84685,359,3,0.83
GLASS CHALICE GREEN  LARGE,21320,358,22,5.79
BREAD BIN DINER STYLE PINK,22848,358,13,3.50
EGG FRYING PAN IVORY,23335,358,12,3.24
COLUMBIAN CANDLE ROUND,72127,358,1,0.28
JELLY BABIES YELLOW SMALL BOWL,84596K,358,1,0.28
FUNKY GIRLZ ASST MAGNETIC MEMO PAD,16212,357,0,0.00
SET OF 4 NAPKIN CHARMS CROWNS,22638,357,1,0.28
EMBROIDERED RIBBON REEL RACHEL,23518,357,6,1.65
WALL ART TREASURE AHOY,23523,357,6,1.65
SMALL KITCHEN FLOWER POTS PLAQUE,84638,356,0,0.00
FLOWER FAIRY SUMMER BOUQUET SACHET,17108D,355,0,0.00
SILVER APERITIF GLASS,20826,355,0,0.00
BLUE DELPHINIUM ARTIFICIAL FLOWER,84804B,355,1,0.28
SET/3 POLKA DOT STACKING TINS,85232A,355,32,8.27
ASSORTED COLOUR SUCTION CUP HOOK,47420,354,0,0.00
SET OF 16 VINTAGE PISTACHIO CUTLERY,84968C,354,4,1.12
BLACK DINER WALL CLOCK,22194,353,6,1.67
SET/12 FUNKY FELT FLOWER PEG IN BAG,85208,353,0,0.00
WHITE GOOSE FEATHER TREE 60CM,21264,352,8,2.22
TREE T-LIGHT HOLDER WILLIE WINKIE,23272,352,0,0.00
RETRO PINK BALL ASHTRAY,84597C,352,4,1.12
VICTORIAN METAL POSTCARD CHRISTMAS,21134,351,0,0.00
HEART MIRROR ANTIQUE WHITE,23412,351,2,0.57
WHITE CHOCOLATE SCENT CANDLE,72739B,351,0,0.00
PACK 4 FLOWER/BUTTERFLY PATCHES,84569C,351,13,3.57
SET OF 16 VINTAGE ROSE CUTLERY,84968A,351,34,8.83
NURSE'S BAG SOFT TOY,21054,350,2,0.57
LARGE TORTILLA DESIGN RED BOWL,84595E,350,0,0.00
PINK HAWAIIAN PICNIC HAMPER FOR 4,84797A,349,0,0.00
EGG CUP MILKMAID HELGA,23565,348,5,1.42
PAISLEY PARK CARD,23694,348,0,0.00
PAPER LANTERN 9 POINT DELUXE STAR,23046,347,0,0.00
LANDMARK FRAME BAKER STREET,23557,347,0,0.00
SET OF 3 GOLD FLYING DUCKS,35004G,347,8,2.25
MR ROBOT SOFT TOY,20704,345,4,1.15
GRASS HOPPER WOODEN WALL CLOCK,84663A,345,6,1.71
CLASSIC FRENCH STYLE BASKET BROWN,21793,344,0,0.00
WHITE WITH BLACK CATS BOWL,37422,344,0,0.00
BEACH HUT MIRROR,84686,344,20,5.49
PINK RIVIERA HANDBAG,84858C,344,0,0.00
MIRROR LOVE BIRD T-LIGHT HOLDER,84952C,343,0,0.00
CURIOUS IMAGES SCRAP BOOK SET,85031C,343,0,0.00
WALL ART DOG AND BALL,23522,341,0,0.00
SET OF 16 VINTAGE RED CUTLERY,84968D,341,1,0.29
WHITE HEARTS WIRE PLANT POT HOLDER,23107,340,0,0.00
FIRST CLASS LUGGAGE TAG,20654,339,0,0.00
METAL SHELF WITH RAIL,22172,339,4,1.17
BLUE CLIMBING HYDRANGA ART FLOWER,84805B,339,0,0.00
PINK JUICY FRUIT PHOTO FRAME,85124A,339,8,2.31
BALLERINA HEART DECORATION.,16239,338,0,0.00
HANGING METAL BIRD BATH,21765,338,9,2.59
NATURAL BARK CANDLE LARGE,21282,337,12,3.44
SILVER VANILLA  FLOWER CANDLE POT,21689,337,0,0.00
PAPERWEIGHT KINGS CHOICE,22394,337,6,1.75
"TRAY, BREAKFAST IN BED",22760,337,10,2.88
VINTAGE BEAD PINK SCARF,35651,337,12,3.44
PINK/YELLOW FLOWERS HANDBAG,62096A,337,0,0.00
CANDY SPOT BREAD BASKETS,85091,337,17,4.80
RECYCLED ACAPULCO MAT BLUE,23051,335,2,0.59
PINK BUTTERFLY WASHBAG,84922,335,0,0.00
ORIGAMI LAVENDER INCENSE+FLOWER,17011C,334,0,0.00
ZINC HEART LATTICE TRAY OVAL,20851,334,2,0.60
TEA TIME PAPER LANTERNS,40018E,334,0,0.00
PIN CUSHION BABUSHKA PINK,22446,333,6,1.77
WHITE AND BLUE CERAMIC OIL BURNER,18094C,332,1,0.30
DENIM PATCH PURSE PINK BUTTERFLY,20856,332,11,3.21
SET/6 GINGERBREAD STAR T-LIGHTS,20943,332,1,0.30
JINGLE BELLS TREE DECORATION,21147,331,2,0.60
BLUE JUICY FRUIT PHOTO FRAME,85124B,331,6,1.78
BEADED CRYSTAL HEART GREEN ON STICK,85131B,330,0,0.00
PINK ENAMEL+GLASS HAIR COMB,90209C,330,6,1.79
GLASS SPHERE CANDLE STAND MEDIUM,21317,329,3,0.90
GLASS CAKE COVER AND PLATE,21667,329,25,7.06
BLOND DOLL DOORSTOP,21117,328,0,0.00
BLUE FLYING SINGING CANARY,85098B,328,49,13.00
GREEN HEART COMPACT MIRROR,84876B,327,0,0.00
SILVER GLASS T-LIGHT SET,85104,327,8,2.39
MARIE ANTOINETTE TRINKET BOX SILVER,23072,326,72,18.09
HOME SWEET HOME HOOK,23415,326,5,1.51
WALL ART VINTAGE HEART,23538,326,0,0.00
BLUE RIVIERA HANDBAG,84858B,326,0,0.00
RED/CREAM STRIPE FRINGE HAMMOCK,21923,325,2,0.61
"HANGING FLOWERS+MIRROR,PINK",35824P,324,0,0.00
FUNKY MONKEY CUSHION COVER,46118,324,0,0.00
BLUE HEART COMPACT MIRROR,84876D,324,14,4.14
PSYCHEDELIC TILE HOOK,84927F,324,6,1.82
SET OF 3 RED STRIPE BASKETS,21796,323,0,0.00
SILVER CHERRY LIGHTS,79323S,323,157,32.71
FELT FARM ANIMAL SHEEP,22257,322,12,3.59
PINK AND WHITE CHRISTMAS TREE 120CM,35599D,322,6,1.83
HEN HOUSE W CHICK STANDING,84228,322,1,0.31
PURPLE FOXGLOVE ARTIIFCIAL FLOWER,84798B,322,0,0.00
RED PEONY CUSHION COVER,84984B,322,2,0.62
PORCELAIN CHERUB BELL SMALL,20952,321,260,44.75
LOO ROLL  METAL SIGN,21173,321,12,3.60
BLUE  DIAMANTE PEN IN GIFT BOX,21850,321,36,10.08
MINI CAKE STAND HANGING HEARTS,22054,321,14,4.18
RED DAISY PAPER LAMPSHADE,40046A,321,0,0.00
CLAM SHELL SMALL,21415,320,0,0.00
CARD HOLDER LOVE BIRD SMALL,23469,320,4,1.23
PHOTO CLIP LINE,71270,320,0,0.00
COLUMBIAN  CUBE CANDLE,72134,320,0,0.00
PINK CANDYSTUFT ARTIFICIAL FLOWER,84806A,319,0,0.00
RECYCLED ACAPULCO MAT PINK,23053,318,1,0.31
ASSTD HEARTS DESIGN MUGS,37345,318,0,0.00
WHITE TISSUE REAM,22415,317,0,0.00
DRAWER KNOB VINTAGE GLASS BALL,23025,317,6,1.86
FRENCH STYLE STORAGE JAR JAM,23185,317,1,0.31
DANISH ROSE TRINKET TRAYS,84820,317,6,1.86
NIGHTINGALE COATHOOK WHITE,85117,317,0,0.00
PINK PATCH PENCIL CASE BLUE HEART,20862,316,1,0.32
TOOL BOX SOFT TOY,21055,316,7,2.17
SET/6 GREEN SPRING PAPER CUPS,21089,316,0,0.00
CERAMIC STRAWBERRY TRINKET TRAY,21555,316,1,0.32
50CM METAL STRING WITH  7 CLIPS,47481,316,0,0.00
FRENCH ENAMEL UTENSIL HOLDER,85055,316,0,0.00
PINK GOOSE FEATHER TREE 60CM,21265,315,20,5.97
OVAL  MINI PORTRAIT FRAME,23453,315,0,0.00
SET OF 16 VINTAGE BLACK CUTLERY,84968E,315,4,1.25
MARIE ANTOINETTE TRINKET BOX GOLD,23071,313,76,19.54
SCOTTIES DESIGN WASHBAG,47594B,313,23,6.85
PURPLE PILLAR CANDLE BLACK FLOCK,72799B,313,0,0.00
EMBROIDERED RIBBON REEL REBECCA,23517,312,0,0.00
PINK STOCKING CHRISTMAS DECORATION,35933,312,0,0.00
S/3 FLWR FAIRY LILLY CANDLES,72753A,312,0,0.00
"GREETING CARD, RITA",84251F,312,0,0.00
WHITE TRAVEL ALARM CLOCK,84659A,311,3,0.96
BLACK LOVE BIRD T-LIGHT HOLDER,84952B,311,3,0.96
PINK CAT BOWL,22703,310,0,0.00
PHOTO FRAME LINEN AND LACE SMALL,23408,310,14,4.32
BLACK FEATHER CHRISTMAS DECORATION,35607B,310,0,0.00
BLUE SAVANNAH PICNIC HAMPER FOR 4,84797B,310,2,0.64
MAXWELL 2 TONE BLUE 60 PAGE PHOTO A,16244B,309,0,0.00
PICCADILLY TEA SET,20747,309,4,1.28
FORKED CACTUS CANDLE,20936,309,9,2.83
JAM CLOCK MAGNET,23178,309,5,1.59
GINGHAM BABUSHKA DOORSTOP,22510,308,0,0.00
BEADED CRYSTAL HEART BLUE ON STICK,85131C,308,0,0.00
VINTAGE NOTEBOOK TRAVELOGUE,20898,307,6,1.92
ENAMEL BLUE RIM COFFEE CONTAINER,35810B,307,13,4.06
"FLOWER FAIRY,5 SUMMER B'DRAW LINERS",17107D,306,0,0.00
BUBBLE GUM SCARF KNITTING KIT,82616A,306,0,0.00
ENGLISH ROSE DESIGN QUILTED THROW,84467,306,2,0.65
PINK POT PLANT CANDLE,20932,305,17,5.28
PAPERWEIGHT HOME SWEET HOME,22391,305,0,0.00
S/2 BEACH HUT TREASURE CHESTS,84689,305,17,5.28
BLUE/CREAM STRIPE FRINGE HAMMOCK,21924,304,10,3.18
CLOCK MAGNET MUM'S KITCHEN,23179,304,0,0.00
GROOVY CACTUS INFLATABLE,10080,303,0,0.00
STRING OF STARS CARD HOLDER,22164,303,1,0.33
WALL MIRROR RECTANGLE DIAMANTE PINK,22166,303,8,2.57
PACK/12 XMAS FUN CARD,84247E,303,95,23.87
PINK DISCO HANDBAG,84859C,302,0,0.00
PINK POLKADOT GARDEN PARASOL,15058B,301,9,2.90
MA CAMPAGNE MINI WOODEN CHEST,21779,301,10,3.22
5 HOOK BLACKBOARD ORGANISER,22177,300,25,7.69
NEWSPAPER STAND,22765,300,1,0.33
GOLD  CHERRY LIGHTS,79323G,300,174,36.71
GLASS SPHERE CANDLE STAND LARGE,21322,299,0,0.00
VINTAGE NOTEBOOK PARIS DAYS,20897,298,12,3.87
SET OF 4 NAPKIN CHARMS 3 KEYS,22640,298,0,0.00
WOODLAND SMALL BLUE FELT HEART,23474,297,0,0.00
ELVIS WALLHANGING / CURTAIN,46126A,297,0,0.00
CRYSTAL STILETTO PHONE CHARM,90085,297,90,23.26
SILVER PHOTO FRAME,20830,296,9,2.95
YELLOW COAT RACK PARIS FASHION,22912,296,6,1.99
PARISIENNE SEWING BOX,23111,296,24,7.50
GINGHAM HEART DECORATION,84791,296,6,1.99
PINK CHRYSANTHEMUMS ART FLOWER,84809B,296,0,0.00
SET/5 BLUE SPOTTY LID GLASS BOWLS,20913,295,0,0.00
CANDY BUTTON PHOTO ALBUM,84869,295,0,0.00
CIRCLE OF FRIENDS CANDLE HOLDER,17181,294,0,0.00
METAL MEDINA LANTERN,21728,294,2,0.68
BLACK FLOWER CANDLE PLATE,84499,294,0,0.00
OCEAN STRIPE HAMMOCK,84795C,294,1,0.34
ROUND CACTUS CANDLE,20935,293,6,2.01
LARGE CHUNKY GLASS ROMAN BOWL,21312,293,13,4.25
HENRIETTA HEN MUG,23660,293,16,5.18
LARGE SKULL WINDMILL,21750,292,1,0.34
EASTER TIN CHICKS IN GARDEN,22861,292,0,0.00
"ACRYLIC JEWEL ANGEL,PINK",35816P,292,0,0.00
FLOWER FAIRY POTPOURRI CUSHION LILY,72754A,292,0,0.00
BEACH HUT SHELF W 3 DRAWERS,84687,292,7,2.34
EAU DE NILE JEWELLED PHOTOFRAME,85023B,292,74,20.22
EMBROIDERED RIBBON REEL SOPHIE,23516,291,0,0.00
DARK CHOCOLATE SCENTCANDLE,72739C,291,25,7.91
TURQOISE ICE CREAM SUNHAT,62095B,289,0,0.00
GREEN CAT FLORAL CUSHION COVER,20700,288,2,0.69
RED VICTORIAN FABRIC HEART BOX,35096B,288,0,0.00
CREAM KNITTED HEN,35915A,288,0,0.00
CD WALL TIDY RED FLOWERS,71495B,288,0,0.00
ECONOMY LUGGAGE TAG,20659,287,0,0.00
IVORY HANGING DECORATION  CHICKEN,21388,287,0,0.00
DRAWER KNOB VINTAGE GLASS HEXAGON,23027,287,0,0.00
JARDIN ETCHED GLASS CHEESE DISH,85144,287,2,0.69
PINK MINI TAPE MEASURE,20736,286,0,0.00
GREEN GOOSE FEATHER TREE 60CM,21263,286,2,0.69
GREEN POP ART MAO CUSHION COVER,46115B,286,0,0.00
CERAMIC BIRDHOUSE CRESTED TIT LARGE,21550,285,1,0.35
CIRCUS PARADE BABY GIFT SET,23010,285,3,1.04
BLUE PATCH PENCIL CASE PINK HEART,20863,284,1,0.35
COLOURFUL FISHING GNOME,21127,284,1,0.35
SILVER DISCO HANDBAG,84859A,284,0,0.00
GLASS CHICKEN BUTTER DISH,20804,283,48,14.50
ZINC HEARTS PLANT POT HOLDER,23106,283,12,4.07
WHITE/PINK CHICK DECORATION,35912B,283,0,0.00
CLASSICAL ROSE DISH,84682,283,6,2.08
SUNSET CHECK HAMMOCK,84795B,283,0,0.00
PINK CAT FLORAL CUSHION COVER,20701,282,0,0.00
"FRENCH BOTTLE, BRASSERIE DES ARTIST",21256,282,0,0.00
SWEET PUDDING STICKER SHEET,21722,282,3,1.05
CAKE STAND VICTORIAN FILIGREE MED,22183,282,9,3.09
SMALL ORIENTAL BLUE FOLDING STOOL,84932C,282,1,0.35
PINK DINER WALL CLOCK,23341,281,0,0.00
HOME SWEET HOME 3 PEG HANGER,23402,280,0,0.00
WOODLAND SMALL PINK FELT HEART,23475,280,0,0.00
SET/3 FLORAL GARDEN TOOLS IN BAG,47503J,280,19,6.35
ENGLISH ROSE SMALL SCENTED FLOWER,47578A,280,0,0.00
CAROUSEL DESIGN WASHBAG,47594A,280,23,7.59
GIRLY PINK TOOL SET,84854,280,1,0.36
S/16 VINTAGE IVORY CUTLERY,84968B,280,1,0.36
BLACK LOVE BIRD CANDLE,85169B,280,0,0.00
BLUE DISCO HANDBAG,84859B,279,0,0.00
POLKA DOT PISTACHIO PAIL,85113,279,0,0.00
PINK HEARTS LIGHT CHAIN,85180B,279,0,0.00
S/4 GROOVY CAT MAGNETS,85211,279,5,1.76
WOODLAND LARGE PINK FELT HEART,23478,278,0,0.00
NINJA RABBIT PINK,21027,276,0,0.00
CRYSTAL SEA HORSE PHONE CHARM,90087,276,50,15.34
ROBOT MUG IN DISPLAY BOX,37464,275,0,0.00
CREAM SWEETHEART MAGAZINE RACK,85063,275,65,19.12
HANGING ENGRAVED METAL HEART,23067,274,0,0.00
BLUE TILED TRAY,20793,273,5,1.80
BLUE CHALET BIRDFEEDER,21444,273,1,0.36
CANDY SPOT HAND BAG,85088,273,4,1.44
STRING CRYSTALS NATURAL,75149N,272,0,0.00
PINK HYDRANGEA ART FLOWER,84801A,272,0,0.00
FUNKY GIRL ADDRESS BOOK,16119,271,0,0.00
ENAMEL BLUE RIM BISCUIT BIN,35241,271,12,4.24
BEECH WOOD PHOTO FRAME,82076,271,0,0.00
MRS ROBOT SOFT TOY,20705,269,1,0.37
CABIN BAG VINTAGE RETROSPOT,22504,269,11,3.93
FRENCH CHATEAU LARGE FRUIT BOWL,85028L,269,26,8.81
CAKE STAND VICTORIAN FILIGREE LARGE,22184,268,18,6.29
SQUARE MINI PORTRAIT FRAME,23451,268,0,0.00
SILVER HANGING T-LIGHT HOLDER DOME,84948,268,4,1.47
BUTTERFLY WATER TRANSFER TATTOOS,21543,267,0,0.00
SET OF 4 NAPKIN CHARMS INSTRUMENT,22641,267,0,0.00
ANTIQUE HEART SHELF UNIT,23486,267,13,4.64
SMALL ROUND CUT GLASS CANDLESTICK,85125,267,4,1.48
RECYCLED ACAPULCO MAT LAVENDER,23054,266,1,0.37
GREEN PEONY CUSHION COVER,84984A,265,2,0.75
JASMINE TEA INCENSE IN TIN,17091B,264,0,0.00
QUEEN OF SKIES LUGGAGE TAG,20655,264,0,0.00
SWEETHEART CARRY-ALL BASKET,84840,263,3,1.13
MOROCCAN BEATEN METAL MIRROR,21332,262,21,7.42
STRING OF 20 ROSE LIGHTS,21477,262,23,8.07
SMALL GREEN PEONY FOLDING STOOL,84932A,262,0,0.00
RIDGED BONNE JAM JAR T-LIGHT HOLDER,23023,260,2,0.76
PAPER LANTERN 9 POINT SNOW STAR,23041,260,24,8.45
MULTICOLOUR RABBIT EGG WARMER,35911A,260,0,0.00
3 WICK CHRISTMAS BRIAR CANDLE,72815,260,8,2.99
BLUE CUSHION COVER WITH FLOWER,84919,260,166,38.97
COUNTRY COTTAGE  DOORSTOP GREEN,21410,259,1,0.38
YELLOW GIANT GARDEN THERMOMETER,22928,259,6,2.26
BOTANICAL GARDENS WALL CLOCK,23485,259,18,6.50
SET OF 3 CHRISTMAS BRIAR CANDLES,72814,259,2,0.77
PAINTED LIGHTBULB STAR+ MOON,79144B,259,0,0.00
WHITE CHRYSANTHEMUMS ART FLOWER,84809A,259,0,0.00
SET OF 3 CONEY ISLAND OVAL BOXES,85008,259,2,0.77
BAKING MOULD ROSE WHITE CHOCOLATE,22936,258,72,21.82
PINK CRYSTAL HEART PHONE CHARM,90090,258,37,12.54
MIRRORED DOVE WALL DECORATION,21293,256,2,0.78
LARGE DECO JEWELLERY STAND,23065,256,1,0.39
ENGLISH ROSE TAPE MEASURE,47504G,256,1,0.39
ORIGAMI JASMINE INCENSE IN TUBE,17013B,255,0,0.00
FAN BLACK FRAME,15030,254,0,0.00
ORIGAMI VANILLA INCENSE+FLOWER,17011A,254,0,0.00
SET 3 WICKER STORAGE BASKETS,22782,254,0,0.00
LARGE BONNE JAM JAR  T-LIGHT HOLDER,23024,254,2,0.78
BOX/12 CHICK & EGG IN BASKET,84218,254,1,0.39
NEW BAROQUE IVORY CUSHION COVER,84601A,254,150,37.13
GOLD STANDING GNOME,21131,253,0,0.00
DOOR MAT GREEN PAISLEY,48195,253,4,1.56
FRUIT TREE AND BIRDS WALL PLAQUE,84631,253,3,1.17
GREEN  DIAMANTE PEN IN GIFT BOX,21847,252,0,0.00
SET/3 RABBITS FLOWER SKIPPPING ROPE,84457,252,0,0.00
OLIVE CHALET BIRDFEEDER,21443,251,6,2.33
POLYESTER FILLER PAD 30CMx30CM,46000U,251,0,0.00
TURQ ICE CREAM BUM BAG,62094B,251,0,0.00
PINK GLASS CANDLEHOLDER,71279,251,12,4.56
WRAP WINTER FOREST,16169D,250,0,0.00
YELLOW EASTER EGG HUNT START POST,21459,250,18,6.72
"WRAP , SUMMER ROSE DESIGN",22987,250,0,0.00
ASSORTED TUTTI FRUTTI KEYRING,21639,249,8,3.11
BLACK CHRISTMAS TREE 120CM,35599B,249,0,0.00
MEDIUM WHITE/PINK ROSE ART FLOWER,84800M,249,3,1.19
GOLD WINE GOBLET,20823,248,4,1.59
BLUE ROSE PATCH PURSE PINK BUTTERFL,20857,248,16,6.06
SILVER  CANDLEPOT JARDIN,21690,248,0,0.00
TOADSTOOL BEDSIDE LIGHT,23079,248,14,5.34
ZINC SWEETHEART WIRE LETTER RACK,23153,248,4,1.59
SET OF 2 TRAYS HOME SWEET HOME,23407,248,6,2.36
ROUND BLUE CLOCK W/SUCKER,81952B,248,0,0.00
SILVER T-LIGHT SETTING,85103,248,46,15.65
GREEN ENAMEL+GLASS HAIR COMB,90209B,248,0,0.00
ASSORTED COLOUR JUMBO PEN,10138,247,194,43.99
ORIGAMI VANILLA INCENSE CONES,17014A,247,0,0.00
DENIM PATCH PENCIL CASE BUTTERFLY,20864,247,1,0.40
PATCHWORK PENCIL CASE BUTTERFLY,20865,247,82,24.92
VINTAGE DESIGN GIFT TAGS,21493,247,0,0.00
PREMIUM CHURCH CANDLE,72267,247,0,0.00
WHITE SOAP RACK WITH 2 BOTTLES,84843,247,2,0.80
PAPER LANTERN 9 POINT SNOW STAR,23040,246,0,0.00
PAPER BUNTING PAISLEY PARK,23597,246,6,2.38
DAISY SKETCHBOOK,20763,245,4,1.61
GREEN GOOSE FEATHER CHRISTMAS TREE,21261,245,0,0.00
PINK STRIPE HOT WATER BOTTLE,21480,245,6,2.39
SMALL DECO JEWELLERY STAND,23066,245,1,0.41
FROSTED WHITE BASE,79406,245,0,0.00
GREEN ROSE CUSHION COVER,84657,245,0,0.00
IVORY HANGING BIRD PLANTER,84761,245,8,3.16
HEART BEADED TRELLIS DECORATION,23060,244,0,0.00
FOLKART CHRISTMAS TREE T-LIGHT HOLD,35966,244,0,0.00
SET OF 6 RIBBONS PERFECTLY PRETTY,23562,243,0,0.00
SET/6 POSIES PAPER PLATES,21095,242,0,0.00
ZINC TOP  2 DOOR WOODEN SHELF,21275,242,11,4.35
SET/6 SILVER REINDEER T-LIGHTS,85033S,242,1,0.41
SWEETHEART WIRE FRUIT BOWL,22799,241,1,0.41
GREEN BLUE FLOWER PIGGY BANK,37492C,241,1,0.41
ORIGAMI OPIUM INCENSE/CANDLE SET,17012E,240,0,0.00
SILVER VANILLA FLOWER CANDLE POT,21691,240,0,0.00
WHITE BITTY LIGHT CHAIN,85179B,240,0,0.00
POLYESTER FILLER PAD 45x30cm,46000R,239,0,0.00
WHITE SWEETHEARTS CABINET 4 DRAWERS,84837,239,0,0.00
VINTAGE GLASS COFFEE CADDY,21662,238,4,1.65
"GREETING CARD,SQUARE, DOUGHNUTS",84249A,238,0,0.00
NINJA RABBIT BLACK,21028,237,0,0.00
STORAGE TIN HOME SWEET HOME,23425,237,7,2.87
WALL ART LOVES' SECRET,23539,237,0,0.00
SMALL ORIENTAL RED FOLDING STOOL,84932D,237,0,0.00
SET/6 BLACK BIRD T-LIGHT CANDLES,85170B,237,8,3.27
BLUE FLOWER T-LIGHT HOLDER,47347B,236,0,0.00
RED REFECTORY CLOCK,23316,235,1,0.42
HOME SWEET HOME 2 DRAWER CABINET,23405,235,1,0.42
"HANGING FLOWERS+MIRROR,CLEAR",35824C,235,0,0.00
ASS FLORAL PRINT TAPE MEASURE,47503G,235,0,0.00
"RETRO PILL BOX KEY CHAIN,THE KING",79063C,235,0,0.00
PINK ROUND BUTTERFLY MIRROR,84615,235,38,13.92
S/4 FESTIVE RED DINNER CANDLES,72801F,234,0,0.00
VINTAGE GOLD TINSEL REEL,21412,233,9,3.72
LILLIES CANVAS PICTURE,84726,233,0,0.00
RED POPPY ARTIFICIAL FLOWER,84807,233,0,0.00
"F.FAIRY S/3 CANDLE/GLASS, ROSE",72750C,232,0,0.00
SET OF 6 ICE CREAM SKITTLES,84715,232,0,0.00
SCENTED CANDLE IN DIGITALIS TIN,84846A,232,0,0.00
SHOE SHINE BOX,21784,231,7,2.94
"GREETING CARD, STICKY GORDON",84251B,231,12,4.94
TEATIME CAKE TIN WITH HANDLE,79072,230,15,6.12
BLUE SAVANNAH PICNIC HAMPER FOR 2,84796B,230,0,0.00
HAND TOWEL PALE BLUE W FLOWERS,84916,230,0,0.00
"ACRYLIC BEAD CHAIN, BLUE",35822B,229,0,0.00
LARGE TRIFLE DESIGN L BLUE BOWL,84595B,229,0,0.00
INCENSE BAZAAR CANNABIS,17027A,228,0,0.00
GIANT MEDINA STAMPED METAL BOWL,21681,228,3,1.30
A4 WALL TIDY BLUE OFFICE,71496A,228,0,0.00
HANGING BAUBLE T-LIGHT HOLDER LARGE,20894,227,6,2.58
RIDGED GLASS STORAGE JAR CREAM LID,21664,227,7,2.99
STOOL HOME SWEET HOME,23427,227,2,0.87
GREEN ROUND COMPACT MIRROR,84877B,227,2,0.87
ORIENTAL BLUE C/COVER,84984C,227,0,0.00
MILK BOTTLE WITH GLASS STOPPER,21657,226,5,2.16
VINTAGE JINGLE BELLS HEART,23491,226,1,0.44
BROWN ANTIQUE CUBE CANDLE,72606A,226,0,0.00
ASSORTED COLOUR METAL CAT,84192,226,0,0.00
SQUARE CHERRY BLOSSOM CABINET,84665,226,26,10.32
SQUARE CHERRY BLOSSOM CABINET,84666,226,0,0.00
SET OF PICTURE FRAME  STICKERS,21253,225,0,0.00
GINGHAM OVEN GLOVE RED HEART,21836,225,4,1.75
FRENCH PAISLEY CUSHION COVER,20836,224,24,9.68
GINGHAM HEART WREATH,21350,224,2,0.88
SWEETHEART WIRE WALL TIDY,22829,224,10,4.27
RETRO LONGBOARD IRONING BOARD COVER,47563A,224,4,1.75
SET OF 4 POLKADOT COASTERS,84510C,224,0,0.00
ROUND PINK HEART MIRROR,85020,224,0,0.00
CHEST OF DRAWERS GINGHAM HEART,22797,222,25,10.12
SPACE FROG,21025,221,0,0.00
EMBOSSED HEART TRINKET BOX,23074,221,6,2.64
SET/6 POSIES PAPER CUPS,21087,220,0,0.00
CINDERELLA CHANDELIER,23064,220,71,24.40
CARD HOLDER LOVE BIRD LARGE,23470,220,12,5.17
WIRE FLOWER T-LIGHT HOLDER,84977,220,0,0.00
SPACE CADET RED,21030,219,0,0.00
VINTAGE GLASS TEA CADDY,21661,219,6,2.67
EMBROIDERED RIBBON REEL CLAIRE,23519,219,0,0.00
FLOWER WINDMILL,77081,219,1,0.45
BLUE SCOTTIE DOG W FLOWER PATTERN,84931B,219,3,1.35
LILAC VOTIVE CANDLE,72024U,218,0,0.00
OLD DOC RUSSEL METAL SIGN,82605,218,0,0.00
WAKE UP COCKEREL TILE HOOK,84927A,218,75,25.60
EAU DE NILE JEWELLED PHOTOFRAME,85024B,218,0,0.00
ROSE DU SUD OVEN GLOVE,20998,217,0,0.00
TRELLIS COAT RACK,23411,217,1,0.46
PEARLISED IVORY HEART SMALL,23481,217,0,0.00
CROSS STITCH ALPHABET CUSHION COVER,21837,216,2,0.92
BEST DAD CANDLE LETTERS,72140E,216,1,0.46
CHERRY BLOSSOM TABLE CLOCK,84706D,216,1,0.46
DAIRY MAID  SMALL  MILK JUG,21536,215,7,3.15
CREAM DELPHINIUM ARTIFICIAL FLOWER,84804A,215,0,0.00
PINK FELT EASTER RABBIT GARLAND,85205B,215,0,0.00
PAPERWEIGHT VINTAGE PAISLEY,22395,214,0,0.00
CUSHION COVER PINK UNION JACK,22786,214,0,0.00
16 PIECE CUTLERY SET PANTRY DESIGN,23253,214,2,0.93
ORIGAMI LAVENDER INCENSE IN TUBE,17013C,213,96,31.07
CD WALL TIDY BLUE OFFICE,71495A,213,1,0.47
PIG MUG IN TWO COLOUR DESIGNS,37467,212,0,0.00
POLYESTER FILLER PAD 65CMx65CM,46000P,212,3,1.40
PINK HEART RED HANDBAG,16207B,211,0,0.00
LARGE TAHITI BEACH BAG,84856L,211,0,0.00
FRENCH CHATEAU OVAL PLATTER,85030,211,27,11.34
WALL ART GARDEN HAVEN,23533,210,0,0.00
BEADED CRYSTAL HEART GREEN SMALL,85129B,210,0,0.00
I LOVE LONDON BABY GIFT SET,23009,209,0,0.00
PURPLE/TURQ FLOWERS HANDBAG,62096B,209,0,0.00
MOUSEY LONG LEGS SOFT TOY,20699,208,0,0.00
SILVER TEDDY BEAR,20819,208,0,0.00
PHOTO FRAME LINEN AND LACE LARGE,23409,208,7,3.26
PINK PAISLEY QUILT,84909A,208,0,0.00
HAND TOWEL PINK FLOWER AND DAISY,84915,208,0,0.00
ORIGAMI ROSE INCENSE+FLOWER,17011D,207,0,0.00
BIRD BOX CHRISTMAS TREE DECORATION,21018,207,0,0.00
SQUARE MIRROR CURTAIN,44230,207,10,4.61
ENGLISH ROSE TABLE CLOTH,47570,207,0,0.00
PINK GINGHAM CAT WITH SCARF,84584,207,0,0.00
BLACK SQUARE TABLE CLOCK,84661B,207,0,0.00
HIPPY CHIC DECORATIVE PARASOL,21631,206,0,0.00
SMALL PARLOUR PICTURE FRAME,23455,206,0,0.00
BLACK ORANGE SQUEEZER,71406C,206,0,0.00
BROWN COZY SQUARE PHOTO ALBUM,16243B,205,0,0.00
WALL ART WORK REST AND PLAY,23532,205,0,0.00
MILK MAIDS MUG,23661,204,20,8.93
EASTER BUNNY WITH BASKET ON BACK,84231,204,0,0.00
SWEETHEART CREAM STEEL FOLDIN BENCH,21474,203,7,3.33
WHITE SQUARE TABLE CLOCK,84661A,203,0,0.00
RELAX LARGE WOOD LETTERS,21359,202,4,1.94
IVORY REFECTORY CLOCK,23315,202,12,5.61
PANTRY 3 HOOK ROLLING PIN HANGER,23423,202,5,2.42
SET OF 4 POLKADOT PLACEMATS,84509C,202,0,0.00
WHITE HYDRANGEA ART FLOWER,84801B,202,0,0.00
SET/6 GOLD REINDEER T-LIGHT CANDLES,85033G,201,3,1.47
"MIRROR, ARCHED GEORGIAN",22790,200,0,0.00
HEN PARTY CORDON BARRIER TAPE,22954,200,1,0.50
FUSCHIA FLOWER PURSE WITH BEADS,47343A,200,0,0.00
SILVER ROCOCO CANDLE STICK,84766,200,16,7.41
CLEAR CRYSTAL STAR PHONE CHARM,90093,200,27,11.89
ECONOMY PASSPORT COVER,20621,199,0,0.00
EGG FRYING PAN PINK,23336,199,0,0.00
PINK FAIRY CAKE CUSHION COVER,47586A,199,0,0.00
PINK SWEETHEART BRACELET,90200D,199,3,1.49
MUMMY MOUSE RED GINGHAM RIBBON,21839,198,2,1.00
WOODLAND LARGE RED FELT HEART,23476,198,0,0.00
SILVER CHRISTMAS TREE BAUBLE STAND,84352,198,7,3.41
WHITE STITCHED CUSHION COVER,84658,198,0,0.00
PING! MICROWAVE PLATE,22108,197,4,1.99
FROSTED WHITE BASE,79403,197,14,6.64
SMALL HANGING GLASS+ZINC LANTERN,84760S,197,0,0.00
MARAKESH LANTERN SMALL,21338,196,0,0.00
MIRRORED WALL ART GENTS,21367,196,0,0.00
PANTRY HOOK BALLOON WHISK,23422,196,0,0.00
FLOWER BLUE CLOCK W/SUCKER,81950B,196,1,0.51
RETRO BROWN BALL ASHTRAY,84597B,195,3,1.52
WOVEN BERRIES CUSHION COVER,46776B,194,0,0.00
CAROUSEL DES CHILD'S OVERALL,47592A,194,0,0.00
PASTEL STRIPE HAMMOCK,84795A,194,0,0.00
QUEEN OF THE SKIES PASSPORT COVER,20618,193,0,0.00
MIRRORED WALL ART LADIES,21368,193,0,0.00
CANDLE HOLDER SILVER MADELINE,23037,193,0,0.00
ZINC POLICE BOX LANTERN,84767,193,0,0.00
PINK MONTE CARLO HANDBAG,84857C,193,1,0.52
T-LIGHT HOLDER SILVER HEART HANDLE,23039,192,6,3.03
SET OF 3 PANTRY WOODEN SPOONS,23495,192,0,0.00
FAIRY CAKE CERAMIC BUTTER DISH,37494A,192,5,2.54
CHERRY BLOSSOM BATHROOM CABINET,84664,192,5,2.54
FLYING SAUCER TABLE LIGHT IN WHITE,79315W,191,0,0.00
BROWN FURRY HOT WATER BOTTLE,84029C,191,0,0.00
BLUE  TILE HOOK,20794,190,18,8.65
WOVEN BUBBLE GUM CUSHION COVER,46776A,190,0,0.00
CAROUSEL DESIGN BABY BIB,47593A,190,0,0.00
PINK/PURPLE RETRO RADIO,84086C,190,0,0.00
FRENCH CHATEAU LARGE PLATTER,85027L,190,34,15.18
SMALL PINK PEONY FOLDING STOOL,84932B,189,0,0.00
CRYSTAL FROG PHONE CHARM,90086,189,0,0.00
CHERRY BLOSSOM PASSPORT COVER,20616,188,0,0.00
CERISE+GOLD CHRISTMAS STOCKING DEC,35937,188,0,0.00
"RETRO PILL BOX , REVOLUTIONARY",79063D,188,0,0.00
RETRO PINK SPOT WASHING UP GLOVES,20753,187,2,1.06
SILVER FINCH DECORATION,20814,187,13,6.50
EGG CUP HENRIETTA HEN PINK,23567,187,1,0.53
BLUE KNITTED EGG COSY,84531B,187,0,0.00
FROG KING WATERING CAN,84675,187,8,4.10
RED ROSE AND LACE C/COVER,84773,187,2,1.06
PINK FOXGLOVE ARTIIFCIAL FLOWER,84798A,186,12,6.06
SET OF 6 DOTS CHOPSTICKS,21950,185,181,49.45
BULL DOG BOTTLE TOP WALL CLOCK,23181,185,4,2.12
SNACK TRAY RED VINTAGE DOILY,23576,185,0,0.00
VINTAGE BEAD NOTEBOOK,35653,183,0,0.00
WHITE HAND TOWEL WITH BUTTERFLY,84917,183,0,0.00
T-LIGHT HOLDER SILVER PETIT FOUR,23036,182,0,0.00
PIN CUSHION BABUSHKA BLUE,22447,181,6,3.21
"RUSTIC WOODEN CABINET, GLASS DOORS",22764,181,4,2.16
BLUE DAISY MOBILE,75011,181,0,0.00
PINK KNITTED EGG COSY,84531A,181,0,0.00
BLCK NEW BAROQUE CANDLESTICK CANDLE,84625B,180,12,6.25
CITRUS GARLAND FELT FLOWERS,84741C,180,0,0.00
JARDIN ETCHED GLASS FRUITBOWL,85141,180,11,5.76
SILVER SKULL HOT WATER BOTTLE,21478,179,0,0.00
SET OF 2 TEA TOWELS PING MICROWAVE,22124,179,0,0.00
BLACK CHRISTMAS FLOCK DROPLET,35610B,179,0,0.00
SEASIDE STRIPE HAMMOCK,84795D,179,1,0.56
GOLD SCROLL GLASS T-LIGHT HOLDER,21736,178,3,1.66
UTILTY CABINET WITH HOOKS,22830,178,0,0.00
MOTHER'S KITCHEN SPOON REST,23183,178,7,3.78
PINK PARTY SUNGLASSES,84522,178,0,0.00
CUPBOARD 3 DRAWER MA CAMPAGNE,22762,177,18,9.23
BROCANTE SHELF WITH HOOKS,22832,177,7,3.80
METAL BASE FOR CANDLES,71215,177,0,0.00
SQUARE METAL CANDLEHOLDER BASE,71510,177,0,0.00
WAKE UP COCKEREL WALL THERMOMETER,84925A,177,0,0.00
GLASS  SONGBIRD STORAGE JAR,23020,176,6,3.30
METAL RABBIT LADDER EASTER,84452,176,16,8.33
PINK CHICK EGG WARMER + EGG CUP,35914,175,0,0.00
HAPPY ANNIVERSARY CANDLE LETTERS,72140F,175,0,0.00
BLACK EAR MUFF HEADPHONES,20780,174,1,0.57
HEART TRELLIS TRIPLE T-LIGHT HOLDER,23484,174,0,0.00
WHITE GRAND BAROQUE PHOTO FRAME,85167A,174,27,13.43
LAVENDER INCENSE 40 CONES IN TIN,17090A,173,0,0.00
GOLD APERITIF GLASS,20827,173,0,0.00
TABLE LAMP WHITE SHADE WOOD BASE,84360,173,0,0.00
PURPLE ENAMEL+GLASS HAIR COMB,90209A,173,9,4.95
WOVEN ROSE GARDEN CUSHION COVER,46776F,172,0,0.00
36 PENCILS TUBE POSY,20980,171,9,5.00
LARGE  TALL CAMPHOR WOOD TOADSTOOL,21376,171,0,0.00
S/6 MULTICOLOUR ORNAMENETAL CANDLE,35838A,171,0,0.00
PAINTED LIGHTBULB RAINBOW DESIGN,79144C,171,0,0.00
WHITE ANEMONE ARTIFICIAL FLOWER,84802A,171,0,0.00
TEA TIME BREAKFAST BASKET,47579,170,1,0.58
"FEATHER DUSTER, COAL BLACK",51012C,170,3,1.73
F FAIRY POTPOURRI CUSHIONS LAVENDER,72754B,170,0,0.00
GREEN SWEETHEART BRACELET,90200E,170,16,8.60
HEARTS PENCIL/RUBBER+5 MINI PENCILS,16256C,169,14,7.65
EGG FRYING PAN MINT,23337,169,0,0.00
"ACRYLIC JEWEL SNOWFLAKE, PINK",35815P,168,0,0.00
FROG SOCK PUPPET,85185D,168,0,0.00
PINK MILKSHAKE GLASS,20799,167,2,1.18
SET/3 POT PLANT CANDLES,20934,167,20,10.70
SPACE CADET WHITE,21032,167,3,1.76
NUMBER TILE VINTAGE FONT No,22889,167,13,7.22
SET OF 6 RIBBONS PARTY,23561,167,0,0.00
FRENCH FLORAL CUSHION COVER,20837,165,0,0.00
CERAMIC BIRDHOUSE BUTTERFLY LARGE,21551,165,0,0.00
EMBROIDERED RIBBON REEL RUBY,23520,165,0,0.00
PLANTPOT SINGLE HOOK PISTACHIO,85128,165,0,0.00
MOROCCAN BEATEN METAL DISH,21344,164,5,2.96
COSY SLIPPER SHOES LARGE RED,21740,164,0,0.00
POTTING SHED SEED TIN,21893,164,0,0.00
CHALKBOARD KITCHEN ORGANISER,22769,164,17,9.39
PAINT YOUR OWN EGGS IN CRATE,23440,164,0,0.00
WALL ART MID CENTURY MODERN,23544,164,1,0.61
SNACK TRAY PAISLEY PARK,23575,164,0,0.00
CERAMIC BIRDHOUSE RED ROOF LARGE,21554,163,3,1.81
SET OF 6 RIBBONS COUNTRY STYLE,23560,163,0,0.00
CROCHET ROSE PURSE WITH SUEDE BACK,84592,163,0,0.00
CERAMIC BIRDHOUSE BLACK ROSE  LARGE,21552,162,3,1.82
SET OF MEADOW  FLOWER STICKERS,21252,161,0,0.00
EDWARDIAN TOILET ROLL UNIT,21299,161,4,2.42
STARFISH SOAP DISH,21418,161,3,1.83
BLUE REFECTORY CLOCK,23317,161,0,0.00
THREE MINI HANGING FRAMES,23454,161,2,1.23
4 PINK FLOCK CHRISTMAS BALLS,35833P,161,0,0.00
EAU DE NILE JEWELLED T-LIGHT HOLDER,85026B,161,10,5.85
TRIPLE WIRE HOOK IVORY HEART,23140,160,12,6.98
ELEPHANT TOY WITH BLUE T-SHIRT,84578,160,0,0.00
PINK FLOCK PHOTO FRAME,84705C,160,0,0.00
EMBOSSED HEART 3 DRAWER SHELF,21274,159,1,0.63
PANTRY HOOK TEA STRAINER,23420,159,0,0.00
PINK HEARTS PHOTO ALBUM,82081,159,0,0.00
STRIPES DESIGN TEDDY,84508B,159,6,3.64
ROUND WHITE CONFETTI IN TUBE,21196,158,0,0.00
PINK BUNNY EASTER EGG BASKET,23447,158,0,0.00
MEDIUM PARLOUR PICTURE FRAME,23456,158,2,1.25
BLUE TV TRAY TABLE,84313B,158,0,0.00
BLUE BUNNY EASTER EGG BASKET,23446,157,0,0.00
SET/4 MODERN VINTAGE COTTON NAPKINS,21038,156,2,1.27
VINTAGE COFFEE GRINDER BOX,23413,156,12,7.14
PINK STAR CHRISTMAS DECORATION,35931,156,0,0.00
SET OF 16 VINTAGE SKY BLUE CUTLERY,84968F,155,0,0.00
EASTER BUNNY HANGING GARLAND,35921,154,1,0.65
YELLOW FLOWERS FELT HANDBAG KIT,84898F,154,0,0.00
MIRRORED WALL ART PHOTO FRAMES,21366,153,0,0.00
PANTRY HOOK SPATULA,23421,152,0,0.00
MAGIC GARDEN MOUNT FUJI,84007,152,0,0.00
ORIENTAL RED C/COVER,84984D,152,0,0.00
PAIR PADDED HANGERS PINK CHECK,47367B,151,1,0.66
"TUMBLER, ENGLISH ROSE",79030A,151,0,0.00
PINK BUTTERFLY CUSHION COVER,84905,151,0,0.00
EGG FRYING PAN BLUE,23339,150,0,0.00
"JEWELLED DECORATION,BLUE",35821B,150,0,0.00
PINK HAWAIIAN PICNIC HAMPER FOR 2,84796A,150,0,0.00
SWEETHEART CREAM STEEL TABLE RECT,21473,149,4,2.61
SNACK TRAY I LOVE LONDON,23579,149,0,0.00
CONGRATULATIONS BUNTING,47589,148,11,6.92
LARGE ROUND CUTGLASS CANDLESTICK,85126,148,10,6.33
EDWARDIAN HEART PHOTO FRAME,23070,147,0,0.00
LE GRAND TRAY CHIC SET,23094,147,2,1.34
ASS FLORAL PRINT SPIRIT LEVEL,47503H,147,1,0.68
S/6 SEW ON CROCHET FLOWERS,84744,147,0,0.00
WALL ART THE MAGIC FOREST,23540,146,0,0.00
PINK SCOTTIE DOG W FLOWER PATTERN,84931A,146,0,0.00
3D SHEET OF SEA WORLD STICKERS,84559D,145,0,0.00
CREAM CLIMBING HYDRANGA ART FLOWER,84805A,145,0,0.00
PINK FLOWER FABRIC PONY,84920,145,0,0.00
HANGING HEART BASKET,85195,145,1,0.68
VINTAGE LEAF CHOPPING BOARD,23114,144,3,2.04
RED APPLES CHOPPING BOARD,23115,144,0,0.00
S/3 FLWR FAIRY SUMMER CANDLES,72753D,144,16,10.00
MOSAIC CANDLE DISH BLUE PURPLE,79308B,144,0,0.00
"ASS RETROSPOOF MUGS,SPORTS",37399,143,0,0.00
ENGLISH ROSE MUG IN GIFT BOX,37483,143,1,0.69
PINK/WHITE RIBBED MELAMINE JUG,84562A,143,1,0.69
MAXWELL 2 TONE PINK 60 PAGE PHOTO A,16244A,142,0,0.00
PINK PATCH PURSE BLUE HEART,20855,142,1,0.70
"ACRYLIC JEWEL SNOWFLAKE,BLUE",35817B,142,0,0.00
HILDA CANDY SPOT RABBIT,85096,142,1,0.70
MIRRORED WALL ART TABLE LAMP,21372,141,0,0.00
GEORGIAN TRINKET BOX,23073,141,1,0.70
WINE BOTTLE DRESSING LT.BLUE,47013A,141,0,0.00
BAG OF SILVER STONES,72051S,141,0,0.00
BLACK SWEETHEART BRACELET,90200B,141,4,2.76
BATHROOM HOOK,23417,140,0,0.00
PINK AND WHITE CHRISTMAS TREE 180CM,35600D,140,0,0.00
PINK BERTIE GLASS BEAD BAG CHARM,90125A,140,12,7.89
IVORY SWEETHEART SOAP DISH,23150,139,1,0.71
ZINC BOX SIGN HOME,23414,139,4,2.80
SET OF 3 VINTAGE TEA TIME BOXES,85007,139,3,2.11
GREEN BITTY LIGHT CHAIN,85179A,139,3,2.11
WOODEN CHRISTMAS TREE 3 HANGING,35594,138,24,14.81
PINK CHRISTMAS FLOCK DROPLET,35610A,138,0,0.00
WINE BOTTLE DRESSING DARK BLUE,47013C,138,12,8.00
SMALL SQUARE CUT GLASS CANDLESTICK,85127,138,5,3.50
"ACRYLIC JEWEL ANGEL,BLUE",35816B,137,0,0.00
PINK SQUARE TABLE CLOCK,84661C,137,0,0.00
SET OF 3 SILVER FLYING DUCKS,35004S,136,10,6.85
ENGLISH ROSE METAL WASTE BIN,79071B,136,0,0.00
ENGLISH ROSE TABLE CLOCK,84706A,136,0,0.00
LARGE PINK PEONY FOLDING STOOL,84933B,136,0,0.00
LARGE BLUE ORIENTAL FOLDING STOOL,84933C,136,0,0.00
SMALL FOLKART CHRISTMAS TREE DEC,35955,135,0,0.00
ROUND GEORGIAN SILVER MIRROR,84770,135,46,25.41
FLAT PALM T-LIGHT HOLDER,17178,133,0,0.00
NUMBER TILE COTTAGE GARDEN 1,22869,133,1,0.75
SET OF 4 CAROUSEL PLACEMATS,84509E,133,0,0.00
FREESTYLE CANVAS ART PICTURE,84725,133,0,0.00
PINK FLOWER HANGING HEART,85190,133,6,4.32
BLUE SWEETHEART BRACELET,90200C,133,4,2.92
FRENCH CARRIAGE LANTERN,23099,132,8,5.71
"GREETING CARD, TWO SISTERS.",84251C,132,0,0.00
SWEET VALENCIA CANDLE+CUP,82585,131,12,8.39
LARGE GREEN PEONY FOLDING STOOL,84933A,131,0,0.00
RED REINDEER STRING OF 20 LIGHTS,85044,131,5,3.68
PURPLE ACRYLIC FACETED BANGLE,90210D,131,0,0.00
HEART EAR MUFF HEADPHONES,20783,130,4,2.99
ELEPHANT CARNIVAL POUFFE,21627,130,6,4.41
BLUE TINSEL GARLAND,35633B,130,0,0.00
LOUVRE VANITY MIRROR,21308,129,2,1.53
TALL ROCOCO CANDLE HOLDER,84609,129,2,1.53
MIRRORED WALL ART SPLODGES,21369,128,0,0.00
SET OF 4 GREEN CAROUSEL COASTERS,84510E,128,0,0.00
STEEL SWEETHEART ROUND TABLE CREAM,21476,127,2,1.55
SUNFLOWER DECORATIVE PARASOL,21633,127,2,1.55
IVORY WIRE SWEETHEART LETTER TRAY,23136,127,0,0.00
"PINK/WHITE ""KEEP CLEAN"" BULLET BIN",71403,127,2,1.55
"LETTER ""A"" BLING KEY RING",90214A,127,6,4.51
SPACE CADET BLACK,21031,126,0,0.00
4 GOLD FLOCK CHRISTMAS BALLS,35833G,126,0,0.00
PINK JEWELLED PHOTO FRAME,84708B,126,0,0.00
MA CAMPAGNE 4 DRAWER WALL SHELF,21780,125,0,0.00
NUMBER TILE COTTAGE GARDEN 2,22870,125,0,0.00
CUBIC MUG FLOCK PINK ON BROWN,37479P,125,0,0.00
FAIRY CAKES TILE COASTER,84926C,125,6,4.58
RED SHARK HELICOPTER,85136C,125,14,10.07
ORIGAMI OPIUM SCENT INCENSE+FLOWER,17011E,124,0,0.00
NEW ENGLAND TEATOWELS,47597,124,0,0.00
FLORAL SOFT CAR TOY,20696,123,0,0.00
VINTAGE POST OFFICE CABINET,21769,123,4,3.15
CHAMBRE HOOK,23416,123,0,0.00
S/3 RABBIT FLOWER/EGG/CARROT ROPE,84458,123,0,0.00
TEATIME PENCIL WITH RUBBER,16050,122,0,0.00
POCKET MIRROR WOODLAND,21226,122,0,0.00
S/3 PINK COL METAL BASKET W HANDLE,84405A,122,1,0.81
SET OF 72 BLACK PAPER DOILIES,84985B,122,0,0.00
RED KUKUI COCONUT SEED NECKLACE,90030B,122,0,0.00
BASKET/8 SCENTED LOVE TOKEN CANDLES,72789,121,10,7.63
HOME SWEET HOME  BLACKBOARD,21185,120,7,5.51
"RETRO ""TEA FOR ONE""",37333,120,0,0.00
NEW ENGLAND EGG WARMER,47598,120,0,0.00
BLACK SILOUETTE CANDLE PLATE,72781,120,6,4.76
DANISH ROSE FOLDING CHAIR,84823,120,1,0.83
OCCASIONS GIFT CARD ASSORTMENT,85072,120,0,0.00
"PET MUG, BUDGIE",37462B,119,1,0.83
PINK 3 TIER GLASS PLATE STAND,84782A,119,6,4.80
HALL CABINET WITH 3 DRAWERS,22833,118,0,0.00
NUMBER TILE COTTAGE GARDEN 9,22877,118,2,1.67
TEXRIO TOMATOES CANDLE+CUP,82587,118,12,9.23
PURPLE SWEETHEART BRACELET,90200A,118,4,3.28
GEISHA GIRL CHOPSTICKS SET/5,20987,117,0,0.00
KINGS CHOICE SMALL TUBE MATCHES,21582,117,0,0.00
GLASS BONNE JAM JAR,23021,117,0,0.00
FAIRY CAKES GIFT BAG,84537B,117,0,0.00
WAKE UP COCKEREL CALENDAR SIGN,84924A,117,0,0.00
PINK TEATIME PRINT BOWL,20672,116,0,0.00
LARGE BLUE PROVENCAL CERAMIC BALL,20795,116,7,5.69
PAPER LANTERN 5 POINT STAR MOON,23045,116,20,14.71
IVORY CAFE HANGING LAMP,23104,116,0,0.00
IVORY WIRE KITCHEN ORGANISER,23142,116,2,1.69
MULTICOLOUR GLASS PLATE,79534,116,0,0.00
72 ROUND PINK DOILIES,22330,115,12,9.45
NUMBER TILE COTTAGE GARDEN 4,22872,115,0,0.00
PINK/BLUE STRING CURTAIN,35638B,115,0,0.00
BURG FLOCK GOLD CUP/CANDLE,72771B,115,0,0.00
JARDIN ETCHED GLASS SMALL BELL JAR,85146,115,0,0.00
OYSTER TRINKET BOX,21420,114,0,0.00
SMALL MARAKESH METAL  LANTERN,21729,114,0,0.00
NUMBER TILE COTTAGE GARDEN 6,22874,114,0,0.00
"ACRYLIC BEAD CHAIN, PINK",35822P,114,0,0.00
"LETTER ""C"" BLING KEY RING",90214C,114,6,5.00
"LETTER ""L"" BLING KEY RING",90214L,114,8,6.56
SET/6 GARDEN GNOME T-LIGHT CANDLES,20940,113,36,24.16
FLOOR LAMP SHADE WOOD BASE,84358,113,0,0.00
LARGE ENGLISH ARBORETUM,84830,113,3,2.59
CREAM CUSHION COVER WITH FLOWERS,84918,113,2,1.74
PADDED RED HEART DECORATION,85080,113,0,0.00
CANDY SPOT CUSHION COVER,85087,113,2,1.74
BLACK BAROQUE CUCKOO CLOCK,85164B,113,1,0.88
CARNIVAL BRACELET,90062,113,5,4.24
RED   ACRYLIC FACETED BANGLE,90210C,113,0,0.00
FLORAL PINK MONSTER,20694,112,4,3.45
HEN HOUSE W CHICK IN NEST,84227,112,0,0.00
GIANT PINK HEART MEMO HOLDER,84972L,112,0,0.00
NUMBER TILE COTTAGE GARDEN 0,22868,111,0,0.00
BLUE GINGHAM ROSE CUSHION COVER,84620,111,0,0.00
PINK OVAL JEWELLED MIRROR,84709B,111,1,0.89
"LETTER ""S"" BLING KEY RING",90214S,111,6,5.13
ROSE DU SUD DRAWSTRING BAG,21002,110,0,0.00
GLASS CAKE STAND,21659,110,4,3.51
NUMBER TILE COTTAGE GARDEN 7,22875,110,0,0.00
SNACK TRAY HAPPY FOREST,23580,110,0,0.00
PINK RETRO BIG FLOWER BAG,62086A,110,0,0.00
F.FAIRY S/3 CANDLE/GLASS,72750D,110,0,0.00
SOFT PINK ROSE TOWEL,84913A,110,0,0.00
WIRE EGG BASKET,23479,109,0,0.00
BROWN FLOWER LIGHTS,79342B,109,15,12.10
PINK ALLIUM  ARTIFICIAL FLOWER,84803A,109,3,2.68
"LETTER ""K"" BLING KEY RING",90214K,109,1,0.91
GLASS CHALICE BLUE  LARGE,21321,108,15,12.20
SET 5 MINI CHOCOLATE FRIDGE MAGNETS,21699,108,0,0.00
NUMBER TILE COTTAGE GARDEN 3,22871,108,0,0.00
NUMBER TILE COTTAGE GARDEN 8,22876,108,0,0.00
SWEETHEART WALL TIDY,23460,108,5,4.42
NUMBER TILE COTTAGE GARDEN 5,22873,107,0,0.00
YELLOW RED FLOWER PIGGY BANK,37492A,107,1,0.93
BLACK ENAMEL FLOWER RING,90201B,107,13,10.83
WHITE ROUND PORCELAIN TLIGHT HOLDER,18096C,106,12,10.17
ANTIQUE CREAM CUTLERY SHELF,21269,106,0,0.00
TRIANGULAR POUFFE VINTAGE,21628,106,4,3.64
PINK FEATHERS CURTAIN,44242B,106,0,0.00
RETRO PLASTIC 70'S TRAY,79192A,106,8,7.02
ROSE DU SUD CHILDS APRON,21004,105,0,0.00
SILVER FISHING GNOME,21129,105,3,2.78
CABIN BAG VINTAGE PAISLEY,22503,105,15,12.50
RETRO PLASTIC DAISY TRAY,79191D,105,12,10.26
S/6 PINK EASTER DECS IN BOX,84437A,105,0,0.00
MOROCCAN BEATEN METAL DISH LARGE,21331,104,3,2.80
FLOOR CUSHION ELEPHANT CARNIVAL,21630,104,4,3.70
MUM'S KITCHEN CLOCK,23180,104,1,0.95
LARGE PARLOUR PICTURE FRAME,23457,104,0,0.00
ENGLISH ROSE IRONING BOARD COVER,47562,104,4,3.70
MINT GREEN ROSE TOWEL,84913B,104,1,0.95
VINTAGE KEEPSAKE BOX TRAVELOGUE,20903,103,1,0.96
FUSCHIA VOILE POINTY SHOE DEC,47348A,103,0,0.00
BLUE STAR BLOCK TABLE LAMP,79303B,103,0,0.00
RED DRAGONFLY HELICOPTER,85135C,103,2,1.90
VINTAGE PINK DECORATIVE PARASOL,21632,102,1,0.97
WOVEN FROST CUSHION COVER,46776C,102,0,0.00
WHITE MURANO TWIST BRACELET,90120D,102,0,0.00
PURPLE BERTIE GLASS BEAD BAG CHARM,90125D,102,0,0.00
CAMOUFLAGE EAR MUFF HEADPHONES,20782,101,7,6.48
SQUARE FLOOR CUSHION VINTAGE RED,21629,101,1,0.98
VINTAGE SHELLS PRINT,21758,101,0,0.00
S/3 PUPPIES CHRISTMAS DECORATIONS,35793,101,0,0.00
FOLKART ZINC CLIP ON ANGEL WINGS,35963,101,0,0.00
GLASS BONBON JAR. D'AMANDES,82607E,101,1,0.98
BLUE ROUND COMPACT MIRROR,84877D,101,0,0.00
BLUE ROCKING SINGING CANARY,85097B,101,12,10.62
BLUE BLOSSOM HAIR CLIP,90108,101,10,9.01
PASTEL PINK PHOTO ALBUM,16201A,100,2,1.96
MIRROR CORNICE,22770,100,7,6.54
PAPER LANTERN 9 POINT HOLLY STAR S,23044,100,0,0.00
PINK FLOCK GLASS CANDLEHOLDER,79329,100,0,0.00
HEART SHAPE BUTTON FRAME,82093,100,0,0.00
PADDED HOLLY CHRISTMAS DECORATION,85081,100,0,0.00
NUMBER TILE VINTAGE FONT 3,22882,99,1,1.00
PAPER LANTERN 7 POINT SNOW STAR,23042,99,10,9.17
COLUMBIAN CANDLE RECTANGLE,72133,99,0,0.00
3 PINK HEN+CHICKS IN BASKET,84462,99,0,0.00
PINK SMALL JEWELLED PHOTOFRAME,85024C,99,1,1.00
CRYSTAL KEY+LOCK PHONE CHARM,90088,99,25,20.16
ANT COPPER LIME BOUDICCA BRACELET,90161C,99,0,0.00
NUMBER TILE COTTAGE GARDEN No,22878,98,1,1.01
WALL ART I LOVE LONDON,23537,98,0,0.00
BLUE  VOILE LAMPSHADE,47351B,98,48,32.88
CAROUSEL DES CHILD'S APRON,47591A,98,7,6.67
CROCHET BEAR WITH BLUE STRIPES,84671B,98,0,0.00
BLACK FACE LAMB WITH PANTS,84901,98,0,0.00
BLUE DRAGONFLY HELICOPTER,85135B,98,2,2.00
ANTIQUE IVORY WIRE BOWL SMALL,23149,97,11,10.19
PINK STRING CURTAIN WITH POLE,35637C,97,0,0.00
S/6 SILVER ORNAMENETAL CANDLE,35838B,97,0,0.00
WHITE/PINK CHICK EASTER DECORATION,35913B,97,0,0.00
PAINTED SEA SHELL METAL WINDCHIME,75172,97,0,0.00
MOSAIC GLASS BALL CANDLEHOLDER,79532,97,1,1.02
RED PURSE WITH PINK HEART,16206B,96,0,0.00
ORIGAMI LAVENDER INCENSE CONES,17014C,96,0,0.00
GOLD FISHING GNOME,21128,96,0,0.00
GREEN EASTER EGG HUNT START POST,21460,96,8,7.69
DECORATIVE PLANT POT WITH FRIEZE,22825,96,6,5.88
BOX/12 MOTHER & CHICK IN BASKET/BOW,84219,96,0,0.00
PACK/12 BLUE FOLKART CARDS,84247N,96,33,25.58
BLUE CIRCLES DESIGN TEDDY,84508C,96,1,1.03
BLUE & WHITE BREAKFAST TRAY,84563B,96,0,0.00
"POCKET MIRROR ""GLAMOROUS""",21228,95,0,0.00
"ACRYLIC HANGING JEWEL,PINK",35819P,95,0,0.00
BATHROOM SCALES FOOTPRINTS IN SAND,82011C,95,0,0.00
CLEAR ACRYLIC FACETED BANGLE,90210B,95,0,0.00
"LETTER ""E"" BLING KEY RING",90214E,95,6,5.94
BEIGE PHOTO ALBUM,16202C,94,0,0.00
SET/4 COLOURFUL MIXING BOWLS,37475,94,0,0.00
WHITE CERAMIC PARTY SET (5PCS),84081,94,1,1.05
NEW BAROQUE JEWELLERY BOX,84600,94,3,3.09
CLASSICAL ROSE URN,84680,94,2,2.08
5 STRAND GLASS NECKLACE CRYSTAL,90199C,94,1,1.05
ORIGAMI OPIUM INCENSE CONES,17014E,93,0,0.00
LARGE CAMPHOR WOOD FIELD MUSHROOM,21375,93,0,0.00
NUMBER TILE VINTAGE FONT 6,22885,93,1,1.06
"ACRYLIC JEWEL SNOWFLAKE,BLUE",35815B,93,0,0.00
WOVEN CANDY CUSHION COVER,46776E,93,0,0.00
FILIGREE WALL MIRROR  ANTIQUE WHITE,21303,92,11,10.68
MEDIUM PINK BUDDHA HEAD,84429A,92,0,0.00
PINK & WHITE BREAKFAST TRAY,84563A,92,0,0.00
PAIR OF PINK FLOWER CLUSTER SLIDE,90208,92,6,6.12
WHITE CHRISTMAS FLOCK DROPLET,35610C,91,0,0.00
SILVER JEWELLED MIRROR TRINKET TRAY,84707A,91,0,0.00
JARDIN ETCHED GLASS LARGE BELL JAR,85145,91,3,3.19
FLOWER BURST SILVER RING CRYSTAL,90002D,91,2,2.15
BLUE CRYSTAL BOOT PHONE CHARM,90092,91,27,22.88
PURPLE ENAMEL FLOWER RING,90201A,91,4,4.21
GLASS BONBON JAR. SUPERFINES,82607C,90,0,0.00
12 PINK HEN+CHICKS IN BASKET,84461,90,11,10.89
BUTTONS AND STRIPES NOTEBOOK,84497,90,0,0.00
THREE CANVAS LUGGAGE TAGS,85095,90,0,0.00
NUMBER TILE VINTAGE FONT 2,22881,89,0,0.00
S/2 ZINC HEART DESIGN PLANTERS,84974,89,1,1.11
YELLOW SHARK HELICOPTER,85136A,89,1,1.11
RED ENAMEL FLOWER RING,90201C,89,6,6.32
VANILLA INCENSE 40 CONES IN TIN,17090D,88,0,0.00
SMALL BLUE PROVENCAL CERAMIC BALL,20796,88,0,0.00
PANTRY KITCHEN THERMOMETER,23496,88,0,0.00
OCEAN SCENT CANDLE JEWELLED DRAWER,72803B,88,2,2.22
PINK CRYSTAL SKULL PHONE CHARM,90089,88,0,0.00
TURQUOISE BERTIE GLASS BEAD CHARM,90125C,88,0,0.00
EDWARDIAN PHOTO FRAME,23069,87,0,0.00
NEW ENGLAND CERAMIC CAKE SERVER,37508,87,0,0.00
CANDY SPOT BUNNY,85089,87,0,0.00
ANT COPPER TURQ BOUDICCA BRACELET,90161B,87,0,0.00
THE KING GIFT BAG 25x24x12cm,16162M,86,0,0.00
SET/3 TALL GLASS CANDLE HOLDER PINK,20892,86,21,19.63
FAUX FUR CHOCOLATE THROW,22802,86,0,0.00
NUMBER TILE VINTAGE FONT 4,22883,86,1,1.15
NUMBER TILE VINTAGE FONT 5,22884,86,0,0.00
POP'S GREASY SPOON METAL SIGN,82553,86,0,0.00
YELLOW PURPLE DAISY FELT PURSE KIT,84899F,86,0,0.00
PLASMATRONIC LAMP,22486,85,14,14.14
POPPY FIELDS CHOPPING BOARD,23117,85,1,1.16
WOODLAND LARGE BLUE FELT HEART,23477,85,0,0.00
PINK FELT HANGING HEART W FLOWER,35916C,85,0,0.00
WOBBLING METAL CHICKEN EASTER,84454,85,0,0.00
PINK EAU DE COLOGNE BOTTLE,84753A,85,0,0.00
RETRO LAUNDRY TUB PISTACHIO,85121C,85,2,2.30
VINTAGE ROSE BEAD BRACELET BLACK,90198B,85,0,0.00
SKY BLUE COLOUR GLASS GEMS IN BAG,17129C,84,0,0.00
WHITE HONEYCOMB PAPER FAN,21193,84,0,0.00
ARCHED GREY MIRROR,21304,84,0,0.00
SET OF 3 PINK FLYING DUCKS,35004P,84,0,0.00
BATHROOM SCALES RUBBER DUCKS,82011B,84,0,0.00
GIANT BLACK SUNGLASSES,84526,84,0,0.00
BLUE CAT BISCUIT BARREL PINK HEART,84576,84,0,0.00
PINK FLOCK TABLE CLOCK,84706C,84,0,0.00
CLEAR LOVE BIRD T-LIGHT HOLDER,84952A,84,0,0.00
SUMMER DAISIES BAG CHARM,90114,84,0,0.00
SIX STRING SCANDINAVIAN HEART DECS,35979,83,12,12.63
FAIRY CAKES PHOTO FRAME,84705B,83,0,0.00
BLUE HANGING GINGHAM EASTER HEN,84745B,83,0,0.00
DIAMANTE BOW BROOCH BLACK COLOUR,90082D,83,2,2.35
GREEN ENAMEL FLOWER RING,90201D,83,0,0.00
CLEAR STATIONERY BOX SET,16020C,82,0,0.00
FLORAL BLUE MONSTER,20695,82,4,4.65
NUMBER TILE VINTAGE FONT 7,22886,82,0,0.00
SET 4 PICNIC CUTLERY BLUEBERRY,23305,82,0,0.00
SPHERICAL IVORY CANDLE,72715,82,0,0.00
S/60 PINK FLUFFY CHICKS IN BOX,84464,82,0,0.00
PINK PICNIC BARBECUE BUCKET,84762B,82,0,0.00
CANDY SPOT APRON,85090,82,8,8.89
BLACK PHOTO ALBUM,16202E,81,1,1.22
BLUE HOLE PUNCH,16248B,81,0,0.00
ROSE DU SUD CUSHION COVER,20997,81,0,0.00
NUMBER TILE VINTAGE FONT 1,22880,81,0,0.00
SMALL APOTHECARY MEASURING JAR,23019,81,0,0.00
ENAMEL BLUE RIM TEA CONTAINER,35809B,81,0,0.00
"PET MUG, GOLDFISH",37462E,81,0,0.00
BROWN KUKUI COCONUT SEED NECKLACE,90030C,81,0,0.00
TURQ+RED BOUDICCA LARGE BRACELET,90160C,81,0,0.00
"LETTER ""J"" BLING KEY RING",90214J,81,6,6.90
VINTAGE PHOTO ALBUM PARIS DAYS,20910,80,0,0.00
ZINC WIRE SWEETHEART LETTER TRAY,23137,80,0,0.00
SET/16 WHITE SHINY & MATT BAUBLES,35603C,80,0,0.00
GOLD TEDDY BEAR,20818,79,0,0.00
Next Day Carriage,23444,79,1,1.25
3 BLACK CATS W HEARTS BLANK CARD,84206A,79,0,0.00
WHITE BAROQUE WALL CLOCK,85163A,79,0,0.00
"LETTER ""M"" BLING KEY RING",90214M,79,0,0.00
FRENCH LATTICE CUSHION COVER,20835,78,0,0.00
NUMBER TILE VINTAGE FONT 8,22887,78,0,0.00
SWEET HEART CAKE CARRIER,23487,78,9,10.34
WHITE BAMBOO RIBS LAMPSHADE,40002,78,6,7.14
SILVER BOOK MARK WITH BEADS,71143,78,0,0.00
LARGE ZINC GLASS CANDLEHOLDER,72812,78,0,0.00
SET OF 3 RABBIT CARROTS EASTER,84455,78,0,0.00
GREEN PICNIC BARBECUE BUCKET,84762C,78,0,0.00
BLUE TRAVEL FIRST AID KIT,84874B,78,0,0.00
GREY ACRYLIC FACETED BANGLE,90210A,78,0,0.00
GOLD EAR MUFF HEADPHONES,20781,77,6,7.23
VINTAGE NOTEBOOK BEAUTY GIRL,20906,77,0,0.00
BLUE EASTER EGG HUNT START POST,21461,77,5,6.10
ROCOCO WALL MIRROR WHITE,23462,77,18,18.95
FUSCHIA/GREEN STRIPE WOOLLY BLANKET,84414B,77,0,0.00
PINK BITTY LIGHT CHAIN,85179C,77,0,0.00
SPOTTED WHITE NATURAL SEED NECKLACE,90030A,77,0,0.00
BLUE MURANO TWIST BRACELET,90120B,77,0,0.00
EASTER BUNNY WREATH,35922,76,4,5.00
YELLOW DRAGONFLY HELICOPTER,85135A,76,4,5.00
CERAMIC BIRDHOUSE FINCH BLUE  LARGE,21553,75,1,1.32
VINTAGE RED KITCHEN CABINET,22655,75,12,13.79
PAPER LANTERN 9 POINT HOLLY STAR L,23043,75,0,0.00
HEN HOUSE W FAMILY IN BARN & NEST,84226,75,0,0.00
FLOWERS WALL THERMOMETER,84925E,75,0,0.00
VINTAGE JINGLE BELLS WREATH,23492,74,0,0.00
IVORY SCULPTED RND CANDLE,72709,74,0,0.00
GREEN 3 TIER GLASS PLATE STAND,84782C,74,6,7.50
ANT COPPER PINK BOUDICCA BRACELET,90161D,74,0,0.00
VINTAGE ROSE BEAD BRACELET RASPBERR,90198A,74,0,0.00
ZINC HEART LATTICE 2 WALL PLANTER,20845,73,0,0.00
DECORATIVE NET CANOPY LEOPARD,45016,73,0,0.00
COLUMBIAN CANDLE ROUND,72129,73,0,0.00
FLAG OF ST GEORGE CHAIR,78033,73,3,3.95
LA STREGA CANVAS PICTURE,84367,73,0,0.00
CHUNKY SILVER NECKLACE PASTEL FLOWE,90147,73,4,5.19
SILVER STANDING GNOME,21132,72,0,0.00
PACK/12 BLUE REINDEER CARD,84247C,72,0,0.00
PINK HANGING GINGHAM EASTER HEN,84745A,72,0,0.00
WHITE METAL BAROQUE PHOTO FRAME,85166A,72,1,1.37
VIP LUGGAGE TAG,20660,71,0,0.00
ZINC HEART LATTICE CHARGER LARGE,20847,71,0,0.00
NUMBER TILE VINTAGE FONT 0,22879,71,0,0.00
SET 4 PICNIC CUTLERY CHERRY,23304,71,0,0.00
BUTTONS DESIGN JEWELLERY BOX,84482,71,10,12.35
FLAMES SUNGLASSES PINK LENSES,84527,71,0,0.00
WRAP SWEETS LIGHT PINK SMALL BOWL,84596I,71,0,0.00
VEGETABLE GARDEN CHOPPING BOARD,23116,70,0,0.00
IVORY RETRO KITCHEN WALL CLOCK,23428,70,2,2.78
SET OF 3 WICKER BASKET ROSE,47583A,70,2,2.78
"FOLK ART GREETING CARD,pack/12",84247K,70,11,13.58
WISE MAN STAR SHAPE EGG PAN,84388,70,2,2.78
PINK/YELLOW RABBIT SAT EASTER,84450B,70,0,0.00
PINK DOLLY HAIR CLIPS,90112,70,0,0.00
VINTAGE KEEPSAKE BOX PARIS DAYS,20902,69,0,0.00
SHOPPING BAG DOORSTOP,21118,69,0,0.00
VINTAGE GLASS SUGAR CADDY,21663,69,7,9.21
LIGHTHOUSE PRINTED METAL SIGN,21757,69,0,0.00
GLASS TWIST BON BON JAR,23016,69,3,4.17
SILVER ROCCOCO CHANDELIER,84616,69,4,5.48
BLUE GINGHAM ROSE QUILT,84619,69,0,0.00
PINK BOUDICCA LARGE BRACELET,90160D,69,1,1.43
WHITE GLASS CHUNKY CHARM BRACELET,90175A,69,8,10.39
"LETTER ""G"" BLING KEY RING",90214G,69,7,9.21
GLASS CAKE STAND MIRRORED BASE,21752,68,7,9.33
TRIPLE WIRE HOOK PINK HEART,23141,68,0,0.00
YELLOW/ORANGE FLOWER DESIGN PLATE,37487B,68,0,0.00
LILAC GAUZE BUTTERFLY LAMPSHADE,44089C,68,0,0.00
BLUE BUTTERFLY ON SPRING,44241C,68,0,0.00
DECORATIVE NET CANOPY CREAM,45008C,68,0,0.00
BLACK BAROQUE WALL CLOCK,85163B,68,1,1.45
PINK MURANO TWIST BRACELET,90120A,68,0,0.00
PORCELAIN HANGING BELL SMALL,20957,67,1,1.47
ROSE DU SUD WASHBAG,21001,67,0,0.00
PINK JEWELLED PHOTO FRAME,84712B,67,0,0.00
METALIC LEAVES BAG CHARMS,90119,67,0,0.00
DAISY HAIR BAND,90170,67,12,15.19
NUMBER TILE VINTAGE FONT 9,22888,66,0,0.00
IVORY FELT EASTER RABBIT GARLAND,85205A,66,0,0.00
"CANDLE IN JAR COLLAGE , VANILLA",21102,65,0,0.00
WOOD AND GLASS MEDICINE CABINET,21761,65,1,1.52
SET 4 PICNIC CUTLERY FONDANT,23303,65,0,0.00
BLUE PILLAR CANDLE SILVER FLOCK,72799D,65,0,0.00
TURQUOISE GLASS TASSLE BAG CHARM,90129B,65,0,0.00
"LETTER ""D"" BLING KEY RING",90214D,65,0,0.00
APOTHECARY MEASURING JAR,23017,64,1,1.54
SIX DRAWER OFFICE TIDY,23471,64,0,0.00
PINK/PURPLE CIRCLE CURTAIN,44236,64,0,0.00
LILAC FLOWER BLOCK TABLE LAMP,79303D,64,2,3.03
CROCHET WHITE RABBIT KEYRING,84549,64,0,0.00
NEW BAROQUE BLACK PHOTO ALBUM,84865,64,0,0.00
PINK CRYSTAL GUITAR PHONE CHARM,90084,64,12,15.79
HARDMAN MUG 3 ASSORTED,37468,63,0,0.00
"LETTER ""Y"" BLING KEY RING",90214Y,63,0,0.00
DOLPHIN WINDMILL,77079,62,0,0.00
PURPLE DRESS JEWELLERY STAND,84402B,62,0,0.00
BLUE NEW BAROQUE FLOCK CANDLESTICK,84613C,62,0,0.00
ORIGAMI SANDLEWOOD INCENSE IN TUBE,17013F,61,0,0.00
ORIGAMI SANDLEWOOD INCENSE CONES,17014F,61,0,0.00
MEDINA STAMPED METAL STOOL,21686,61,7,10.29
3 TIER SWEETHEART GARDEN SHELF,22824,61,1,1.61
CUPID SCENTED CANDLE IN GLASS,72821,61,3,4.69
JARDIN ETCHED GLASS CANDLEHLDR LONG,85147,61,2,3.17
GREEN MURANO TWIST BRACELET,90120C,61,0,0.00
PINK FLOCK GLASS CANDLEHOLDER,79331,60,0,0.00
"GREETING CARD, THE BLACK CAT",84251J,60,0,0.00
ORANGE COCKTAIL GLASS LAMP,84255B,60,0,0.00
RETRO LAUNDRY TUB PINK,85121B,60,11,15.49
SILVER FLOWR PINK SHELL NECKLACE,90149,60,0,0.00
RED BOUDICCA LARGE BRACELET,90160B,60,0,0.00
SILVER CHARM NECKLACE 70CM,90203,60,1,1.64
HEN & 2 CHICKS IN BASKET,22657,59,0,0.00
ZINC SWEETHEART SOAP DISH,23151,59,0,0.00
BLACK ASSORTED DROPLET DECORATION,35611B,59,0,0.00
BLUE CHENILLE SHAGGY CUSHION COVER,46138B,59,13,18.06
NECKLACE+BRACELET PINK BUTTERFLY,90098,59,6,9.23
SPOTS ON RED BOOKCOVER TAPE,10124A,58,0,0.00
LOVE SEAT ANTIQUE WHITE METAL,22826,58,4,6.45
PAPER LANTERN 5 POINT SEQUIN STAR,23047,58,0,0.00
PINK/WHITE CHRISTMAS TREE 30CM,35597D,58,0,0.00
SET/4 2 TONE EGG SHAPE MIXING BOWLS,37474,58,0,0.00
PINK KNITTED COW STUFFED TOY,84902,58,0,0.00
PINK B'FLY C/COVER W BOBBLES,84906,58,1,1.69
LAZER CUT NECKLACE W PASTEL BEADS,90154,58,0,0.00
JADE DROP EARRINGS W FILIGREE,90192,58,2,3.33
"LETTER ""P"" BLING KEY RING",90214P,58,6,9.38
PINK/FLOWER RABBIT EGG WARMER,35911B,57,0,0.00
SET/2 BLUE  NOODLE BASKETS,84288B,57,2,3.39
DIAMANTE BOW BROOCH RED COLOUR,90082B,57,0,0.00
PURPLE FRANGIPANI HAIRCLIP,90104,57,0,0.00
ASSORTED FRAGRANCE BATH CONFETTI,18010,56,0,0.00
KASBAH LANTERN WITH GLASS,21341,56,0,0.00
SNACK TRAY RED GINGHAM,23578,56,0,0.00
LARGE STRAWBERRY CHOCOLATE CANDLE,72740A,56,0,0.00
PINK STRAWBERRY HANDBAG,16207A,55,0,0.00
SMALL MARAKESH LANTERN ON STICK,21734,55,6,9.84
BLACK BOX MIRROR LANTERN,72793,55,1,1.79
GREEN WIRE STANDING CANDLE HOLDER,84882,55,0,0.00
NINE DRAWER OFFICE TIDY,23472,54,0,0.00
BLUE FLOWER DES PURSE,47344B,54,0,0.00
BLUE CHECK BAG W HANDLE 34X20CM,62043B,54,1,1.82
CHERRY BLOSSOM CANVAS ART PICTURE,84723,54,6,10.00
WHITE PICNIC BARBECUE BUCKET,84762A,54,11,16.92
BLUE GEISHA GIRL,84870B,54,0,0.00
GREEN GEISHA GIRL,84870C,54,0,0.00
SCOTTS ROSES TILE COASTER,84926B,54,0,0.00
COW  SOCK PUPPET,85185C,54,0,0.00
SILVER BRACELET W PASTEL FLOWER,90143,54,7,11.48
ANT SILVER LIME GREEN BOUDICCA RING,90162B,54,1,1.82
PINK CLEAR GLASS CANDLE PLATE,72369A,53,0,0.00
PINK GINGHAM ROSE FLOOR CUSHION,84623,53,0,0.00
FLOWERS HANDBAG blue and orange,16151A,52,0,0.00
ASSORTED SHAPED STENCIL FOR HENNA,17061,52,0,0.00
SHAKER THROW  QUILTED,20833,52,1,1.89
EDWARDIAN 2 DRAWER WALL CABINET,21298,52,6,10.34
ANTIQUE EDWARDIAN DRESSER,21300,52,10,16.13
MULTICOLOUR EASTER RABBIT,35910A,52,0,0.00
SUNSET COLOUR CHUNKY KNITTED THROW,46775D,52,1,1.89
"RETRO TIN ASHTRAY,REVOLUTIONARY",79062D,52,0,0.00
6 RABBIT CHAIN EASTER,84447,52,0,0.00
FAIRY CAKES ROUND NESTING BOXES,84533B,52,0,0.00
NATURAL RIVIERA HANDBAG,84858A,52,0,0.00
"LETTER ""R"" BLING KEY RING",90214R,52,0,0.00
IVORY EMBROIDERED QUILT,22803,51,0,0.00
DOLLY CABINET 3 DRAWERS,23458,51,5,8.93
VINTAGE BEAD PINK JEWEL BOX,35645,51,0,0.00
YELLOW FELT HANGING HEART W FLOWER,35916A,51,0,0.00
SMALL SINGLE FLAME CANDLE HOLDER,71050,51,0,0.00
"S/4 ICON COASTER,ELVIS LIVES",79026B,51,0,0.00
ST GEORGE SET OF 10 PARTY LIGHTS,79161A,51,0,0.00
BLACK DIAMANTE EXPANDABLE RING,90185C,51,29,36.25
PURPLE GEMSTONE BRACELET,90195A,51,5,8.93
MOON INCENSE,17084G,50,0,0.00
LARGE APOTHECARY MEASURING JAR,23018,50,0,0.00
WRAP A PRETTY THANK YOU,23692,50,0,0.00
CANDY STRIPE ROSE C/COVER,84627,50,8,13.79
BLUE WIRE SPIRAL CANDLE HOLDER,84881,50,1,1.96
JARDIN ETCHED GLASS GINGER JAR,85142,50,1,1.96
GREEN GLASS TASSLE BAG CHARM,90129C,50,0,0.00
SILVER HOOP EARRINGS WITH FLOWER,90145,50,0,0.00
"LETTER ""H"" BLING KEY RING",90214H,50,0,0.00
LOUVRE CHALKBOARD,21309,49,1,2.00
TUSCAN VILLA DOVECOTE BIRD FEEDER,23466,49,1,2.00
ENGLISH ROSE TEA SET IN GIFT BOX,37485,49,0,0.00
ENGLISH ROSE SCENTED HANGING HEART,47574B,49,0,0.00
BLACK FLOCK GOLD CANDLE,72771C,49,0,0.00
ANT WHITE HIGH RISE BIRD BOX,84838,49,0,0.00
BLUE SHARK HELICOPTER,85136B,49,1,2.00
"LETTER ""N"" BLING KEY RING",90214N,49,0,0.00
MIRRORED WALL ART FOXY,21370,48,0,0.00
ASSORTED SANTA CHRISTMAS DECORATION,35071,48,0,0.00
ENAMEL BLUE RIM OVAL TRAY SET/2,35240,48,0,0.00
S/16 BLACK SHINY/MAT BAUBLES,35603B,48,24,33.33
MULTICOLOUR CRUSOE CHECK LAMPSHADE,44091C,48,0,0.00
CANNABIS LEAF BEAD CURTAIN,44228,48,0,0.00
FOLDING SHOE TIDY,45013,48,0,0.00
BLUE TABLE RUN FLOWER,47341B,48,0,0.00
SET/6 BLACK ROSE T-LIGHT CANDLES,72779,48,0,0.00
FRENCH ENAMEL SOAP DISH WITH LID,85050,48,0,0.00
BILI NUT AND WOOD NECKLACE,90031,48,0,0.00
LILY BROOCH AMETHYST COLOUR,90081A,48,0,0.00
BLACK CHUNKY BEAD BRACELET W STRAP,90184C,48,0,0.00
CRYSTAL DIAMANTE EXPANDABLE RING,90185D,48,3,5.88
AMETHYST HOOP EARRING FLORAL LEAF,90186A,48,0,0.00
JAZZ HEARTS SPIRAL NOTEPAD,20994,47,0,0.00
GERANIUM FOLKART HEART DECORATION,35973,47,0,0.00
SCOTTIES DESIGN CHILD'S OVERALL,47592B,47,0,0.00
PINK JEWELLED MIRROR TRINKET TRAY,84707B,47,4,7.84
"LETTER ""B"" BLING KEY RING",90214B,47,0,0.00
RUSTIC  SEVENTEEN DRAWER SIDEBOARD,22827,46,4,8.00
PINK/GREEN FLOWER DESIGN BIG MUG,37489D,46,0,0.00
LEOPARD PRINT HOT WATER BOTTLE,84029D,46,0,0.00
PINK RABBIT SITTING EASTER,84450A,46,4,8.00
YELLOW VW BEETLE CERAMIC MONEY BOX,84555A,46,0,0.00
PINK ROUND COMPACT MIRROR,84877A,46,0,0.00
YELLOW + BROWN BEAR FELT PURSE KIT,84899E,46,1,2.13
MURANO STYLE GLASS BRACELET BLACK,90040B,46,0,0.00
AMETHYST CHUNKY BEAD BRACELET W STR,90184B,46,3,6.12
LARGE CRYSTAL DIAMANTE HAIRSLIDE,90205C,46,0,0.00
GOLD COSMETIC BAG PINK STAR,20861,45,0,0.00
FRENCH STYLE EMBOSSED HEART CABINET,21277,45,4,8.16
VINTAGE BLUE KITCHEN CABINET,22656,45,13,22.41
CHEST 7 DRAWER MA CAMPAGNE,22761,45,2,4.26
BLACK/WHITE GLASS/SILVER BRACELET,90010B,45,1,2.17
IVORY SHELL HEART NECKLACE,90032,45,0,0.00
BLACK GEMSTONE BRACELET,90195B,45,4,8.16
FUSCHIA RETRO BAR STOOL,20785,44,1,2.22
VINTAGE NOTEBOOK RED ROSE,20899,44,0,0.00
RED RETRO KITCHEN WALL CLOCK,23429,44,0,0.00
CONDIMENT TRAY 4 BOWLS AND 4 SPOONS,37476,44,0,0.00
SCULPTED ROUND IVORY CANDLE,72708,44,0,0.00
WELCOME METAL SIGN,85151,44,0,0.00
CRYSTAL CZECH CROSS PHONE CHARM,90083,44,0,0.00
FRUIT SALAD BAG CHARM,90116,44,0,0.00
RIVIERA NECKLACE,90157,44,0,0.00
PURPLE BOUDICCA LARGE BRACELET,90160A,44,7,13.73
AMETHYST DIAMANTE EXPANDABLE RING,90185B,44,19,30.16
"LETTER ""I"" BLING KEY RING",90214I,44,6,12.00
LITTLE PINK MONSTER SOFT TOY,20698,43,0,0.00
RIDGED GLASS PENDANT LAMPSHADE,21674,43,0,0.00
VINTAGE WOODEN BAR STOOL,21763,43,3,6.52
YELLOW/PINK FLOWER DESIGN BIG MUG,37489A,43,0,0.00
GREEN CHENILLE SHAGGY RUG,46137D,43,0,0.00
"PEARL & SHELL 42""NECKL. PINK",90035B,43,0,0.00
"LETTER ""T"" BLING KEY RING",90214T,43,0,0.00
S/3 FLWR FAIRY ROSE CANDLES,72753C,42,0,0.00
ROSE PINK METAL FOLDING CHAIR,84292,42,1,2.33
CARNATION SQUARE HANDY TIN,84845C,42,3,6.67
DIAMANTE BOW BROOCH GREEN COLOUR,90082A,42,0,0.00
ANT SILVER FUSCHIA BOUDICCA RING,90162C,42,0,0.00
T-LIGHT HOLDER SILVER SAUCER,23038,41,0,0.00
CROCHET BEAR RED/BLUE  KEYRING,84548,41,0,0.00
GERANIUM SQUARE HANDY TIN,84845D,41,0,0.00
MIDNIGHT BLUE VINTAGE EARRINGS,90013A,41,8,16.33
VINTAGE COLLAGE  GREETING  CARD,21511,40,0,0.00
12 HANGING EGGS HAND PAINTED,23442,40,0,0.00
BLACK SIL'T SQU CANDLE PLATE,72783,40,0,0.00
WHITE ALLIUM  ARTIFICIAL FLOWER,84803B,40,6,13.04
ZINC HEART LATTICE CHARGER SMALL,20848,39,0,0.00
ANTIQUE CREAM CUTLERY CUPBOARD,21270,39,0,0.00
IVORY ROSE LAMPSHADE,35085E,39,0,0.00
PINK AND BLACK STRING CURTAIN,35638A,39,0,0.00
PINK GAUZE BUTTERFLY LAMPSHADE,44089A,39,0,0.00
HEART BUTTONS JEWELLERY BOX,82095,39,0,0.00
ANT COPPER RED BOUDICCA BRACELET,90161A,39,0,0.00
LITTLE GREEN MONSTER SOFT TOY,20697,38,0,0.00
VINTAGE NOTEBOOK PINK FLOWER,20896,38,0,0.00
BLUE/YELLOW FLOWER DESIGN BIG MUG,37489B,38,0,0.00
DOOR MAT CAMOUFLAGE,48175,38,0,0.00
FAIRY CAKES RECTANGLUAR BOXES,84532B,38,0,0.00
BLACK MEDIUM GLASS CAKE STAND,84751B,38,3,7.32
TURQUOISE CRYSTAL+GLASS BRACELET,90122C,38,0,0.00
GREEN FLORAL FELTCRAFT SHOULDER BAG,20968,37,0,0.00
BLUE FELT HANGING HEART WITH FLOWER,35916B,37,0,0.00
PINK CHRISTMAS TREE DECORATION,35932,37,0,0.00
BLACK BAROQUE CARRIAGE CLOCK,85168B,37,0,0.00
RUBY GLASS CLUSTER BRACELET,90070,37,9,19.57
AMBER GLASS TASSLE BAG CHARM,90129D,37,0,0.00
PURPLE GLASS TASSLE BAG CHARM,90129E,37,0,0.00
ASSTD RASTA KEY-CHAINS,17174,36,0,0.00
LIBRARY LAMP,21335,36,4,10.00
CORDIAL GLASS JUG,23015,36,7,16.28
CURIO CABINET LINEN AND LACE,23410,36,1,2.70
FLAT GLASS  BAUBLE WHITE FLOCK,35840,36,1,2.70
CERISE+GOLD CHRISTMAS TREE DEC,35936,36,0,0.00
S/6 PAPER BOXES CURIOUS IMAGES,85018C,36,0,0.00
FLOWER BURST SILVER RING OPAL,90002A,36,0,0.00
JADE GREEN ENAMEL HAIR COMB,90005A,36,0,0.00
SILVER/MOP ORBIT NECKLACE,90014A,36,0,0.00
PINK CRYSTAL+GLASS BRACELET,90122A,36,0,0.00
AMBER DIAMANTE EXPANDABLE RING,90185A,36,13,26.53
CRYSTAL HOOP EARRING FLORAL LEAF,90186B,36,0,0.00
BLUE RETRO KITCHEN WALL CLOCK,23430,35,0,0.00
DOOR MAT KISS MY.......,48103,35,0,0.00
"BATHROOM SCALES, TROPICAL BEACH",82011A,35,1,2.78
PACK/12 DECOUPAGE CARD,84247H,35,11,23.91
S/3 PINK SQUARE PLANTERS ROSES,84306,35,0,0.00
DOT MATRIX CANVAS ART PICTURE,84720,35,0,0.00
LION SOCK PUPPET,85185F,35,0,0.00
CRYSTAL PAIR HEART HAIR SLIDES,90003D,35,7,16.67
GREEN VINTAGE EARRINGS,90013C,35,0,0.00
FRESHWATER PEARL BRACELET IVORY,90042C,35,0,0.00
PINK HEART OF GLASS BRACELET,90123A,35,0,0.00
PINK GLASS TASSLE BAG CHARM,90129A,35,0,0.00
RED GLASS TASSLE BAG CHARM,90129F,35,0,0.00
FINE SILVER NECKLACE W PASTEL FLOWE,90146,35,2,5.41
BLACK+WHITE NECKLACE W TASSEL,90180A,35,0,0.00
S/3 POT POURI CUSHIONS BLUE COLOURS,17007B,34,0,0.00
ELEPHANT CLIP W SUCTION CUP,62074B,34,0,0.00
SET/6 CHRISTMAS ICICLE T-LIGHTS,72724,34,0,0.00
PINK TV TRAY TABLE,84313A,34,0,0.00
PURPLE VINTAGE EARRINGS,90013D,34,0,0.00
"FLOWER GLASS GARLAND NECKL.36""BLACK",90036D,34,0,0.00
NECKLACE+BRACELET SET FRUIT SALAD,90094,34,0,0.00
JADE CRYSTAL+GLASS BRACELET,90122B,34,0,0.00
BLUE GLASS CHUNKY CHARM BRACELET,90175C,34,0,0.00
GOLD/AMBER DROP EARRINGS W LEAF,90190B,34,0,0.00
ROSE FLOWER CANDLE+INCENSE 16X16CM,17191A,33,0,0.00
VINTAGE KEEPSAKE BOX PINK FLOWER,20901,33,2,5.71
DOLLY CABINET 2 DRAWERS,23459,33,3,8.33
BLUE ORGANDY ROUND LAMPSHADE W BEA,40005B,33,0,0.00
FAIRY CAKE WICKER PICNIC BASKET,47581B,33,1,2.94
ROUND ARTICULATED PINK CLOCK W/SUCK,81953P,33,0,0.00
SET OF 3 RABBIT EGG EASTER,84456,33,12,26.67
PINK AND LILAC QUILTED THROW,84472,33,2,5.71
YELLOW KNITTED KIDS RUCKSACK,84529C,33,0,0.00
KNITTED RABBIT DOLL,84539,33,0,0.00
RED PEONY TABLE CLOCK,84706F,33,1,2.94
DANISH ROSE UMBRELLA STAND,84824,33,1,2.94
ANT WHITE IRON BASKET,84893,33,0,0.00
BLUE KASHMIRI BOXED MIRROR,84966B,33,0,0.00
SILVER M.O.P ORBIT DROP EARRINGS,90018A,33,1,2.94
COTE D'AZURE NECKLACE,90159,33,0,0.00
ARMY CAMO BOOKCOVER TAPE,10124G,32,0,0.00
FOLDING CAMPING SCISSOR W/KNIF & S,16010,32,0,0.00
SET/6 GREEN SPRING  PAPER PLATE,21097,32,0,0.00
CHEST NATURAL WOOD 20 DRAWERS,22823,32,0,0.00
FLOWER PURPLE CLOCK W/SUCKER,81950V,32,0,0.00
AMBER GLASS/SILVER BRACELET,90010E,32,4,11.11
SILVER M.O.P ORBIT BRACELET,90019A,32,0,0.00
SILVER LARIAT 40CM,90191,32,0,0.00
Adjustment by john on 26/01/2010 16,ADJUST,32,29,47.54
TROPICAL HOLIDAY PURSE,20664,31,0,0.00
PURPLE CURRENT CANDLE RING,35751C,31,0,0.00
YELLOW PINK FLOWER DESIGN BIG BOWL,37488A,31,1,3.13
LIGHT DECORATION BATTERY OPERATED,47016,31,0,0.00
COGNAC AUX OEUFS METAL 1 HOOK,82545A,31,0,0.00
SILVER OVAL SHAPE TRINKET BOX,84711A,31,0,0.00
DANISH ROSE BEDSIDE CABINET,84816,31,8,20.51
BLOKEY SILVER TOOL SET,84855,31,0,0.00
MIDNIGHT BLUE GLASS/SILVER BRACELET,90010A,31,6,16.22
NECKLACE+BRACELET SET BLUE BLOSSOM,90096,31,0,0.00
SUMMER BUTTERFLIES BAG CHARM,90115,31,0,0.00
AQUA BERTIE GLASS BEAD BAG CHARM,90125B,31,0,0.00
SILVER DROP EARRINGS WITH FLOWER,90144,31,0,0.00
DROP DIAMANTE EARRINGS PURPLE,90177D,31,6,16.22
"LETTER ""O"" BLING KEY RING",90214O,31,0,0.00
SILVER WASHBAG,21337,30,0,0.00
MARAKESH LANTERN LARGE,21339,30,0,0.00
PINK CHERRY BLOSSOM CUP & SAUCER,37379A,30,1,3.23
GLASS WINE GLASS DECORATIONS,79413,30,0,0.00
WHITE  ROSEBUD PEARL BRACELET,90164B,30,0,0.00
WOOD XMAS TREE 9 FIG SHELVES,35596,29,0,0.00
FUSCHIA TABLE RUN FLOWER,47341A,29,0,0.00
SILICON STAR BULB  BLUE,79149B,29,0,0.00
15 PINK FLUFFY CHICKS IN BOX,84465,29,0,0.00
MURANO STYLE GLASS BRACELET GOLD,90040C,29,3,9.38
GREEN WITH METAL BAG CHARM,90048,29,10,25.64
NECKLACE+BRACELET SET BLUE HIBISCUS,90099,29,0,0.00
ANT SILVER TURQUOISE BOUDICCA RING,90162A,29,0,0.00
PAIR BUTTERFLY HAIR CLIPS,90173,29,0,0.00
AMBER CHUNKY BEAD BRACELET W STRAP,90184A,29,0,0.00
SILVER/AMETHYST DROP EARRINGS LEAF,90190C,29,0,0.00
"LETTER ""F"" BLING KEY RING",90214F,29,0,0.00
TUSCAN VILLA BIRD FEEDER,23465,28,0,0.00
PINK CURRENT CANDLE RING,35751D,28,0,0.00
NEW ENGLAND MILK JUG W GIFT BOX,37506,28,0,0.00
NEW ENGLAND MUG W GIFT BOX,37509,28,1,3.45
DOOR MAT SWEET HOME,48179,28,0,0.00
HAPPY BIRTHDAY CARD STRIPEY TEDDY,84201B,28,0,0.00
BIG PINK POODLE,84371,28,0,0.00
CUTE BIRD CEATURE SCREEN,84732B,28,0,0.00
FAIRY CAKES  WALL THERMOMETER,84925C,28,0,0.00
"PEARL & SHELL 42""NECKL. IVORY",90035C,28,0,0.00
TIGRIS EYE CHUNKY CHARM BRACELET,90175D,28,0,0.00
METAL WALL SHELF UNIT WITH HOOKS,21759,27,0,0.00
PINK FLOWERS RABBIT EASTER,35910B,27,0,0.00
SET OF 3 WICKER BASKET TEA AND CAKE,47583B,27,0,0.00
BLUE GINGHAM ROSE FLOOR CUSHION,84621,27,0,0.00
CREAM AND PINK FLOWERS PONY,84921,27,0,0.00
BLUE KASHMIRI COFFEE TABLE,84965B,27,0,0.00
ACRYLIC GEOMETRIC LAMP,85161,27,2,6.90
FRESHWATER PEARL BRACELET GOLD,90042A,27,0,0.00
LILY BROOCH OLIVE COLOUR,90081C,27,0,0.00
FLORAL DINOSAUR GREEN,20693,26,1,3.70
RED RETRO BAR STOOL,20784,26,1,3.70
GOLDIE LOOKING MIRROR,20821,26,14,35.00
OPULENT VELVET CANDLE IN BOX,20870,26,1,3.70
PORCELAIN HANGING BELL LARGE,20958,26,0,0.00
S/3 FRENCH VANILLA SQU CANDLE,72796B,26,0,0.00
S/2 BEACH HUT STOOLS,84690,26,2,7.14
MURANO STYLE GLASS BRACELET PINK,90040D,26,0,0.00
DIAMANTE HAIR GRIP PACK/2 PERIDOT,90059D,26,6,18.75
PINK MURANO TWIST NECKLACE,90124A,26,0,0.00
ANT SILVER PURPLE BOUDICCA RING,90162D,26,0,0.00
AMBER DROP EARRINGS W LONG BEADS,90183A,26,6,18.75
PINK ENAMEL FLOWER HAIR TIE,90202D,26,6,18.75
WRAP CHRISTMAS DECOUPAGE,16169A,25,0,0.00
WRAP ROMANTIC DECOUPAGE,16169G,25,0,0.00
IVORY HANGING DECORATION  RABBIT,21387,25,0,0.00
ZINC WIRE KITCHEN ORGANISER,23143,25,0,0.00
CREAM BUNNY EASTER EGG BASKET,23448,25,0,0.00
GREEN/BLUE FLOWER DESIGN BIG MUG,37489C,25,0,0.00
CROCHET ROSE DES CLOTHES HANGER,84593,25,0,0.00
RASPBERRY ANT COPPER FLOWER NECKLAC,90000A,25,0,0.00
COPPER/OLIVE GREEN FLOWER NECKLACE,90000D,25,0,0.00
FLOWER BURST SILVER RING MIDN'T BLU,90002C,25,2,7.41
MIDNIGHT BLUE PAIR HEART HAIR SLIDE,90003C,25,7,21.88
PINK VINTAGE VICTORIAN EARRINGS,90067A,25,0,0.00
LONG SILVER NECKLACE PASTEL FLOWER,90148,25,1,3.85
SILVER LARIAT BLACK STONE EARRINGS,90194,25,0,0.00
PASTEL BLUE PHOTO ALBUM,16201B,24,0,0.00
GOLD FLOWER CUSHION COVER,20816,24,5,17.24
TRELLIS FLOWER CHOPSTICKS SET/5,20988,24,0,0.00
STRAWBERY SWIRL FLARE CANDLE,72083A,24,0,0.00
SET/4 GARDEN ROSE DINNER CANDLE,72798C,24,0,0.00
PURPLE TINT ACRYLIC FLOWER VASE,79172D,24,0,0.00
YELLOW/BLUE RETRO RADIO,84086B,24,1,4.00
PINK KNITTED KIDS RUCKSACK,84529A,24,0,0.00
CROCHET DOG KEYRING,84551,24,0,0.00
PINK DOG CANNISTER,84575A,24,1,4.00
WHITE 3 FRAME BIRDS AND TREE,84629,24,1,4.00
BLUE MONTE CARLO HANDBAG,84857B,24,2,7.69
ROSE SCENTED VOTIVE CANDLE,85230C,24,0,0.00
VANILLA SCENTED VOTIVE CANDLE,85230D,24,0,0.00
ROSE COLOUR PAIR HEART HAIR SLIDES,90003B,24,7,22.58
DIAMANTE HAIR GRIP PACK/2 MONTANA,90059C,24,6,20.00
TURQUOISE HEART OF GLASS BRACELET,90123B,24,0,0.00
GREEN HEART OF GLASS BRACELET,90123C,24,0,0.00
SCHOOL DESK AND CHAIR,22929,23,3,11.54
VINTAGE ZINC PLANTER,23467,23,0,0.00
WOVEN SUNSET CUSHION COVER,46776D,23,0,0.00
"ICON ALARM CLOCK,FUSCHIA  PIN UP",81985A,23,0,0.00
FOUR PICTURE WHITE GLASS FRAME,84424A,23,0,0.00
GREEN KASHMIRI BOXED MIRROR,84966C,23,0,0.00
BLUE KASHMIRI OCCASIONAL TABLE,84967B,23,3,11.54
PINK LARGE JEWELED PHOTOFRAME,85023C,23,1,4.17
SILVER/BLACK ORBIT NECKLACE,90014C,23,0,0.00
TINY CRYSTAL BRACELET GREEN,90037B,23,0,0.00
MURANO STYLE GLASS BRACELET RED,90040A,23,3,11.54
WHITE HEART OF GLASS BRACELET,90123D,23,0,0.00
BLACK RETRO BAR STOOL,20786,22,2,8.33
ROSE DU SUD CUSHION COVER,21003,22,0,0.00
HAND PAINTED HANGING EASTER EGG,23441,22,0,0.00
PINK GREEN EMBROIDERY COSMETIC BAG,47369A,22,0,0.00
BLUE GREEN EMBROIDERY COSMETIC BAG,47369B,22,0,0.00
PINK NEW BAROQUE FLOCK CANDLESTICK,84613A,22,1,4.35
PINK PAINTED KASHMIRI CHAIR,84963A,22,0,0.00
CRYSTAL LARGE JEWELLED PHOTO FRAME,85023A,22,1,4.35
WHITE BAROQUE CARRIAGE CLOCK,85168A,22,0,0.00
SILVER/M.O.P PENDANT ORBIT NECKLACE,90016A,22,0,0.00
GOLD/M.O.P PENDANT ORBIT NECKLACE,90016B,22,0,0.00
"FLOWER GLASS GARLAND NECKL.36""BLUE",90036C,22,0,0.00
FIRE POLISHED GLASS BRACELET GREEN,90039D,22,0,0.00
VINTAGE ENAMEL & CRYSTAL EARRINGS,90073,22,0,0.00
NECKLACE+BRACELET SET PINK DAISY,90100,22,0,0.00
ST TROPEZ NECKLACE,90158,22,0,0.00
CHERRY BLOSSOM PURSE,20667,21,0,0.00
PAIR PINK/BLACK COATHANGERS,35644,21,0,0.00
PURPLE/COPPER HANGING LAMPSHADE,44092C,21,0,0.00
CROCHET POODLE KEYRING,84546,21,0,0.00
PINK GINGHAM ROSE CUSHION COVER,84622,21,1,4.55
SILVER OVAL JEWELLED MIRROR,84709A,21,0,0.00
FILIGREE DIAMANTE EARRINGS,90023,21,0,0.00
NEW BAROQUE SMALL NECKLACE BLACK,90029,21,0,0.00
FLOWER GARLAND NECKLACE RED,90036A,21,0,0.00
DIAMANTE HAIR GRIP PACK/2 RUBY,90059E,21,6,22.22
DIAMANTE HAIR GRIP PACK/2 LT ROSE,90059F,21,6,22.22
RESIN NECKLACE W PASTEL BEADS,90155,21,0,0.00
PINK ROSEBUD PEARL BRACELET,90164A,21,0,0.00
AMBER CHUNKY GLASS+BEAD NECKLACE,90178A,21,0,0.00
CRYSTAL DIAMANTE STAR BROOCH,90206C,21,0,0.00
"LETTER ""V"" BLING KEY RING",90214V,21,0,0.00
POLYESTER FILLER PAD 60x40cm,20964,20,0,0.00
GOLD JEWELERY BOX,21343,20,2,9.09
COLOURFUL FLOWER FRUIT BOWL,35265,20,0,0.00
RABBIT EASTER DECORATION,35909A,20,0,0.00
KNITTED RAINBOW HOT WATER BOTTLE,84030C,20,8,28.57
SET/4 BLACK  BAROQUE FLOCK COASTER,84612B,20,0,0.00
WHITE ROSE C/COVER,84656,20,0,0.00
PINK OVAL SHAPE TRINKET BOX,84711B,20,0,0.00
MANHATTAN CANVAS ART PICTURE,84721,20,0,0.00
PINK KASHMIRI COFFEE TABLE,84965A,20,0,0.00
BLACK VINTAGE EARRINGS,90013B,20,0,0.00
BLUE MURANO TWIST NECKLACE,90124B,20,0,0.00
WHITE ROSEBUD  PEARL EARRINGS,90165B,20,0,0.00
ORIGAMI JASMINE INCENSE+FLOWER,17011B,19,0,0.00
GOLD COSMETICS BAG WITH BUTTERFLY,20860,19,0,0.00
PORCELAIN CHERUB BELL LARGE,20953,19,0,0.00
TUSCAN VILLA BIRD TABLE,23468,19,0,0.00
FAIRY CAKES TABLE CLOCK,84706B,19,2,9.52
BLING KEY RING STAND,85225,19,0,0.00
GOLD M PEARL  ORBIT NECKLACE,90014B,19,0,0.00
IVORY GOLD METAL BAG CHARM,90049,19,7,26.92
VINTAGE ROSE BEAD BRACELET BLUE,90121B,19,3,13.64
PINK COMBO MINI CRYSTALS NECKLACE,90137,19,0,0.00
PINK & WHITE ROSEBUD RING,90166,19,0,0.00
SILVER SLEIGHBELL  WREATH,21353,18,0,0.00
BLACKCHRISTMAS TREE 30CM,35597B,18,0,0.00
VINTAGE BEAD CHAISE LONG JEWEL BOX,35652,18,0,0.00
BLUE CRUSOE CHECK LAMPSHADE,44091A,18,0,0.00
6 SEGMENT COLOURED SNACK BOWL,84564,18,0,0.00
BLUE PAINTED KASHMIRI CHAIR,84963B,18,0,0.00
EMBROIDERED REINDEER DECORATION,85079,18,0,0.00
FLOWER BURST SILVER RING ROSE,90002B,18,0,0.00
"FLOWER GLASS GARLD NECKL36""AMETHYST",90036E,18,0,0.00
TINY CRYSTAL BRACELET RED,90037A,18,0,0.00
GLASS AND PAINTED BEADS BRACELET TO,90038A,18,0,0.00
DIAMANTE HAIR GRIP PACK/2 CRYSTAL,90059A,18,6,25.00
WHITE VINT ART DECO CRYSTAL NECKLAC,90063A,18,0,0.00
RUBY DROP CHANDELIER EARRINGS,90072,18,0,0.00
PINK BERTIE MOBILE PHONE CHARM,90126A,18,0,0.00
WHITE STONE/CRYSTAL EARRINGS,90130A,18,0,0.00
TEAL/FUSCHIA COL BEAD NECKLACE,90133,18,0,0.00
RESIN BRACELET W PASTEL BEADS,90156,18,0,0.00
2 DAISIES HAIR COMB,90168,18,6,25.00
SILVER/CRYSTAL DROP EARRINGS W LEAF,90190A,18,0,0.00
PAIR OF ENAMEL BUTTERFLY HAIRCLIP,90204,18,4,18.18
PINK TALL PORCELAIN T-LIGHT HOLDER,18097A,17,0,0.00
VINTAGE WOODEN PLATE RACK,21764,17,1,5.56
REGENCY MIRROR WITH SHUTTERS,22828,17,2,10.53
TURQUOISE CHRISTMAS TREE,35591T,17,0,0.00
BLACK GLASS TV DOUBLE P/FRAME 15X10,84427B,17,0,0.00
BLUE PAINTED KASHMIRI TABLE,84964B,17,0,0.00
"PEARL & SHELL 42""NECKL. GREEN",90035A,17,0,0.00
"FLOWER GLASS GARLAND NECKL.36""GREEN",90036B,17,0,0.00
TINY CRYSTAL BRACELET BLUE,90037C,17,0,0.00
FIRE POLISHED GLASS NECKL GREEN,90060F,17,0,0.00
BLACK VINTAGE  CRYSTAL EARRINGS,90064B,17,1,5.56
WHITE VINTAGE CRYSTAL BRACELET,90065A,17,0,0.00
WHITE FRANGIPANI NECKLACE,90101,17,6,26.09
WHITE FRANGIPANI HAIR CLIP,90102,17,0,0.00
AMBER BERTIE MOBILE PHONE CHARM,90126C,17,0,0.00
PINK LEAVES AND BEADS PHONE CHARM,90128A,17,0,0.00
BLUE LEAVES AND BEADS PHONE CHARM,90128B,17,0,0.00
PURPLE GEMSTONE NECKLACE 45CM,90196A,17,1,5.56
5 STRAND GLASS NECKLACE AMETHYST,90199B,17,0,0.00
"LETTER ""Z"" BLING KEY RING",90214Z,17,0,0.00
SANDALWOOD INCENSE IN TIN,17091F,16,0,0.00
VINTAGE NOTEBOOK FRENCH LETTER,20895,16,0,0.00
BLUE WHITE SCARF HOT WATER BOTTLE,21489,16,0,0.00
VINTAGE ZINC WATERING CAN SMALL,23464,16,0,0.00
HAND OPEN SHAPE BLACK,35001B,16,2,11.11
PINK FLOWERS RABBIT EASTER,35909B,16,0,0.00
GREEN/BLUE CERAMIC CANDLE HOLDER,37491C,16,0,0.00
WHITE GLASS TV TRIPLE FRAME,84425A,16,0,0.00
WHITE FOXGLOVE ARTIIFCIAL FLOWER,84798C,16,0,0.00
CANDY PINK FRENCH BOUDOIR CLOCK,85165,16,0,0.00
ANTIQUE OLIVE GREEN FLOWER EARRINGS,90001D,16,0,0.00
GOLD M.O.P ORBIT DROP EARRINGS,90018B,16,0,0.00
BUTTERFLY HAIR BAND,90174,16,12,42.86
DROP DIAMANTE EARRINGS CRYSTAL,90177C,16,6,27.27
LARGE MINT DIAMANTE HAIRSLIDE,90205A,16,0,0.00
JET BLACK LAS VEGAS NECKLACE 45CM,90211B,16,2,11.11
JET BLACK LAS VEGAS BRACELET ROUND,90212B,16,0,0.00
FRENCH STYLE WALL DRESSER,21760,15,2,11.76
RASTA IN BATH W SPLIFF ASHTRAY,35443,15,0,0.00
BLUE WHITE PLASTIC RINGS LAMPSHADE,44092B,15,0,0.00
CANDY POP CHUNKY KNITTED THROW,46775E,15,0,0.00
A4 WALL TIDY RED FLOWERS,71496B,15,0,0.00
BLUE NETTING STORAGE HANGER,78034B,15,0,0.00
ASS WINDPROOF MARIJUANA LIGHTERS,79140,15,0,0.00
LARGE FIBRE OPTIC CHRISTMAS TREE,84340,15,0,0.00
"PINK ROSES/GINGHAM PATCH RABBIT 8""",84586L,15,0,0.00
CUTE RABBIT CEATURE SCREEN,84732D,15,0,0.00
PINK BABY GIRLS PHOTO ALBUM,84867A,15,0,0.00
PINK SQUARE COMPACT MIRROR,84875A,15,0,0.00
S/6 PAPER BOXES ROMANTIC IMAGES,85018A,15,0,0.00
S/6 PAPER BOXES BLOSSOM IMAGES,85018B,15,0,0.00
FLOWER BURST SILVER RING GREEN,90002E,15,3,16.67
FRESHWATER PEARL BRACELET PINK,90042B,15,0,0.00
DIAMANTE HAIR GRIP PACK/2 BLACK DIA,90059B,15,6,28.57
BLACK VINT ART DEC CRYSTAL NECKLACE,90063B,15,0,0.00
TURQ STONE/CRYSTAL EARRINGS,90130B,15,0,0.00
PINK GLASS CHUNKY CHARM BRACELET,90175B,15,2,11.76
DROP DIAMANTE EARRINGS BLACK DIAMON,90177B,15,0,0.00
BLACK GEMSTONE NECKLACE 45CM,90196B,15,0,0.00
5 STRAND GLASS NECKLACE BLACK,90199A,15,0,0.00
5 STRAND GLASS NECKLACE AMBER,90199D,15,0,0.00
PACKING CHARGE,23574,14,2,12.50
PINK BEADED CONE CHRISTMAS,35051B,14,0,0.00
PURPLE/BLUE CERAMIC CANDLE HOLDER,37491D,14,0,0.00
LILAC FEATHERS CURTAIN,44242A,14,0,0.00
ROUND BLUE CLOCK WITH SUCKER,81953B,14,0,0.00
PINK FLOCK SUEDE CUSHION COVER,84415A,14,0,0.00
DECORATIVE HANGING SHELVING UNIT,84632,14,1,6.67
CLASSICAL ROSE TABLE LAMP,84679,14,1,6.67
ENGLISH ROSE PHOTO FRAME,84705A,14,0,0.00
SET 4 EASTER DECOUPAGE OVAL BOXES,85184B,14,1,6.67
BUNNY BUNCH OF FLOWERS,85186B,14,0,0.00
MIDNIGHT BLUE COPPER FLOWER NECKLAC,90000B,14,0,0.00
SILVER BLACK ORBIT DROP EARRINGS,90018C,14,1,6.67
FIRE POLISHED GLASS BRACELET BLACK,90039C,14,0,0.00
GREEN MURANO TWIST NECKLACE,90124C,14,0,0.00
GREEN LEAVES AND BEADS PHONE CHARM,90128C,14,0,0.00
SILVER/NATURAL SHELL NECKLACE,90151,14,0,0.00
DAISY HAIR COMB,90169,14,6,30.00
PURPLE CHUNKY GLASS+BEAD NECKLACE,90178B,14,0,0.00
PURPLE AMETHYST NECKLACE W TASSEL,90180B,14,0,0.00
"LETTER ""W"" BLING KEY RING",90214W,14,0,0.00
VINTAGE PINK TINSEL REEL,21267,13,0,0.00
DISTRESSED CANDLE STICK WHITE,21450,13,10,43.48
CANDLE RING W/CLEAR BEADS,35537,13,0,0.00
SET OF 4 PASTEL STACKING MUGS,37348,13,1,7.14
PINK BAROQUE FLOCK CANDLE HOLDER,84614A,13,2,13.33
BLACK DROP CRYSTAL NECKLACE,90012B,13,0,0.00
NEW BAROQUE B'FLY NECKLACE PINK,90024D,13,0,0.00
"FLOWER GLASS GARLD NECKL36""TURQUOIS",90036F,13,0,0.00
GLASS AND BEADS BRACELET IVORY,90038C,13,0,0.00
FIRE POLISHED GLASS BRACELET MONTAN,90039B,13,0,0.00
WHITE WITH METAL BAG CHARM,90046,13,2,13.33
PURPLE LAS VEGAS BRACELET ROUND,90212C,13,0,0.00
"LETTER ""U"" BLING KEY RING",90214U,13,0,0.00
ORANGE CANDLE,20939,12,0,0.00
DOTCOMGIFTSHOP TEA TOWEL,22351,12,0,0.00
SET OF 6 EASTER RAINBOW CHICKS,23449,12,0,0.00
VINTAGE ZINC WATERING CAN,23463,12,0,0.00
VINTAGE BEAD FILLED PINK CUSHION,35654,12,0,0.00
ROSES BLUE BASE CUSHION COVER,46307,12,0,0.00
DOTS IRONING BOARD COVER,47552A,12,2,14.29
"GREETING CARD, BLACKPOOL ROCK",84250M,12,0,0.00
CROCHET LILAC/RED BEAR KEYRING,84550,12,0,0.00
PINK EASTER HENS+FLOWER,84746,12,0,0.00
PINK KASHMIRI BOXED MIRROR,84966A,12,0,0.00
NEW BAROQUE B'FLY NECKLACE MONTANA,90024E,12,0,0.00
GLASS BEAD HOOP EARRINGS AMETHYST,90027D,12,0,0.00
BROWN VINTAGE VICTORIAN EARRINGS,90067B,12,0,0.00
PURPLE FRANGIPANI NECKLACE,90103,12,0,0.00
PINK BEADS+HAND PHONE CHARM,90127A,12,0,0.00
OLD ROSE COMBO BEAD NECKLACE,90134,12,0,0.00
BLUE SHELL+SILVER NECKLACE,90150,12,0,0.00
PINK ROSEBUD & PEARL NECKLACE,90163A,12,0,0.00
PINK ROSEBUD PEARL EARRINGS,90165A,12,0,0.00
PINK MINI STATIONERY SET W CASE,16245A,11,0,0.00
BLUE RETRO BAR STOOL,20787,11,0,0.00
SILVER LOOKING MIRROR,20820,11,0,0.00
"FLOWER FAIRY MUG+COASTER,LAVENDER",37477B,11,1,8.33
BLUE STRIPES SHOULDER BAG,62097B,11,0,0.00
S/3 ENGLISH LAVENDER SQU CANDLE,72796A,11,0,0.00
SEAGRASS S/3 SQU LAUNDRY BOX,78026,11,0,0.00
"SILICON CUBE 25W, BLUE",79151B,11,0,0.00
CAMOFLAGE CUSHION COVER,84311,11,0,0.00
BIRD ON BRANCH CANVAS SCREEN,84387A,11,0,0.00
PINK CROCHET CAT WITH SCARF,84582,11,0,0.00
NEW BAROQUE BLACK BOXES,84617,11,0,0.00
BLUE METAL WALL SHELF,84886,11,0,0.00
PINK PAINTED KASHMIRI TABLE,84964A,11,0,0.00
GOLD M.O.P ORBIT BRACELET,90019B,11,0,0.00
FIRE POLISHED GLASS NECKL BRONZE,90060D,11,0,0.00
WHITE VINTAGE CRYSTAL EARRINGS,90064A,11,0,0.00
RUBY GLASS CLUSTER NECKLACE,90069,11,0,0.00
WHITE/PINK MINI CRYSTALS NECKLACE,90138,11,0,0.00
DAISY RING,90171,11,0,0.00
MODERN CHRISTMAS BAUBLE CANDLE,20877,10,0,0.00
PASTA ENAMEL/BRASS CONTAINER,35233,10,0,0.00
DUSTY PINK CHRISTMAS TREE 30CM,35597A,10,0,0.00
DUSTY PINK CHRISTMAS TREE 60CM,35598A,10,0,0.00
BLUE FLORIBUNDA EGG WARMER,35918B,10,1,9.09
BLUE/YELLOW CERAMIC CANDLE HOLDER,37491B,10,0,0.00
"FEATHER DUSTER, LIGHT PINK",51012L,10,1,9.09
VANILLA CANDLE IN EMBOSSED ZINC POT,72805,10,0,0.00
HAPPY BIRTHDAY CARD TEDDY/CAKE,84201C,10,0,0.00
CHAMPAGNE TRAY BLANK CARD,84206C,10,0,0.00
GREEN ROSE QUILT,84653,10,0,0.00
CHERRY BLOSSOM PHOTO FRAME,84705D,10,0,0.00
BLACK 3 TIER GLASS PLATE STAND,84782B,10,0,0.00
RIO PINK STRIPE HAMMOCK,84795E,10,0,0.00
GREEN PAIR HEART HAIR SLIDES,90003E,10,4,28.57
SILVER BLACK ORBIT BRACELET,90019C,10,0,0.00
GLASS BEAD HOOP NECKLACE AMETHYST,90026D,10,0,0.00
GLASS AND PAINTED BEADS BRACELET OL,90038B,10,0,0.00
COPPER AND BRASS BAG CHARM,90043,10,0,0.00
VINTAGE ENAMEL & CRYSTAL NECKLACE,90079,10,0,0.00
MOP PENDANT SHELL NECKLACE,90142D,10,0,0.00
DIAMANTE NECKLACE PURPLE,90176D,10,1,9.09
BLACK FINE BEAD NECKLACE W TASSEL,90179C,10,0,0.00
GOLD DIAMANTE STAR BROOCH,90206A,10,0,0.00
YELLOW BIRDS FELT DES FOODCOVER,37112,9,0,0.00
S/4 CONTEMPORY RED ROSEBUD CANDLES,72785B,9,0,0.00
CAT W SUNGLASSES BLANK CARD,84206B,9,0,0.00
FROSTED GLASS WITH SILVER SURROUND,84567,9,0,0.00
ORANGE FELT VASE + FLOWERS,84743C,9,0,0.00
PINK BUTTERFLY HANDBAG W BOBBLES,84923,9,0,0.00
GREEN KASHMIRI OCCASIONAL TABLE,84967C,9,0,0.00
BLACK CRYSTAL DROP EARRINGS,90011B,9,0,0.00
NEW BAROQUE B'FLY NECKLACE RED,90024B,9,2,18.18
NEW BAROQUE LARGE NECKLACE BLK/WHIT,90028,9,0,0.00
PINK/AMETHYST/GOLD NECKLACE,90131,9,0,0.00
ORANGE/FUSCHIA STONES NECKLACE,90135A,9,0,0.00
AMBER GLASS BRACELET HEART CHARMS,90197D,9,0,0.00
WHITE ENAMEL FLOWER HAIR TIE,90202B,9,6,40.00
GREEN ENAMEL FLOWER HAIR TIE,90202C,9,6,40.00
DIAMOND LAS VEGAS NECKLACE 45CM,90211A,9,0,0.00
FUNKY GIRLZ MAGNETIC TO DO LIST,16215,8,0,0.00
GOTHIC CARRIAGE LANTERN,21347,8,0,0.00
M/COLOUR POM-POM CURTAIN,44265,8,0,0.00
WAVELINE SURF IRONING BOARD COVER,47563B,8,0,0.00
S/4 CONTEMPORY PINK ROSEBUD CANDLES,72785A,8,0,0.00
BLUE FLOCK CUSHION COVER,84415B,8,0,0.00
RED PEONY PHOTO FRAME,84705F,8,0,0.00
SILVER MONTE CARLO HANDBAG,84857A,8,0,0.00
MIDNIGHT BLUE DROP CRYSTAL NECKLACE,90012A,8,0,0.00
EDWARDIAN DROP EARRINGS JET BLACK,90022,8,4,33.33
GLASS BEAD HOOP NECKLACE BLACK,90026A,8,0,0.00
BLACK VINT ART DEC CRYSTAL BRACELET,90065B,8,0,0.00
PINK/WHITE GLASS DEMI CHOKER,90078,8,0,0.00
PINK DAISY BAG CHARM,90118,8,6,42.86
DIAMANTE NECKLACE,90176C,8,2,20.00
DROP DIAMANTE EARRINGS GREEN,90177E,8,6,42.86
AMBER FINE BEAD NECKLACE W TASSEL,90179A,8,0,0.00
BLACK 3 BEAD DROP EARRINGS,90182C,8,6,42.86
SILVER 2 STRAND NECKLACE-LEAF CHARM,90189A,8,0,0.00
PURPLE ENAMEL FLOWER HAIR TIE,90202A,8,6,42.86
BLUE TALL PORCELAIN T-LIGHT HOLDER,18097B,7,0,0.00
ASSORTED DESIGN FLOWER MUGS,37409,7,0,0.00
YELLOW/PINK CERAMIC CANDLE HOLDER,37491A,7,0,0.00
BLUE COL METAL FOLDING CHAIR,84292B,7,0,0.00
BLUE/WHITE RIBBED MELAMINE JUG,84562B,7,0,0.00
BLACK NEW BAROQUE FLOCK BOX,84611B,7,3,30.00
SILVER ROCOCO CANDELABRA,84765,7,2,22.22
TEATIME FUNKY FLOWER BACKPACK FOR 2,84872A,7,0,0.00
SILVER HEART COMPACT MIRROR,84876C,7,1,12.50
GREEN WIRE GOBLET CANDLEHOLDER,84891B,7,0,0.00
ANTIQUE MID BLUE FLOWER EARRINGS,90001B,7,0,0.00
GLASS BEAD HOOP NECKLACE MONTANA,90026B,7,0,0.00
GLASS BEAD HOOP NECKLACE GREEN,90026C,7,0,0.00
GLASS BEAD HOOP EARRINGS MONTANA,90027B,7,0,0.00
FIRE POLISHED GLASS BRACELET RED,90039A,7,0,0.00
CRACKED GLAZE NECKLACE RED,90051,7,0,0.00
FIRE POLISHED GLASS NECKL SILVER,90060C,7,0,0.00
NECKLACE+BRACELET SET PINK BLOSSOM,90095,7,0,0.00
BLUE HIBISCUS  HAIR CLIP,90111,7,0,0.00
GREEN PENDANT TRIPLE SHELL NECKLACE,90141A,7,0,0.00
TURQ PENDANT TRIPLE SHELL NECKLACE,90141C,7,0,0.00
ORANGE PENDANT TRIPLE SHELL NECKLAC,90141E,7,0,0.00
BLUE/NAT SHELL NECKLACE W PENDANT,90152C,7,0,0.00
CLASSIC DIAMANTE EARRINGS JET,90177A,7,6,46.15
PURPLE FINE BEAD NECKLACE W TASSEL,90179B,7,0,0.00
INCENSE BAZAAR PEACH,17028J,6,0,0.00
PINK FLOWERS CHILDS UMBRELLA,20680,6,0,0.00
VINTAGE KEEPSAKE BOX BEAUTY GIRL,20905,6,0,0.00
SET/6 GINGERBREAD TREE T-LIGHTS,20942,6,1,14.29
MUG PINK AND PURPLE ARABIC DESIGN,37432,6,0,0.00
"FLOWER FAIRY MUG+COASTER,ROSE",37477C,6,0,0.00
CUBIC MUG TEATIME CAKES,37481,6,0,0.00
PINK CANVAS DES CUSHION COVER,46037A,6,0,0.00
ANGEL ON KNEES METAL POLE 100CM H,71101A,6,0,0.00
CANDY STRIPE ROSE FLOOR CUSHION,84599,6,0,0.00
ORNATE EDWARDIAN CANDLE HOLDER,84608,6,2,25.00
RHOMBUS CRYSTAL PERFUME BOTTLE,84814B,6,0,0.00
FUNKY FLOWER PICNIC BAG FOR 4,84873A,6,0,0.00
ANTIQUE OPAL WHITE FLOWER EARRINGS,90001C,6,0,0.00
GREEN CRYSTAL DROP EARRINGS,90011C,6,0,0.00
SILVER/BLACK PENDANT ORBIT NECKLACE,90016C,6,0,0.00
NEW BAROQUE B'FLY NECKLACE GREEN,90024C,6,0,0.00
GLASS BEAD HOOP EARRINGS BLACK,90027A,6,0,0.00
TINY CRYSTALS BRACELET BLACK,90037D,6,0,0.00
CRACKED GLAZE NECKLACE IVORY,90050,6,2,25.00
CHUNKY CRACKED GLAZE NECKLACE IVORY,90056,6,0,0.00
FIRE POLISHED GLASS NECKL GOLD,90060B,6,0,0.00
MONTANA DIAMOND CLUSTER EARRINGS,90076,6,1,14.29
LILY BROOCH WHITE/SILVER COLOUR,90081B,6,0,0.00
RED STONE/CRYSTAL EARRINGS,90130D,6,0,0.00
ORANGE/WHT/FUSCHIA STONES NECKLACE,90135,6,0,0.00
IVORY PENDANT TRIPLE SHELL NECKLACE,90141B,6,0,0.00
GREEN DROP EARRINGS W BEAD CLUSTER,90187B,6,0,0.00
BLACK GLASS BRACELET W HEART CHARMS,90197B,6,0,0.00
STRAWBERRIES PRINT BOWL,20673,5,0,0.00
EMBOSSED FLOWER TRELLIS PHOTO FRAME,20812,5,0,0.00
BOX OF 6 PEBBLE CANDLES,20887,5,0,0.00
CAPIZ CHANDELIER,21310,5,1,16.67
ASSORTED DESIGN GEISHA GIRL MUGS,37408,5,0,0.00
BUBBLE GUM CHUNKY KNITTED THROW,46775A,5,1,16.67
BERRIES CHUNKY KNITTED THROW,46775B,5,0,0.00
UBO-LIGHT TRIOBASE BLUE,79157B,5,0,0.00
UBO-LIGHT TRIOBASE PURPLE,79157V,5,0,0.00
BEECH WOOD P/FRAME,82069,5,0,0.00
WHITE WOOD SINGLE P/FRAME,82072,5,0,0.00
KNITTED POM POM HOT WATER BOTTLE,84030B,5,0,0.00
ENCHANTED GARDEN WROUGHT IRON TABLE,84757,5,0,0.00
BLUE BABY BOY'S MEMORY BOX,84868B,5,2,28.57
LASER CUT MULTI STRAND NECKLACE,90021,5,0,0.00
NEW BAROQUE B'FLY NECKLACE BLACK,90024A,5,0,0.00
IVORY SHELL HEART EARRINGS,90033,5,0,0.00
PINK VINTAGE VICTORIAN CHOKER,90066A,5,0,0.00
BLACK DIAMOND CLUSTER NECKLACE,90074,5,0,0.00
FLOWER BROOCH 4 ASSORTED COLOURS,90139,5,0,0.00
PINK SWEETIE NECKLACE,90140,5,0,0.00
BLUE/GREEN SHELL NECKLACE W PENDANT,90152B,5,0,0.00
CLASSIC DIAMANTE NECKLACE JET,90176A,5,1,16.67
KID'S CHALKBOARD/EASEL,SP1002,5,0,0.00
BENDY COLOUR PENCILS,10109,4,0,0.00
LARGE BLACK DIAMANTE HAIRSLIDE,20678,4,0,0.00
SILVER PURSE GOLD PINK BUTTERFLY,20858,4,0,0.00
SMALL GLASS ROSE SCENTED CANDLE,20890,4,0,0.00
SET/20 POSIES PAPER NAPKINS,21081,4,0,0.00
High Resolution Image,23702,4,0,0.00
RED TOP SCANDINAVIAN HEART,35980B,4,0,0.00
SET/6 BLACK GLITTER REINDEER CANDLE,35995,4,0,0.00
SEAGRASS S/2 CORNER LAUNDRY,78027,4,0,0.00
TEATIME ROUND CAKE TINS,79065A,4,1,20.00
WHITE SATIN DRESS JEWEL STAND,84570B,4,0,0.00
BROWN DOG CANNISTER W BONE,84575B,4,0,0.00
PINK PAISLEY PHOTO ALBUM,84864A,4,0,0.00
DUCK SOCK PUPPET,85185E,4,2,33.33
ANTIQUE RASPBERRY FLOWER EARRINGS,90001A,4,0,0.00
FILIGREE DIAMANTE CHAIN,90020,4,0,0.00
GLASS BEAD HOOP EARRINGS GREEN,90027C,4,0,0.00
MONTANA DIAMOND CLUSTER NECKLACE,90075,4,0,0.00
SILVER/NAT SHELL NECKLACE W PENDANT,90152A,4,0,0.00
WHITE ROSEBUD & PEARL NECKLACE,90163B,4,0,0.00
BLUE PORCELAIN B'FLY OIL BURNER,18098B,3,0,0.00
MEDINA STAMPED METAL TRAY,21685,3,1,25.00
WHITE CHRISTMAS TREE 60CM,35598C,3,0,0.00
VINTAGE BEAD PINK JEWEL STAND,35650,3,0,0.00
PINK BUTTERFLY PAPER LAMPSHADE,40046C,3,0,0.00
"F.FAIRY,CANDLE IN GLASS,LAVENDER",72752B,3,0,0.00
BLUE KNITTED KID'S RUCKSACK,84529B,3,0,0.00
BLUE BAROQUE FLOCK CANDLE HOLDER,84614C,3,0,0.00
3 BIRDS CANVAS SCREEN,84731,3,0,0.00
PINK ROSE PICNIC RUG,84914A,3,0,0.00
KASHMIR FOLKART HEART DISHES,84942,3,0,0.00
SET/3 COLOUR PAINTED KASHMIRI STOOL,84962,3,0,0.00
ANT WHITE SWEETHEART TABLE W 3 DRAW,85070,3,1,25.00
S/4 BLACK DISCO PARTITION PANEL,85115B,3,0,0.00
HANGING SPRING FLOWER HEART SMALL,85192S,3,0,0.00
NEW BAROQUE B'FLY NECKLACE CRYSTAL,90024F,3,0,0.00
BAROQUE BUTTERFLY EARRINGS MONTANA,90025E,3,0,0.00
PEARL AND CHERRY QUARTZ BRACLET,90041,3,0,0.00
CRACKED GLAZE NECKLACE BROWN,90052,3,0,0.00
CRYSTAL DRAGONFLY PHONE CHARM,90091,3,0,0.00
PURPLE LEAVES AND BEADS PHONE CHAR,90128D,3,0,0.00
PALE PINK/AMETHYST STONE NECKLACE,90136,3,0,0.00
ROSE PENDANT TRIPLE SHELL NECKLACE,90141D,3,0,0.00
DIAMANTE NECKLACE BLACK,90176B,3,0,0.00
DIAMANTE NECKLACE GREEN,90176E,3,0,0.00
AMBER GLASS/SHELL/PEARL NECKLACE,90181A,3,0,0.00
DROP EARRINGS W FLOWER & LEAF,90188,3,0,0.00
GOLD 2 STRAND NECKLACE-LEAF CHARMS,90189B,3,0,0.00
Adjustment by Peter on Jun 25 2010,ADJUST2,3,0,0.00
PINK PORCELAIN B'FLY OIL BURNER,18098A,2,0,0.00
MODERN CHRISTMAS TREE CANDLE,20881,2,0,0.00
MODERN CHRISTMAS TREE CANDLE,20882,2,0,0.00
MODERN CHRISTMAS TREE CANDLE,20884,2,0,0.00
LARGE GLASS ROSE SCENTED CANDLE,20891,2,0,0.00
POCKET MIRROR BUTTERFLY,21225,2,0,0.00
HAND OPEN SHAPE PINK,35001P,2,1,33.33
"JEWELLED DECORATION,PINK",35821P,2,0,0.00
"ACRYLIC BEAD GARLAND,PINK",35823P,2,0,0.00
SET OF SIX SILVER+RED FLOCK BAUBLES,35837,2,0,0.00
CHOCOLATE ICE CREAM CANDLE,72084B,2,0,0.00
WHITE ROHMBIC BLOCK TABLE LAMP,79303A,2,0,0.00
"BATHROOM SCALES, FAG BREAK",82011E,2,0,0.00
HAPPY BIRTHDAY GINGER CAT CARD,84205C,2,0,0.00
PACK/12 RUSSIAN DOLL CARDS,84247J,2,0,0.00
PINK GLASS COCKTAIL LAMP,84255A,2,0,0.00
VENDETTA CANVAS PICTURE,84366,2,0,0.00
FLOWERS AND BIRDS WALL PLAQUE,84630,2,0,0.00
PINK BABY GIRL'S MEMORY BOX,84868A,2,0,0.00
PINK KASHMIRI OCCASIONAL TABLE,84967A,2,1,33.33
MIDNIGHT BLUE CRYSTAL DROP EARRINGS,90011A,2,0,0.00
BAROQUE BUTTERFLY EARRINGS BLACK,90025A,2,0,0.00
BAROQUE BUTTERFLY EARRINGS GREEN,90025C,2,0,0.00
BAROQUE BUTTERFLY EARRINGS PINK,90025D,2,0,0.00
BAROQUE BUTTERFLY EARRINGS CRYSTAL,90025F,2,0,0.00
WHITE SILVER NECKLACE SHELL GLASS,90034,2,0,0.00
CRACKED GLAZE EARRINGS RED,90054,2,0,0.00
RUBY GLASS CLUSTER EARRINGS,90071,2,0,0.00
AMBER BERTIE GLASS BEAD BAG CHARM,90125E,2,0,0.00
BLUE BEADS+HAND PHONE CHARM,90127B,2,0,0.00
GREEN STONE/CRYSTAL EARRINGS,90130C,2,0,0.00
BLACK DROP EARRINGS W LONG BEADS,90183C,2,0,0.00
BLUE DROP EARRINGS W BEAD CLUSTER,90187A,2,0,0.00
RED SPOTTY PASSPORT COVER,20620,1,0,0.00
RAIN GIRL CHILDS UMBRELLA,20683,1,0,0.00
OWLS CHARLOTTE BAG,20721,1,0,0.00
SET/2 TEA TOWELS MODERN VINTAGE,21036,1,0,0.00
SPOTTY COCKEREL DOORSTOP,21409,1,0,0.00
SWALLOW SMALL TUBE MATCHES,21585,1,0,0.00
FRENCH STYLE WIRE DOOR CABINET,21767,1,0,0.00
VINTAGE METAL CAKE STAND CREAM,21772,1,0,0.00
DADDY MOUSE RED GINGHAM BOW TIE,21838,1,0,0.00
EMPIRE TEDDY,21852,1,0,0.00
FLOWER SHOP DESIGN MUG,23664,1,0,0.00
PINK HEART CHRISTMAS DECORATION,35930,1,0,0.00
GOLD CHRISTMAS STOCKING DECORATION,35945,1,0,0.00
FOLKART HEART CHRISTMAS DECORATIONS,35950,1,0,0.00
S/6 CHRISTMAS TREE PLACE SETTING,35974,1,0,0.00
S/6 SCANDINAVIAN HEART T-LIGHT,35999,1,0,0.00
FAIRY DESIGN MUGS,37326,1,0,0.00
FUNKY FLOWER COFFEE POT,37438,1,0,0.00
ENGLISH ROSE TEA FOR ONE GIFT BOX,37484,1,0,0.00
FOLDING SHIRT TIDY,45014,1,0,0.00
GREEN CHENILLE SHAGGY C/COVER,46138D,1,0,0.00
S/3 COLOURS FLOCK TEA TOWELS,47554,1,0,0.00
SET/2 SPOTTY + ROSE TEA TOWELS,47556,1,0,0.00
DOOR MAT BLUE FLOCK,48173A,1,0,0.00
PINK STRIPES SHOULDER BAG,62097A,1,0,0.00
"BLACK RND BULLET""KEEP CLEAN"" BIN",71434B,1,0,0.00
"F.FAIRY S/3 SML CANDLE,LILY/VALLEY",72751A,1,0,0.00
"F.FAIRY S/3 SML CANDLE, LAVENDER",72751B,1,0,0.00
"F.FAIRY S/3 SML CANDLE, ROSE",72751C,1,0,0.00
"F.FAIRY,CANDLE IN GLASS,LILY/VALLEY",72752A,1,0,0.00
F FAIRY POTPOURRI CUSHIONS SUMMER,72754D,1,0,0.00
S/3 ROSE GARDEN SCENT SQU CANDLE,72796C,1,0,0.00
6 HOOK JEWEL STAND LILAC DRESS,84572,1,0,0.00
CANDY STRIPE ROSE QUILT,84626,1,0,0.00
NEW BAROQUE WALL MIRROR,84648,1,0,0.00
HEXAGONAL CRYSTAL PERFUME BOTTLE,84814A,1,0,0.00
HOLLYHOCK SQUARE HANDY TIN,84845A,1,0,0.00
CRYSTAL SMALL JEWELLED PHOTOFRAME,85024A,1,0,0.00
S/2 HYACINTH BULB CANDLES,85171,1,0,0.00
RUSSIAN FOLKART STACKING TINS,85232C,1,0,0.00
OPAL WHITE/SILVER FLOWER NECKLACE,90000C,1,0,0.00
JADE GREEN PAIR ENAMEL HAIR SLIDES,90004A,1,0,0.00
AMBER CRYSTAL DROP EARRINGS,90011E,1,0,0.00
BAROQUE BUTTERFLY EARRINGS RED,90025B,1,0,0.00
CRACKED GLAZE EARRINGS BROWN,90055,1,0,0.00
BLACK DIAMOND CLUSTER EARRINGS,90077,1,0,0.00
DIAMANTE BOW BROOCH WHITE COLOUR,90082C,1,0,0.00
