customer_id,recency_days,frequency,monetary
18102,0,145,580987.04
14646,1,145,526751.52
14156,9,150,303609.17
14911,1,376,272801.15
17450,8,51,244784.25
13694,3,143,195640.69
17511,2,60,172132.87
16446,0,2,168472.5
16684,4,55,147142.77
12415,24,24,144033.37
15061,3,127,126387.57
15311,0,207,114671.42
13089,2,203,113416.91
16029,38,106,109620.87
17949,1,116,107833.48
12931,21,57,92347.34
14298,8,82,91194.49
15769,7,46,88612.52
12346,325,3,77352.96
13798,1,110,75428.87
15838,11,34,73205.5
17841,1,211,68519.95
16754,372,29,65500.07
14088,10,16,64036.8
16422,17,108,61728.87
17389,0,61,57215.33
13081,11,28,56838.37
16013,3,84,56078.44
14680,25,58,55688.5
13093,275,55,54144.25
14096,4,17,53258.43
17850,372,155,51208.87
13408,1,106,50174.78
13777,0,61,49638.26
12748,0,323,49564.28
17404,4,21,47638.12
13881,3,43,45179.1
15749,235,3,44534.3
16705,0,42,43515.05
15098,182,3,39916.5
15039,9,93,39141.48
14031,7,44,39019.51
17675,1,70,37642.48
17381,8,38,36398.65
12921,9,74,35233.24
12471,2,72,35140.99
17677,1,54,35058.46
13902,632,5,34023.26
13767,2,73,33903.57
16210,1,33,33730.97
16779,2,53,32809.03
12678,42,15,32595.18
15856,4,52,32274.69
14258,9,25,32051.34
17428,0,45,31466.76
14606,1,184,29648.75
12709,15,33,29571.76
13078,3,57,29018.06
13098,1,28,28882.44
17940,49,15,28438.93
14527,2,121,27191.1
12681,14,44,26936.76
16333,7,22,26626.8
15513,33,35,26437.05
17865,30,46,26310.09
18251,87,9,26278.86
13802,138,19,26259.11
17857,4,23,25769.54
12731,23,17,25631.71
14062,9,24,25585.65
12939,64,20,25264.8
14895,7,38,25119.54
15498,2,44,24972.86
16525,2,48,24151.3
13001,4,33,24042.65
17920,4,54,23569.88
15640,4,29,23459.51
12409,78,7,23419.29
16133,3,56,22992.26
14607,15,20,22575.13
15159,1,34,22116.73
13340,45,12,22100.56
12621,1,35,22097.2
12482,576,27,21941.72
14051,0,37,21770.98
16839,8,44,21758.25
12753,22,6,21429.39
15615,10,47,21373.97
13319,5,58,21323.22
12682,3,51,20736.22
14866,10,17,20700.04
14667,10,54,20359.59
15251,9,21,20324.54
12477,22,9,20276.37
17706,4,31,20272.15
17243,1,69,20184.68
18008,70,23,19759.08
17340,29,18,19617.95
16843,42,35,19571.43
17139,15,25,19566.76
12540,19,32,19250.49
14194,4,36,18670.59
13113,0,37,18230.07
12557,16,8,18096.14
16746,4,42,18045.05
17581,0,43,17951.17
12901,8,28,17654.54
17377,23,78,17639.23
14952,59,32,17629.35
16652,58,16,17550.39
15189,1,46,17524.38
18172,14,52,17467.24
12357,33,2,17437.66
16019,46,27,17329.16
17416,29,22,17298.45
15078,7,52,17276.73
15523,84,16,17259.19
13027,113,19,17239.2
15808,306,21,17180.25
15125,25,24,17024.87
16656,22,30,16833.17
12433,0,10,16794.14
17735,2,26,16790.33
14277,15,8,16789.16
16553,163,33,16584.01
12454,56,4,16459.78
15358,4,42,16425.86
14961,10,22,16410.15
13225,3,16,16260.07
16180,100,13,16249.87
12980,157,21,16245.78
17107,33,10,16052.72
17716,22,24,15956.97
13199,3,66,15949.21
13564,354,36,15880.22
15044,19,32,15769.01
12971,3,116,15704.6
16191,2,24,15677.82
12949,30,22,15526.7
14769,2,17,15512.46
14849,21,43,15407.61
15768,115,34,15308.89
12472,32,19,14971.29
18092,2,18,14693.72
16126,29,15,14644.6
17133,15,12,14622.33
16873,4,12,14617.39
14543,28,39,14548.22
17448,529,41,14448.67
15482,15,18,14377.36
14733,16,15,14335.15
13488,17,23,14205.96
15601,11,30,14191.74
16713,18,32,14115.56
12647,22,35,14109.55
14299,8,27,14070.25
13178,26,21,14059.19
18223,4,26,14000.85
12435,79,6,13925.93
18087,290,16,13908.72
17589,60,18,13806.27
15005,15,56,13752.58
15382,14,12,13733.55
15093,18,23,13702.38
12989,3,33,13551.75
15291,25,39,13472.76
13629,23,19,13370.86
16558,0,38,13304.11
12744,56,8,13158.16
16923,12,32,13157.13
13090,8,23,13076.74
15738,18,41,13043.32
14049,16,13,13023.4
13097,32,27,13015.36
18225,3,26,13014.8
14110,3,33,12987.95
13969,7,35,12973.46
13668,2,35,12948.48
13316,37,10,12940.82
13952,217,14,12823.52
12714,9,12,12815.71
13468,1,72,12793.28
16549,10,34,12781.8
12451,10,8,12629.88
16161,1,43,12580.06
17017,2,29,12576.99
14040,40,35,12523.81
17858,5,30,12518.65
12583,2,27,12493.58
14936,33,12,12410.81
16000,2,3,12393.7
12476,15,18,12319.91
14735,3,55,12225.16
15144,8,29,12160.31
15465,19,32,12100.4
15194,3,28,12021.53
14415,1,23,11980.09
17364,0,28,11972.92
17044,25,12,11962.3
13458,7,16,11959.27
13854,8,39,11944.56
16258,45,15,11942.52
16523,1,28,11916.33
16814,14,36,11914.95
13687,438,1,11880.84
17338,17,17,11880.54
18226,44,26,11878.88
13050,14,34,11877.29
14505,17,19,11873.08
14426,23,17,11727.94
13004,11,36,11650.85
14739,4,25,11573.62
13418,11,31,11559.66
15023,3,20,11555.5
15218,10,22,11453.83
13680,1,12,11419.67
13102,1,37,11380.1
12474,17,29,11310.75
14016,161,11,11303.41
15874,63,21,11284.76
12437,1,38,11282.4
15555,12,36,11233.78
13576,10,28,11202.59
12539,22,7,11186.75
14134,382,15,11123.35
12705,15,13,11114.1
13013,1,29,11097.43
12481,22,14,11033.51
15032,256,8,11010.05
14045,109,16,10986.63
16985,17,23,10923.16
18052,564,1,10877.18
12567,22,15,10741.48
16033,5,27,10608.81
13324,36,18,10513.47
15290,4,26,10496.28
12683,4,20,10445.7
14028,550,3,10396.5
16168,10,66,10360.67
16984,88,9,10350.53
15296,50,12,10323.03
14422,0,19,10271.52
17160,31,17,10209.16
15719,32,31,10194.32
14796,1,27,10167.77
18229,11,28,10150.51
15805,23,30,10148.93
18055,7,14,10142.64
16327,14,16,10129.04
12431,35,25,10102.22
17809,16,20,10085.89
13941,21,15,10027.18
13985,4,22,10020.86
15547,7,26,10002.65
14755,9,25,9972.55
16182,72,9,9971.65
15694,0,23,9963.48
14101,73,13,9961.93
16131,51,12,9957.42
18260,172,23,9947.26
17049,2,19,9942.53
16701,8,26,9916.73
12668,11,9,9906.03
12758,116,7,9903.24
14329,17,15,9887.62
14828,196,13,9839.46
13599,1,33,9811.04
16353,3,38,9795.46
12524,9,17,9794.11
17306,10,21,9782.35
13018,16,35,9763.16
13735,24,13,9762.77
14085,2,32,9705.67
14944,29,19,9684.67
12839,2,26,9669.12
16782,10,38,9636.12
17315,1,41,9559.5
18109,1,38,9555.71
15502,15,12,9542.92
14091,654,2,9530.08
17811,4,47,9513.1
13999,10,29,9502.26
17504,206,18,9490.17
14063,686,7,9471.5
14146,8,12,9450.3
14439,319,5,9443.04
13267,2,36,9429.81
17230,264,18,9388.49
15727,16,15,9371.71
15981,24,21,9362.77
12590,211,1,9341.26
13069,0,38,9284.45
13162,122,16,9275.49
15249,31,18,9266.0
14367,8,16,9227.82
14292,7,16,9226.25
13327,38,20,9134.48
17757,1,56,9070.1
15298,2,23,9061.77
16709,84,14,9056.01
15939,89,15,9004.84
17068,12,47,8980.18
15150,17,13,8977.94
15903,9,12,8939.84
12747,2,26,8898.48
14060,4,30,8898.24
13555,73,13,8891.84
14709,15,25,8886.33
12359,57,10,8873.39
15867,5,31,8869.87
14135,1,24,8839.67
16700,8,25,8830.77
16550,108,18,8807.68
15260,100,25,8767.73
12490,5,20,8764.64
16532,17,5,8756.64
15570,7,25,8736.49
16186,22,26,8718.43
12957,9,13,8706.97
17576,8,41,8705.6
15497,17,9,8657.39
13756,2,23,8655.95
13263,1,38,8650.98
13758,11,14,8595.29
16945,21,33,8548.16
15281,58,16,8543.57
13269,1,28,8537.32
15270,15,21,8524.86
12798,10,4,8510.93
13209,30,13,8509.51
15786,46,5,8501.62
13148,29,26,8488.32
14286,23,7,8479.76
18139,17,6,8438.34
13047,56,23,8423.58
14160,610,7,8421.47
15984,2,30,8393.02
17396,39,13,8391.6
13448,16,12,8386.22
14676,31,12,8356.79
14057,23,22,8346.66
13206,400,13,8308.19
17686,7,9,8296.81
17611,7,28,8287.53
15998,36,16,8274.14
15034,15,14,8231.2
13381,31,12,8224.37
13139,16,8,8202.98
16722,17,22,8189.56
17365,12,15,8179.45
13426,0,22,8167.38
13715,281,17,8153.04
14056,1,23,8152.71
12766,3,9,8134.99
16672,2,20,8134.94
17593,3,11,8092.32
15955,24,22,8085.98
12637,67,12,8085.81
17426,8,13,8077.77
16767,30,15,8052.41
16670,16,20,8030.15
18041,11,38,8018.77
14525,19,17,8018.59
16556,66,17,8012.58
13869,123,10,7996.87
13174,16,11,7972.46
16303,25,7,7928.27
14291,1,23,7904.1
13871,22,17,7885.85
15622,43,17,7852.61
14159,19,20,7849.58
17085,123,28,7839.27
12867,26,13,7829.26
16592,4,28,7807.91
15544,9,20,7807.89
12643,128,11,7803.82
14395,2,20,7801.93
17409,184,10,7793.51
17730,3,20,7773.8
17739,11,18,7730.59
13534,2,35,7720.9
17696,38,27,7679.59
14175,59,8,7678.88
13141,84,17,7656.08
15046,9,25,7604.84
14145,46,7,7600.05
13373,60,6,7587.19
13137,10,16,7586.94
13709,3,18,7571.35
14030,18,20,7521.8
17091,2,19,7495.75
15179,18,13,7491.92
16570,15,20,7434.31
16242,8,14,7404.65
17602,2,14,7354.43
13082,126,21,7335.75
17238,2,32,7331.17
14282,3,25,7250.76
14092,7,24,7229.45
16253,66,7,7222.2
14243,8,17,7217.75
12380,21,8,7210.65
16729,38,21,7202.01
14688,7,28,7190.42
16745,86,17,7180.7
14800,47,17,7180.08
14841,53,14,7163.0
15950,31,10,7120.91
14113,3,16,7092.61
13451,26,11,7088.92
15521,40,16,7087.64
17231,12,25,7064.8
17769,12,17,7053.38
13183,7,15,7036.18
17965,37,29,7002.9
16938,8,9,6995.36
17690,30,20,6963.8
12841,4,40,6958.2
13552,66,22,6948.92
16187,31,15,6911.44
15301,50,17,6909.67
12720,2,29,6905.28
16170,50,20,6869.0
15129,50,23,6860.18
18231,192,28,6848.27
16401,1,23,6847.45
12749,3,9,6847.36
12830,37,6,6814.64
16145,8,19,6805.44
15413,691,5,6798.72
14401,4,22,6795.9
13993,42,19,6775.71
13983,29,21,6753.89
13815,22,8,6737.74
15321,70,12,6709.73
14844,63,10,6702.43
13734,508,4,6695.69
16497,49,23,6695.28
17975,15,24,6693.03
16265,9,12,6685.17
13384,30,11,6680.83
17700,16,14,6679.97
14461,148,13,6676.52
16717,23,14,6663.68
17001,0,19,6640.8
13953,7,12,6640.68
14562,3,26,6638.15
13394,1,19,6621.7
15674,73,12,6613.52
13831,16,18,6585.54
13015,53,11,6579.78
12836,59,15,6559.73
15980,88,7,6543.68
13883,10,14,6535.37
14855,119,7,6520.3
14221,42,17,6517.49
12823,74,18,6501.5
13317,66,19,6486.09
12779,37,14,6474.11
12843,65,28,6461.87
14154,239,8,6460.7
15750,2,18,6452.99
16940,52,8,6427.66
16655,17,13,6423.26
12428,25,8,6405.26
18094,81,13,6391.52
12406,22,5,6390.36
15514,12,18,6388.28
14388,10,16,6388.2
14766,8,11,6375.73
14227,26,15,6366.16
14702,1,29,6356.98
13590,11,18,6336.04
18245,7,20,6324.98
13654,43,11,6308.0
12913,4,13,6283.24
12613,57,9,6277.37
13136,56,13,6274.56
13615,318,8,6272.53
14004,43,11,6258.45
15369,492,11,6251.26
17799,22,20,6246.93
18118,10,29,6218.62
16735,78,14,6217.41
15673,88,9,6204.32
13334,82,5,6201.8
16103,7,22,6191.71
16156,8,20,6188.18
14534,2,26,6183.06
14390,10,13,6150.03
17669,42,10,6142.35
17873,80,18,6135.95
13266,11,19,6135.04
14852,58,18,6132.43
12662,0,20,6130.54
17419,11,18,6126.25
14180,10,33,6117.5
13935,596,3,6116.92
14560,7,44,6114.03
13230,4,30,6109.51
18178,128,11,6103.74
14530,25,16,6088.87
18061,21,28,6083.81
17509,57,8,6083.64
16954,0,20,6081.88
17644,1,20,6028.6
13658,9,9,6025.5
17819,71,12,6021.05
15372,137,8,6017.06
16456,99,13,6000.94
12417,3,20,5998.41
12835,427,41,5996.83
12497,81,3,5996.5
15755,10,17,5993.12
14105,239,5,5988.83
12712,28,21,5985.03
17457,126,14,5984.81
14440,8,13,5982.03
17625,18,8,5978.9
15785,32,16,5969.93
14535,60,9,5961.89
14918,115,9,5955.81
12626,23,9,5954.48
14257,64,9,5954.45
16710,19,22,5921.35
15971,17,18,5897.88
17146,105,13,5852.64
18065,5,28,5846.63
12429,9,8,5842.41
14112,22,13,5834.59
12910,23,13,5796.52
18075,23,20,5783.29
17672,50,7,5778.63
14099,16,20,5750.91
16316,64,13,5744.91
13771,64,9,5728.82
12656,17,8,5723.83
12455,73,9,5722.95
13870,2,15,5712.08
16607,17,25,5706.87
17651,11,16,5703.52
16279,21,9,5698.28
16458,2,30,5690.89
13157,49,9,5687.36
13901,72,15,5676.34
17491,1,17,5653.67
16409,36,12,5652.74
13722,131,10,5635.41
16320,172,6,5628.99
16003,29,10,5613.83
12356,22,6,5611.73
18145,12,11,5609.74
16200,4,12,5608.1
17838,26,13,5604.64
16011,8,29,5599.31
15228,66,6,5580.27
15854,4,21,5578.28
17203,35,10,5564.09
12500,23,18,5559.21
12484,35,9,5557.1
14210,105,16,5556.57
15299,67,9,5556.53
15527,18,23,5554.04
14907,3,16,5547.72
14572,3,11,5520.98
17069,28,14,5517.23
14732,8,19,5517.07
17092,50,11,5511.41
17204,175,9,5504.69
14189,2,16,5503.15
13115,11,10,5494.7
16609,15,7,5493.46
13593,108,14,5493.29
13769,2,20,5478.12
16992,10,13,5476.5
17512,28,18,5467.82
17685,16,12,5454.95
13520,58,11,5446.0
18198,4,17,5425.56
12664,8,11,5420.04
12378,129,2,5416.32
14626,23,11,5410.92
14249,410,12,5400.46
17719,37,15,5396.04
17612,53,18,5394.86
13362,9,7,5394.07
13014,10,11,5381.08
14459,155,2,5375.74
14442,204,7,5367.02
12615,2,8,5362.98
17863,59,12,5360.48
15641,105,12,5345.55
16008,23,15,5339.13
15628,4,17,5333.08
13842,58,18,5319.34
17584,7,6,5309.42
16546,290,5,5307.07
16393,2,23,5297.77
15394,9,11,5286.8
15152,9,14,5263.83
13931,95,11,5257.38
13975,31,12,5256.4
13107,44,9,5253.07
14930,108,6,5236.73
12755,280,11,5236.26
15722,35,11,5234.0
17061,73,11,5232.23
15606,61,17,5230.99
13763,63,3,5217.44
15812,107,12,5201.47
14546,5,11,5184.84
17663,25,17,5175.83
15796,1,17,5170.63
12633,58,7,5156.16
17157,7,19,5151.9
16153,49,11,5133.49
16308,37,7,5120.0
14713,9,21,5115.36
15443,1,14,5114.23
17861,3,18,5088.29
14493,7,10,5087.86
15367,57,11,5081.33
17469,16,17,5051.25
16931,5,23,5032.22
17084,35,3,5001.21
14209,10,15,4993.27
15898,1,25,4992.7
17346,3,26,4991.41
13634,33,15,4988.08
14639,52,9,4978.96
13198,10,8,4974.23
17758,19,12,4964.03
17802,82,10,4946.22
12347,2,8,4921.53
14970,68,12,4919.35
16919,156,24,4909.66
12727,10,10,4905.53
17314,24,17,4904.43
18144,7,19,4892.95
15332,366,6,4892.68
12594,37,14,4890.11
16986,29,11,4888.75
13021,4,17,4887.24
13659,205,12,4884.68
16686,47,16,4881.07
15379,169,8,4877.84
14107,51,11,4877.3
12688,113,1,4873.81
17213,40,13,4869.4
17652,25,12,4867.72
14081,302,10,4867.57
17449,2,13,4865.15
17059,29,9,4864.57
13495,7,10,4863.31
13044,291,11,4848.05
13562,81,8,4838.18
17567,7,9,4838.08
12480,28,7,4834.85
14191,1,15,4817.66
13875,53,14,4814.37
15485,30,7,4810.92
13329,31,8,4808.77
15529,22,12,4781.11
17519,17,15,4774.17
15187,1,15,4762.18
13988,19,8,4757.8
12955,1,11,4757.16
17829,298,5,4756.74
12362,3,10,4737.23
14825,3,24,4735.08
17082,33,6,4732.03
14235,75,9,4717.99
13958,379,8,4709.23
16905,5,17,4704.27
15410,84,10,4685.72
12625,211,4,4678.88
13971,18,14,4667.57
16904,4,20,4656.56
15123,7,5,4656.17
15484,1,6,4652.1
17050,96,11,4648.59
13124,89,4,4641.66
18097,7,11,4627.92
16326,5,24,4626.25
17400,126,8,4623.28
17442,36,15,4620.3
12759,52,8,4618.74
14441,0,11,4611.69
15245,134,8,4610.84
13851,95,8,4606.46
17402,4,22,4600.56
17188,11,13,4592.93
18257,39,12,4585.15
17508,280,8,4579.23
15416,64,7,4572.82
12708,29,18,4559.66
13510,1,11,4558.29
15365,25,13,4557.13
16143,3,12,4555.08
14032,2,16,4546.41
17613,22,14,4544.55
13527,33,12,4541.29
13571,12,26,4537.26
14685,576,8,4536.64
13523,33,6,4534.57
16255,16,15,4530.0
15271,7,24,4528.54
12700,7,4,4525.99
14290,11,8,4516.56
17308,393,2,4511.76
15581,156,34,4505.16
15764,88,8,4503.08
14625,196,11,4497.88
17596,23,13,4491.46
15122,114,11,4487.27
14701,10,15,4487.11
18064,133,11,4481.83
12916,138,7,4479.73
13491,51,27,4467.66
14648,416,15,4463.39
16912,28,15,4460.51
15240,44,12,4459.98
18093,93,8,4452.71
14341,45,18,4452.02
17220,24,21,4451.41
17754,0,13,4451.22
18069,26,11,4449.02
13435,5,9,4447.33
12562,8,9,4426.92
15845,17,11,4426.28
17138,275,7,4417.27
16626,0,17,4413.1
16563,53,6,4412.56
14211,53,18,4402.29
15203,25,15,4400.18
12600,28,21,4390.42
16732,31,4,4387.64
18272,2,9,4385.98
14514,61,9,4380.04
16118,652,1,4376.25
13297,7,7,4368.62
12752,81,1,4366.78
15861,12,12,4360.9
12432,42,4,4359.32
12917,128,6,4359.2
16283,5,8,4348.62
15633,509,13,4335.96
14334,16,12,4318.48
17372,40,27,4316.46
17191,28,15,4310.34
14482,18,12,4306.72
12928,35,12,4304.89
14854,78,11,4303.06
17937,8,7,4301.22
13880,21,17,4293.86
16858,368,10,4292.59
16125,367,14,4292.35
18230,9,9,4291.06
14307,88,10,4287.92
12536,59,1,4279.71
16293,21,15,4279.2
16081,56,8,4278.96
17930,35,13,4275.22
12449,22,5,4274.89
14466,29,13,4267.15
14239,43,21,4263.17
16571,26,10,4248.74
12935,2,15,4243.86
12395,19,15,4241.17
17728,3,5,4238.76
13911,57,20,4234.99
16875,67,11,4234.53
14001,45,9,4228.85
16712,9,13,4225.22
17412,2,16,4220.22
16743,29,14,4212.15
15804,0,13,4206.39
18079,45,5,4203.93
12598,9,10,4192.09
15518,64,15,4189.99
17406,333,13,4186.95
14868,3,12,4184.01
17738,19,13,4183.56
16072,288,4,4180.09
12757,15,9,4176.75
17673,1,13,4173.88
18194,82,6,4162.04
14740,197,11,4161.06
12653,148,3,4160.83
13461,38,6,4160.0
16749,591,2,4157.88
16209,88,9,4146.78
15002,115,9,4138.08
18287,42,7,4132.99
13450,26,13,4120.04
15493,32,9,4113.19
12553,8,12,4104.75
14408,10,11,4102.27
16477,63,11,4094.37
14566,110,4,4092.0
15050,25,5,4087.19
12444,21,5,4085.46
12627,10,6,4082.53
18077,8,18,4078.79
14878,12,25,4076.5
14913,35,8,4073.13
12483,17,19,4069.18
17682,10,11,4065.28
14025,464,8,4057.9
17083,109,9,4049.79
13048,14,9,4049.13
13421,40,8,4048.25
12840,143,7,4041.97
15680,9,10,4028.69
12578,21,4,4026.45
14824,10,10,4022.91
15782,9,4,4014.1
16098,87,14,4010.7
12523,19,23,4010.35
13895,28,6,4008.52
16841,36,12,4006.06
16150,42,10,4002.17
17618,5,11,4001.64
17307,395,11,3999.89
16455,63,11,3995.57
16241,9,16,3989.81
15665,168,5,3987.07
14547,3,8,3974.75
16218,29,13,3968.67
14047,8,14,3968.11
15572,4,10,3965.2
13542,376,17,3959.49
12370,51,7,3956.56
13982,39,9,3954.29
17667,66,9,3950.7
16791,29,15,3944.88
18259,24,7,3941.9
17526,4,12,3939.24
15819,49,10,3934.79
15051,23,9,3926.91
14465,246,11,3925.85
15752,39,9,3924.91
16771,33,10,3921.1
13037,138,12,3914.95
12853,134,11,3907.5
12408,32,8,3905.77
13995,15,14,3902.01
12388,15,8,3901.11
14498,42,10,3900.83
17646,219,12,3898.79
15571,11,14,3892.35
17218,4,18,3889.39
15708,40,9,3887.15
13446,430,11,3881.89
15696,33,13,3881.22
14655,8,7,3878.51
15823,729,2,3867.17
15067,78,5,3862.88
12782,4,11,3862.24
15195,2,1,3861.0
18073,114,12,3859.82
16440,7,6,3856.97
16057,16,10,3854.85
13213,56,11,3851.52
16341,24,7,3850.79
14532,236,11,3845.78
13481,45,11,3830.84
17287,26,21,3826.86
15421,58,10,3805.34
16636,438,4,3802.04
17954,5,19,3801.83
16128,17,11,3801.05
16928,80,26,3798.08
13357,257,5,3795.01
17071,28,13,3793.71
14309,8,11,3780.81
13126,4,13,3774.81
17211,26,13,3773.35
16466,33,15,3767.09
17173,5,8,3766.6
15834,70,7,3761.89
17553,129,4,3757.6
12876,57,4,3751.79
17293,8,17,3750.63
15370,40,8,3739.01
15704,140,6,3734.66
14515,17,12,3724.06
16240,24,2,3718.8
14364,108,8,3717.35
15532,25,10,3717.2
14540,9,11,3709.64
14565,95,5,3709.22
14776,51,15,3708.3
15288,43,10,3706.53
15255,66,9,3706.02
15494,21,5,3702.6
16772,423,3,3698.05
17096,15,11,3697.93
16094,11,11,3695.56
12726,28,11,3690.6
12857,210,6,3688.0
12349,18,3,3678.69
14744,16,14,3660.08
14593,21,12,3658.03
14857,59,7,3651.85
14649,4,9,3651.19
14640,24,10,3649.36
13632,24,8,3645.81
12422,95,12,3639.35
17063,21,13,3638.53
14770,232,8,3637.64
16748,17,14,3637.33
12721,31,8,3635.08
16053,32,6,3634.84
13505,72,4,3633.63
17528,1,8,3628.5
16444,46,17,3625.88
15079,212,11,3625.4
13305,4,16,3616.41
16503,106,11,3614.34
12360,52,6,3612.89
15505,52,5,3610.96
14817,200,7,3609.86
15791,43,5,3608.34
18242,72,8,3605.21
15827,73,28,3603.14
13750,53,11,3602.18
16325,46,12,3597.5
17422,16,11,3594.76
15480,116,3,3592.25
17019,11,11,3586.99
17659,17,14,3586.99
14132,2,11,3586.03
15569,103,10,3583.45
14653,1,12,3583.11
17679,52,7,3577.61
17311,78,6,3566.56
15024,9,16,3559.39
14737,3,4,3554.17
15858,15,13,3552.41
15222,318,11,3550.91
14882,26,14,3546.65
14503,3,6,3543.26
17848,81,30,3538.46
16950,56,10,3533.77
17722,96,5,3520.22
16336,420,4,3517.69
16395,60,14,3517.56
15113,9,3,3509.04
16719,14,14,3508.62
18044,4,18,3505.61
13929,169,11,3494.1
16983,12,11,3490.53
15059,40,19,3490.4
15306,64,9,3484.73
13577,25,11,3484.28
17597,213,5,3484.09
15712,9,12,3472.41
13849,51,5,3469.3
14533,24,11,3466.37
14837,89,9,3460.32
16360,4,6,3450.41
12358,1,5,3447.07
13313,22,12,3445.32
13536,1,7,3444.39
16347,11,11,3442.96
15974,39,7,3442.15
16208,44,10,3440.45
15953,15,18,3440.34
17725,16,11,3439.08
12670,10,7,3436.29
15676,18,3,3435.76
18168,176,16,3435.5
16045,119,8,3434.93
15351,12,10,3430.22
14409,71,9,3427.29
17913,58,14,3425.09
16281,72,3,3424.02
17876,399,3,3424.02
13437,14,7,3408.06
14934,81,5,3403.5
13823,18,7,3403.45
17931,134,14,3402.24
15114,30,12,3400.12
15811,22,7,3392.55
13425,108,5,3390.43
15058,25,16,3387.58
12530,59,9,3381.26
17723,127,7,3378.4
13979,73,7,3373.63
13135,196,2,3371.45
16271,15,8,3367.82
14898,23,14,3365.95
13707,267,5,3365.86
13285,23,6,3364.59
15538,537,6,3358.4
18219,2,17,3352.7
13246,18,11,3351.75
16818,10,11,3349.57
12371,59,4,3347.38
17183,7,6,3347.31
15265,151,4,3345.64
14608,4,10,3342.94
12424,162,4,3340.03
16351,332,13,3330.03
15065,37,5,3326.86
12865,26,4,3323.47
12631,57,6,3321.57
13431,67,8,3316.24
12623,276,7,3315.84
13824,32,12,3314.76
13131,23,7,3313.77
14217,1,23,3298.59
13611,89,10,3297.93
12589,28,6,3294.91
13031,407,5,3292.84
17768,8,7,3292.73
16539,2,10,3289.66
13650,16,10,3288.0
15632,15,8,3285.31
14285,21,8,3284.42
12872,326,12,3283.96
18188,15,6,3280.59
15978,77,3,3279.42
17774,96,9,3272.83
13291,155,11,3270.79
16067,562,3,3269.11
12377,315,4,3266.32
13214,417,7,3264.23
14064,29,15,3260.24
14451,60,12,3258.68
17924,11,8,3257.7
15057,275,5,3255.96
14215,11,9,3250.33
15380,8,11,3248.96
12770,210,2,3246.45
16612,32,9,3245.43
15140,52,8,3243.69
17353,129,4,3242.0
15356,31,13,3239.57
12468,187,5,3238.74
15625,103,9,3236.4
12963,8,12,3235.79
16101,70,4,3229.16
14669,241,7,3216.78
14507,23,11,3216.74
12645,33,8,3215.3
12951,8,15,3213.72
16918,49,16,3206.54
16107,17,7,3204.16
17147,22,9,3199.95
14315,44,8,3197.82
15027,30,10,3195.6
12597,19,4,3195.22
13868,7,2,3192.54
13397,72,10,3191.87
16515,52,10,3179.06
17621,21,6,3175.12
16837,31,11,3170.98
17640,86,6,3168.94
16365,17,15,3167.34
16041,30,3,3166.4
13804,30,9,3161.12
12976,211,8,3156.38
16584,80,5,3156.17
13268,17,10,3152.71
12569,2,32,3152.69
14306,51,6,3151.4
15614,437,4,3147.36
15916,16,13,3145.24
17702,30,6,3144.04
15095,103,10,3141.64
14897,7,8,3140.54
15602,8,16,3137.96
17354,50,4,3133.96
13786,367,6,3127.99
14963,9,12,3123.57
15199,59,10,3122.4
17145,512,4,3120.91
13685,2,7,3119.44
13052,212,7,3118.48
13692,24,5,3114.4
14978,72,10,3112.19
15983,22,8,3110.37
16678,2,12,3109.99
13742,16,12,3107.87
12909,39,8,3103.19
13538,43,12,3103.13
15031,4,14,3102.94
15491,95,6,3100.09
13772,33,8,3100.02
16933,1,9,3099.3
13464,58,6,3097.64
12937,15,9,3097.61
15105,18,9,3094.91
14312,46,11,3090.29
12619,16,9,3085.7
15373,8,17,3084.54
12511,428,1,3084.02
17929,11,12,3082.1
17090,4,13,3080.18
14700,32,5,3076.06
14044,26,10,3073.95
12469,522,2,3070.54
13631,99,11,3070.42
14038,78,5,3069.88
13196,11,7,3068.84
16400,94,9,3059.85
16059,65,12,3053.57
16007,47,7,3053.06
15241,66,11,3050.16
16560,26,8,3048.38
14916,70,8,3042.95
13647,9,8,3041.68
12510,142,7,3039.03
15754,51,9,3037.61
14673,3,7,3037.32
13557,28,13,3032.26
12609,78,9,3021.86
12849,31,6,3015.98
13485,233,11,3015.22
13848,92,8,3015.0
14456,5,9,3014.32
12754,235,3,3010.74
16718,369,5,3006.08
14621,1,9,3000.57
13635,67,4,2999.16
15810,78,8,2999.04
15182,154,11,2998.95
14161,215,7,2996.93
12502,95,5,2995.87
14590,424,20,2993.37
15687,8,9,2993.1
14344,127,20,2993.05
15681,25,14,2989.7
18241,9,21,2986.99
14226,28,6,2985.13
16012,35,5,2978.59
17655,10,9,2976.38
15611,9,24,2976.28
12838,33,10,2975.91
12854,78,7,2970.97
16120,59,6,2967.51
15967,23,12,2966.0
17692,127,12,2960.44
14506,17,7,2960.25
15329,39,11,2958.83
16416,26,9,2957.88
13012,9,11,2957.83
13110,31,12,2957.47
16736,505,5,2956.56
14867,185,16,2952.06
13253,156,4,2951.11
12877,3,20,2942.14
15757,65,6,2940.36
17588,100,7,2939.55
14544,24,3,2938.53
12967,358,3,2938.52
15312,75,12,2930.19
13890,1,14,2927.38
12906,11,5,2919.81
16358,1,5,2919.65
15392,4,7,2911.62
13784,9,14,2910.23
14524,31,13,2909.86
13764,70,6,2908.67
14233,49,7,2904.27
14293,3,9,2903.01
17032,603,5,2896.69
17242,108,5,2889.28
16383,74,7,2887.99
13501,288,3,2885.11
16633,17,6,2883.1
14251,1,5,2879.7
18170,33,9,2878.0
14005,9,5,2874.72
16467,508,7,2869.16
16711,3,9,2868.48
16229,87,6,2867.86
17961,21,100,2866.74
14758,144,7,2864.97
16755,114,7,2864.68
16062,9,8,2863.45
14875,107,3,2862.4
13963,308,17,2860.57
16979,3,9,2859.74
16225,44,15,2859.31
15043,31,6,2855.32
13728,36,16,2855.17
14935,297,2,2849.83
16554,42,8,2841.72
14711,10,11,2839.62
14842,43,4,2824.69
16775,10,16,2820.84
15563,22,6,2820.46
17228,15,13,2820.03
13477,37,11,2819.17
13032,52,9,2815.96
17386,7,7,2812.77
16871,22,6,2812.34
15797,113,5,2806.08
13799,116,9,2803.57
13205,443,1,2803.2
12826,2,12,2800.75
13330,92,6,2796.1
14903,21,5,2795.33
14035,28,9,2794.75
15353,254,7,2794.47
12863,52,6,2792.55
16764,3,13,2790.95
15073,9,8,2788.02
17530,1,12,2787.1
17552,60,12,2786.77
13719,15,11,2782.1
14121,3,4,2780.15
17790,26,20,2779.41
14869,8,6,2778.14
16104,61,9,2774.46
17031,11,6,2773.85
15235,217,16,2772.76
15965,17,13,2771.94
13695,31,16,2770.73
15993,8,7,2768.97
18210,1,7,2768.83
15817,420,3,2766.4
16407,12,14,2761.65
17115,8,7,2761.49
17368,23,14,2758.29
16335,551,7,2753.52
17870,2,13,2753.29
13736,5,7,2752.47
17490,0,9,2750.5
14665,60,7,2749.65
12982,242,8,2744.81
15841,72,9,2742.41
13077,1,11,2740.65
17241,385,12,2736.64
15389,172,5,2733.8
12986,428,10,2729.84
15596,100,9,2727.72
12391,21,6,2724.84
14404,33,13,2724.13
16190,40,8,2723.55
14125,10,3,2720.63
14808,39,8,2718.6
15985,123,7,2715.28
16232,43,7,2712.97
16359,7,16,2697.75
18173,86,5,2696.36
17884,3,20,2693.47
12820,3,11,2689.52
16086,59,10,2687.73
14748,29,10,2681.9
17388,77,11,2675.37
16434,29,12,2673.69
12374,25,3,2669.22
17720,26,10,2666.91
15910,0,15,2661.17
18283,3,22,2658.95
13473,60,8,2657.76
15671,18,7,2657.13
16369,18,7,2654.48
15157,3,5,2654.11
17744,3,7,2649.14
13203,9,10,2648.25
16618,31,5,2647.59
13819,301,6,2642.35
15814,16,6,2634.44
14410,92,11,2630.9
16276,176,3,2629.39
17470,44,11,2626.47
13422,64,1,2626.3
12635,89,4,2624.41
13644,16,4,2624.26
12671,606,1,2622.48
15142,46,6,2619.92
13211,10,10,2618.77
14262,8,8,2618.23
14195,201,6,2615.6
14431,302,4,2614.2
14397,2,19,2612.96
14564,434,2,2605.62
14756,15,3,2603.76
15660,25,15,2603.69
17317,46,3,2600.34
15826,56,4,2598.28
13700,26,13,2596.97
14163,87,5,2594.62
14229,51,7,2594.04
17043,32,8,2593.65
14129,1,9,2591.34
14147,78,9,2590.2
12473,53,3,2585.73
15062,71,8,2585.62
12456,44,3,2581.04
16499,360,8,2578.34
16206,54,13,2577.12
12685,28,6,2575.08
17095,22,7,2572.25
17002,85,7,2571.55
15434,8,11,2567.06
16817,2,13,2560.7
12806,572,2,2558.96
17284,60,7,2558.6
13192,95,6,2558.58
16036,87,4,2556.84
13862,18,9,2556.09
12457,66,7,2555.91
15033,4,10,2553.88
16115,9,12,2553.8
14745,112,12,2551.41
18179,9,8,2547.55
17465,425,7,2542.79
14548,150,9,2541.29
17463,16,7,2535.26
13623,30,10,2533.06
15906,19,10,2530.19
14659,8,9,2529.93
16889,194,6,2526.65
14790,16,10,2526.62
13344,67,3,2511.69
15862,8,13,2507.14
17101,10,7,2507.05
17550,197,9,2506.64
12978,385,5,2502.82
16202,360,9,2501.99
13471,1,4,2501.84
15021,8,12,2500.59
15747,12,9,2499.81
16987,3,11,2499.45
17594,85,4,2497.88
15932,4,8,2495.87
13414,133,6,2494.14
14541,58,14,2491.38
17262,52,11,2488.76
15227,36,9,2488.49
15117,14,8,2485.97
15716,145,11,2482.74
13507,3,4,2479.16
13588,15,9,2478.95
13134,85,6,2475.23
14696,4,8,2473.28
13762,218,5,2472.48
14421,57,6,2469.37
17288,9,11,2468.43
17164,32,7,2467.35
12438,14,2,2466.85
17131,5,5,2463.17
12924,88,12,2461.45
14256,260,5,2460.79
17629,5,10,2455.52
13151,295,3,2454.71
17676,4,10,2448.64
17320,100,6,2444.85
15111,29,5,2442.37
18171,58,9,2437.31
15623,141,8,2437.05
17505,161,5,2435.48
13085,157,8,2433.28
17348,14,9,2430.99
15077,494,2,2428.08
13949,2,6,2427.32
14502,19,11,2426.79
12733,234,4,2424.02
15215,46,7,2422.43
12739,99,2,2421.23
15089,10,6,2420.84
15489,22,8,2419.61
13878,54,4,2416.9
16040,65,7,2416.9
16470,51,11,2416.85
13118,19,9,2415.41
14205,16,9,2414.2
16833,1,6,2409.04
16163,232,6,2407.98
12412,74,6,2404.93
15341,80,2,2402.72
15793,14,8,2399.57
12393,72,6,2399.45
14414,91,8,2399.33
16147,133,5,2398.91
17921,64,10,2394.36
16812,360,4,2392.0
13173,4,11,2389.82
17444,151,2,2389.1
15366,75,7,2389.08
13813,39,8,2387.47
16105,248,5,2386.19
16638,22,15,2380.13
17827,5,6,2376.17
17434,2,7,2373.82
17623,32,7,2365.77
16005,12,10,2365.07
14496,311,7,2363.89
16676,33,6,2361.9
15860,40,17,2358.8
17634,36,9,2358.59
17969,166,20,2354.29
14810,40,13,2354.03
14295,40,4,2352.91
16083,100,4,2351.42
12520,79,5,2346.26
13338,157,4,2345.62
15015,501,13,2344.47
17591,73,8,2339.32
16742,492,13,2334.97
12676,24,10,2333.09
13614,24,6,2332.74
16496,8,6,2330.77
15549,77,8,2330.41
17313,31,1,2328.84
16085,23,12,2324.71
17004,46,4,2324.36
14938,562,2,2322.43
13055,78,4,2321.11
13908,79,4,2319.55
16628,29,7,2318.1
12948,16,9,2317.43
14346,120,5,2315.75
17193,35,9,2310.04
17282,130,5,2308.54
13704,5,9,2308.06
17113,574,6,2305.59
15946,502,3,2304.18
17894,71,18,2304.16
14555,57,6,2304.03
18095,312,5,2303.09
12517,28,4,2301.6
12423,0,10,2301.39
16077,625,1,2300.4
16531,22,11,2298.33
13371,505,2,2297.66
13280,122,7,2293.33
13059,249,10,2291.77
17047,85,6,2289.23
12516,77,4,2288.62
17018,40,6,2287.7
16485,77,5,2287.19
14481,164,5,2284.69
18051,634,7,2282.28
13655,114,6,2280.51
14554,10,4,2279.49
13994,3,6,2274.14
15638,378,6,2265.2
17994,121,11,2264.03
15734,114,4,2263.3
13652,45,5,2262.05
13814,92,3,2257.32
13117,21,18,2255.66
12584,3,9,2254.15
16350,21,9,2253.89
17414,43,6,2249.52
14432,9,6,2248.5
12701,79,6,2248.41
14644,67,7,2247.72
16177,50,8,2247.31
16174,126,7,2246.75
16883,187,19,2246.06
13627,59,7,2245.9
16042,22,8,2245.32
13407,578,3,2244.7
16823,227,7,2243.09
15865,40,5,2241.42
15629,450,4,2240.9
14462,66,12,2237.81
16551,95,7,2237.12
17180,56,11,2236.77
17075,17,10,2236.63
16108,84,4,2235.92
16076,3,10,2234.73
13662,85,11,2233.61
18215,89,5,2232.49
14449,18,8,2230.96
13365,33,2,2225.37
14321,10,7,2218.06
17648,60,5,2216.37
18177,31,9,2216.32
13478,469,5,2215.78
12397,35,2,2214.9
13455,24,6,2212.99
13320,78,6,2211.6
15550,4,12,2211.05
15476,380,4,2209.98
14177,86,13,2209.69
13094,21,13,2209.44
14834,17,7,2206.16
14467,17,12,2203.24
13410,24,9,2201.96
14006,115,7,2196.67
15100,333,7,2193.9
16317,119,5,2192.51
15934,417,2,2190.66
14212,89,2,2190.14
12802,186,5,2186.42
14597,11,6,2184.63
15864,22,7,2180.76
17324,17,12,2171.07
12856,7,6,2170.78
17905,71,13,2168.37
17732,372,8,2166.42
14595,19,8,2164.45
15944,276,4,2164.24
14573,179,13,2163.12
17460,94,16,2157.97
16379,4,4,2157.4
13643,31,10,2156.77
15426,19,9,2156.35
16966,8,7,2154.97
17822,420,5,2154.08
16600,4,13,2153.41
13224,60,2,2152.95
16275,196,3,2151.11
14216,3,5,2150.04
16716,266,3,2149.68
17272,42,4,2148.63
16520,186,6,2148.38
16004,474,5,2146.39
13152,417,7,2146.38
16134,21,5,2145.34
18009,235,8,2144.23
14407,107,5,2142.73
13092,70,12,2140.28
17029,110,7,2137.3
17305,648,1,2135.46
16493,79,7,2132.09
18116,67,13,2130.89
13517,59,3,2128.42
14634,437,4,2124.46
16807,142,6,2123.88
16996,30,9,2123.61
14472,103,9,2118.72
14360,31,4,2118.03
15658,190,8,2117.27
14691,30,5,2114.33
16201,3,5,2112.12
16054,145,4,2111.88
12997,22,8,2110.91
14399,394,8,2108.21
13755,3,9,2108.06
15252,36,5,2103.41
14276,98,7,2102.68
13610,12,14,2102.46
14499,26,7,2101.79
15815,63,5,2100.6
12975,436,6,2100.09
17159,21,5,2099.59
17742,113,11,2098.48
12649,107,8,2096.65
13753,287,4,2094.57
13591,64,7,2093.94
14469,416,4,2093.46
13265,53,5,2092.66
15456,283,10,2091.52
15151,423,2,2085.61
17705,3,11,2083.9
12724,5,7,2083.52
16016,3,11,2083.4
16934,54,6,2083.14
14443,53,5,2082.97
18026,500,2,2074.07
12684,7,6,2073.63
17048,117,7,2071.68
17585,109,7,2064.71
13748,95,9,2064.35
16726,26,7,2063.88
12576,35,8,2062.72
12586,17,4,2062.67
16795,365,3,2062.41
15221,366,4,2062.2
13476,178,5,2061.47
18258,464,6,2059.67
17633,31,7,2057.39
15253,16,8,2055.09
14188,30,6,2054.36
17897,172,9,2053.04
16176,421,4,2052.69
16794,1,15,2050.68
17086,7,6,2050.08
13874,358,7,2049.15
16027,91,15,2048.36
14232,42,5,2048.07
17666,3,5,2047.8
13663,179,5,2047.51
14000,211,5,2046.34
15473,14,8,2046.0
12868,185,8,2043.76
16235,40,8,2043.71
17289,31,9,2041.8
14988,211,7,2038.65
16214,170,4,2038.25
16331,432,6,2037.7
13630,5,7,2031.78
14225,434,4,2031.07
15272,57,6,2030.95
15506,22,6,2030.33
15164,68,9,2028.11
15384,169,4,2027.79
12873,282,3,2027.3
12599,29,13,2026.72
13989,65,5,2026.06
14631,50,6,2025.69
14651,67,9,2025.52
12501,336,1,2025.39
12418,112,4,2021.2
13696,421,3,2020.4
16221,36,9,2018.47
16197,469,9,2016.71
17152,194,4,2016.5
14623,32,10,2012.3
13693,374,9,2011.82
17671,15,5,2009.16
17126,152,9,2008.93
13888,119,7,2001.59
14628,91,5,1998.0
16698,226,2,1998.0
15990,44,7,1997.75
16332,28,11,1997.49
14152,75,7,1997.34
15481,401,1,1993.34
14301,117,4,1992.18
16065,365,8,1992.13
13889,92,6,1991.23
17088,28,4,1991.01
16960,38,8,1988.93
16529,190,4,1986.8
14967,49,6,1982.61
13725,49,8,1980.56
17158,32,5,1980.0
15030,71,8,1979.91
15795,149,8,1979.87
17337,151,4,1979.61
18204,71,3,1975.35
15531,8,2,1972.39
17797,22,8,1971.87
14905,157,8,1971.39
14477,19,7,1969.6
14396,65,7,1969.38
16032,456,6,1965.72
17351,36,12,1964.38
17966,37,10,1963.92
17997,74,8,1962.46
15789,358,6,1962.01
16290,464,4,1957.7
17039,604,1,1954.99
18016,32,7,1954.56
14794,2,10,1953.9
17554,1,5,1952.45
13761,50,6,1952.17
13208,59,8,1951.82
16993,463,2,1950.95
14014,77,3,1948.21
15620,56,4,1942.36
15425,400,4,1941.12
15478,40,3,1940.98
16619,263,4,1938.33
14418,3,3,1937.25
15561,11,8,1934.39
16859,144,7,1932.41
15803,51,4,1929.66
17236,12,12,1929.26
13029,30,5,1927.3
16788,123,5,1927.28
14492,430,7,1921.91
16681,72,7,1921.84
15885,93,13,1921.82
18220,226,6,1921.76
14901,11,12,1919.0
12560,5,2,1918.01
12842,70,4,1917.99
14332,22,5,1917.41
16650,71,7,1916.11
16555,35,6,1915.68
12725,371,3,1906.76
17046,157,5,1906.07
16942,12,9,1904.99
14250,7,3,1904.05
12644,129,4,1900.49
14127,122,6,1900.08
14710,14,13,1899.79
14389,65,5,1898.01
14730,1,8,1897.57
17560,94,8,1895.8
14327,163,6,1894.93
15248,411,3,1893.93
13984,26,12,1893.8
17350,8,7,1893.7
16631,481,7,1892.52
13276,63,5,1891.91
15381,213,5,1890.57
14912,16,6,1889.25
16172,95,8,1884.55
14403,130,6,1880.51
16660,16,7,1879.55
18151,134,6,1879.44
17227,18,12,1878.93
15197,10,6,1877.51
13946,79,6,1876.23
17609,40,11,1875.36
16426,2,10,1863.76
14887,79,1,1862.0
14305,71,3,1858.96
12687,480,1,1858.91
14130,319,4,1858.77
16043,37,8,1856.59
15081,22,12,1854.57
16049,40,6,1852.15
16917,276,2,1851.88
12674,38,4,1844.6
18180,4,6,1843.75
12950,2,3,1843.0
15201,87,7,1842.95
12399,119,7,1842.3
16102,42,3,1842.14
14224,110,9,1841.71
12518,0,5,1840.89
13168,36,5,1840.73
17919,88,2,1840.32
15822,3,6,1840.06
14870,261,6,1838.95
13924,1,6,1838.85
17015,28,3,1838.61
16175,94,7,1836.44
15402,148,6,1830.12
16152,268,1,1829.04
16825,38,5,1826.89
17244,53,5,1826.04
14896,204,8,1826.0
15678,52,3,1825.94
13884,7,10,1825.03
17642,119,5,1824.49
12585,234,2,1824.1
16169,8,4,1822.97
14738,42,9,1821.9
15339,66,7,1821.02
12582,238,4,1820.4
14553,19,9,1818.6
16233,71,9,1818.31
17787,152,4,1817.54
15807,50,5,1817.52
16205,30,7,1813.51
16880,30,8,1813.21
14915,91,11,1811.25
16474,7,7,1810.49
14893,9,3,1809.61
14715,24,8,1809.55
15530,21,5,1808.68
17888,21,25,1807.44
15133,127,5,1806.9
13561,215,11,1803.4
18161,15,6,1803.1
16797,393,5,1802.02
14723,10,11,1801.36
16249,52,5,1800.07
18235,71,3,1796.48
18236,29,12,1795.35
17165,284,6,1794.32
14708,2,5,1793.22
13711,218,9,1792.26
13375,88,2,1792.23
18122,8,6,1791.84
17603,78,4,1788.38
13782,12,13,1786.08
15608,28,5,1785.98
16611,186,6,1785.13
15452,29,6,1785.11
15128,60,5,1783.68
16110,45,4,1781.59
18214,530,4,1780.34
15220,51,6,1778.96
16770,57,9,1778.93
13503,71,5,1778.04
12908,176,5,1776.0
13920,431,4,1774.68
16124,317,4,1772.49
15594,15,5,1771.78
12531,14,2,1771.2
14850,311,7,1770.96
14933,443,4,1770.0
15972,456,5,1769.33
15736,435,2,1767.12
13456,17,6,1766.72
16751,30,1,1764.72
16692,256,4,1764.7
13717,32,8,1763.3
15777,241,7,1762.61
13648,400,8,1759.07
16620,3,6,1758.93
16511,21,6,1758.49
16266,73,14,1757.95
16595,61,5,1757.75
16510,372,6,1757.25
14522,24,8,1748.42
16639,31,4,1747.98
13808,5,5,1747.66
12610,22,4,1747.54
17695,131,5,1746.04
16380,61,1,1743.15
16348,32,8,1742.08
15605,36,9,1741.95
12425,78,2,1741.41
12704,7,8,1740.84
16087,389,5,1739.92
17974,24,6,1739.09
14584,169,8,1738.16
17268,107,11,1733.89
13026,1,9,1733.08
14400,149,3,1732.47
12352,36,9,1729.54
17432,18,9,1728.99
16891,1,11,1727.94
14387,32,3,1727.6
16809,23,9,1727.43
15730,65,5,1726.58
14304,222,3,1725.01
14075,4,5,1724.87
17190,58,7,1724.73
12592,92,4,1723.64
17451,1,7,1721.4
16119,8,8,1720.81
14704,19,9,1720.58
15267,22,5,1717.36
13705,7,7,1717.19
14021,155,7,1716.58
17135,16,10,1716.38
17162,28,10,1715.46
14692,137,12,1715.14
14741,11,7,1713.09
18239,218,6,1712.26
14447,18,6,1711.73
13665,386,3,1711.66
16374,66,5,1709.55
13104,3,9,1709.1
17731,79,6,1708.99
15607,336,9,1708.97
15947,82,1,1708.24
16902,116,1,1706.88
13309,7,6,1706.37
16398,154,2,1705.8
14859,12,5,1705.64
12762,7,2,1702.52
15326,333,5,1700.52
16768,47,9,1698.57
12932,539,8,1698.56
17813,14,5,1698.07
17694,141,3,1695.97
16899,7,8,1695.77
16010,245,11,1694.86
17750,5,9,1694.16
12764,316,1,1693.88
14245,219,2,1693.45
16671,28,3,1692.27
13838,5,10,1690.07
13294,189,3,1689.53
16725,302,13,1686.81
13516,21,4,1685.26
13566,40,5,1684.75
15911,623,8,1683.79
15976,165,6,1680.31
14643,170,5,1679.89
15551,36,7,1679.81
13800,309,3,1679.56
12870,375,3,1676.95
14831,680,3,1676.57
13149,14,4,1676.06
17656,73,5,1674.69
13587,63,4,1673.5
13308,22,4,1670.37
13417,4,6,1669.49
17534,53,5,1668.83
12385,379,1,1668.4
13184,14,10,1667.95
13434,74,5,1666.86
13064,12,6,1666.84
15192,119,5,1666.39
17321,8,6,1665.21
16329,427,4,1664.92
12694,70,3,1663.35
12912,2,5,1662.3
15214,1,8,1661.44
15649,336,4,1660.35
14583,5,8,1660.29
12348,75,5,1658.4
18276,43,6,1656.52
17041,26,6,1655.2
16625,274,5,1654.03
16813,8,10,1652.18
12911,551,1,1651.72
16634,222,6,1649.81
12528,9,6,1645.48
14420,99,4,1639.17
18096,11,6,1638.16
12933,24,8,1636.63
17006,4,8,1635.27
15310,478,1,1634.64
18062,173,6,1632.67
14164,70,2,1631.77
18136,63,5,1631.36
14904,2,4,1630.49
17571,50,5,1629.66
13554,380,7,1629.35
12383,184,5,1628.56
15167,320,5,1627.62
14759,4,3,1625.97
13154,399,3,1624.84
15172,8,5,1624.05
13363,17,3,1623.86
14937,56,3,1621.88
12813,501,3,1621.8
15422,323,7,1619.97
16224,57,5,1616.54
14336,16,4,1614.91
12577,35,8,1613.15
15013,487,10,1610.82
16860,452,3,1610.62
13900,183,6,1610.59
17814,375,2,1609.37
12847,22,2,1609.0
13249,92,9,1608.93
14920,212,3,1607.17
12947,143,6,1603.99
17515,31,9,1602.51
15325,103,8,1601.46
14885,131,3,1598.12
12514,267,2,1597.76
15134,14,10,1596.29
17853,407,3,1596.29
13850,129,1,1595.48
13239,261,5,1594.69
16801,163,4,1594.23
17028,581,3,1593.83
15289,29,5,1593.09
17540,24,6,1590.6
16092,114,6,1587.94
17345,15,10,1586.63
13156,385,3,1586.54
16096,264,4,1584.97
13740,240,5,1582.77
14719,1,5,1581.84
15279,354,5,1580.54
13202,394,7,1580.3
14587,18,9,1580.29
14178,8,7,1580.26
13752,124,7,1579.83
12607,60,1,1579.51
16256,266,3,1579.37
17649,138,3,1578.89
17867,30,15,1577.05
13186,39,3,1575.89
13337,546,1,1575.26
14489,207,4,1574.93
16099,50,7,1573.2
17886,31,6,1572.55
14136,400,5,1570.81
12549,575,5,1570.68
14198,18,9,1569.73
13539,85,7,1569.36
17624,14,4,1568.63
16774,67,8,1567.48
17222,65,6,1563.61
12494,15,9,1563.27
17235,25,8,1562.98
13939,23,7,1560.96
15466,85,4,1560.46
14236,80,5,1555.34
16394,56,5,1555.34
18149,50,7,1553.96
15074,105,3,1553.13
17851,422,6,1552.35
14078,101,9,1551.82
12775,17,7,1551.12
14987,15,8,1550.65
14186,427,5,1550.63
16366,18,4,1548.13
17454,192,10,1547.94
14754,44,6,1547.93
17323,15,12,1547.64
16790,3,6,1545.62
16017,47,5,1545.58
18036,32,11,1545.49
15732,212,10,1543.97
16915,9,11,1543.18
13783,487,4,1542.09
12778,19,9,1541.68
13310,28,5,1541.2
16461,177,3,1539.83
15987,12,8,1535.99
15798,492,3,1535.37
17837,42,8,1535.33
14695,519,3,1534.22
18252,50,7,1533.69
16491,46,2,1533.16
14567,56,2,1530.36
15701,2,4,1529.0
17990,236,6,1527.61
15149,133,4,1524.61
12926,411,4,1523.59
16244,211,2,1522.75
15587,50,7,1522.08
16066,16,5,1521.04
14055,106,3,1520.96
14264,154,6,1517.36
14068,320,4,1516.72
14267,162,3,1516.24
13791,127,2,1516.0
14220,247,4,1515.0
14682,187,6,1514.81
17764,50,5,1513.57
17610,540,5,1511.94
17977,29,2,1511.45
12369,413,3,1511.15
12784,15,2,1511.15
16037,269,5,1509.34
15948,8,3,1509.09
16910,4,8,1508.96
13158,94,5,1508.18
12507,134,4,1508.06
15261,135,4,1508.0
17179,178,6,1507.26
12407,49,5,1507.12
18022,35,5,1506.62
15110,23,6,1505.85
16450,149,3,1505.73
13360,431,4,1503.65
12458,71,4,1502.49
15590,382,5,1496.6
16340,107,3,1496.24
15173,380,7,1494.6
14894,85,3,1492.81
16239,56,6,1492.2
16314,389,3,1491.4
18268,134,6,1490.23
13042,598,3,1488.59
14609,72,10,1486.2
16654,141,8,1484.07
16714,317,3,1482.33
15630,45,3,1481.4
15101,8,6,1477.94
12381,4,3,1474.81
14246,110,3,1474.06
16907,29,9,1470.89
12379,81,4,1470.22
17590,2,3,1466.77
13500,23,4,1466.3
16419,112,8,1463.7
12882,9,2,1463.04
16586,248,3,1462.78
16835,128,6,1456.66
14829,29,7,1455.87
15071,93,4,1455.56
13240,96,8,1455.39
18196,95,4,1455.27
16569,3,5,1455.23
13649,256,6,1453.68
13377,396,2,1452.88
12970,7,10,1452.54
17259,148,6,1452.39
13165,46,3,1451.16
13361,472,2,1450.5
14657,17,6,1450.19
16121,57,5,1450.04
15876,409,2,1449.14
15076,172,3,1447.74
17582,236,5,1446.95
13583,155,2,1445.03
17073,17,4,1444.84
15636,89,4,1444.58
17175,44,4,1443.69
17734,53,6,1442.32
18106,329,6,1441.06
18066,75,3,1440.4
13543,634,2,1439.61
16088,575,2,1437.43
12398,45,1,1435.66
16140,65,3,1433.46
12389,402,3,1433.33
17941,130,4,1433.28
13531,205,6,1433.07
13475,191,4,1431.78
15427,33,3,1430.54
15468,51,3,1430.48
14684,25,6,1430.03
13159,8,4,1429.35
12669,150,2,1427.73
17290,3,8,1427.48
12657,11,4,1427.18
14412,42,3,1426.19
17411,12,5,1425.38
13278,40,4,1425.35
18221,22,6,1424.94
16980,255,3,1422.83
17438,253,5,1422.77
14071,3,8,1422.75
15106,17,5,1422.52
16463,21,4,1422.4
14019,46,3,1421.61
15799,75,4,1421.34
16173,15,6,1418.32
17856,1,4,1418.03
15223,225,5,1417.95
12693,127,7,1415.02
16245,23,3,1413.66
17496,358,4,1412.89
15237,1,4,1412.32
16848,52,4,1411.62
15444,9,2,1411.21
17714,320,5,1410.18
16906,81,7,1410.07
17545,43,6,1409.86
16854,417,2,1408.96
13049,64,4,1408.24
15889,156,8,1407.05
15652,91,5,1405.94
14909,437,3,1404.68
18189,77,3,1403.73
15186,14,5,1403.2
14687,106,3,1402.06
13259,61,9,1398.79
18202,199,3,1396.99
16129,407,3,1396.05
15322,85,2,1390.86
12405,148,1,1390.39
15141,457,7,1388.47
12952,5,4,1387.79
13382,280,5,1387.58
15996,88,7,1386.4
16167,414,5,1386.12
18167,23,3,1384.86
12809,177,3,1384.34
13572,205,1,1384.25
14116,19,5,1382.74
16389,53,4,1382.07
14861,52,10,1380.73
15751,460,11,1380.44
13821,144,6,1379.08
17878,43,3,1378.93
13074,511,4,1378.74
12886,67,2,1378.4
16727,364,4,1377.77
14853,24,5,1376.87
14662,28,7,1376.43
15580,376,8,1375.39
13579,14,5,1374.34
14265,109,4,1373.35
14434,21,6,1372.8
15453,1,7,1371.77
12695,7,7,1371.12
14538,64,5,1370.84
13155,33,6,1370.48
14316,422,5,1370.34
16300,430,3,1367.32
13035,73,3,1364.2
14577,12,7,1364.15
14114,273,7,1364.09
13760,54,5,1363.64
16588,386,4,1361.28
13396,29,2,1360.99
16384,89,4,1358.95
17150,376,6,1357.95
17429,128,5,1357.46
12875,143,5,1356.99
17054,28,5,1356.33
15116,17,4,1352.75
16079,16,3,1352.0
16367,37,3,1350.48
17025,60,5,1349.67
14847,148,3,1348.95
15411,26,4,1348.93
12646,4,2,1346.97
14320,206,5,1346.75
13639,74,2,1346.27
15398,16,2,1345.53
14550,10,4,1345.06
16669,23,2,1344.48
15154,75,3,1343.72
14618,9,7,1342.32
18085,330,4,1341.85
13743,2,7,1341.6
17499,289,2,1341.39
17951,39,4,1340.58
13803,255,3,1338.91
13506,316,5,1338.08
13220,78,5,1336.09
12919,8,6,1335.19
17033,86,4,1332.79
17932,29,3,1331.57
14899,395,1,1331.38
16295,9,4,1328.55
14712,29,4,1328.07
13232,12,7,1327.75
15146,164,2,1327.16
14956,421,1,1325.0
12960,413,4,1322.07
14591,15,4,1320.21
14921,30,2,1316.07
14511,11,5,1314.81
14973,107,3,1314.45
16296,626,4,1313.67
13282,18,4,1313.19
16756,214,7,1312.37
12987,73,5,1312.21
17027,78,9,1310.63
13855,500,4,1310.34
13328,316,1,1308.48
16377,267,2,1308.48
13846,24,4,1307.79
16282,339,3,1307.58
16894,502,3,1306.96
15677,49,3,1305.63
14297,17,4,1305.33
15813,207,2,1303.91
12620,14,3,1303.41
15400,92,8,1302.3
16370,82,4,1301.91
16574,71,3,1301.78
14284,30,3,1299.65
12765,472,6,1299.58
14480,11,4,1299.52
16464,19,3,1298.66
12783,2,4,1295.87
16929,3,7,1295.39
13440,423,7,1295.25
16212,19,4,1293.71
15621,4,4,1293.03
16777,80,5,1292.18
15471,2,3,1292.01
16744,11,7,1291.91
17109,29,8,1291.71
14619,245,2,1291.24
14856,36,3,1290.53
16372,33,5,1290.31
15171,331,1,1289.5
14679,381,3,1289.44
15774,68,6,1287.09
15136,2,4,1286.7
16608,453,2,1286.62
16949,3,6,1286.27
13300,169,3,1285.51
13617,40,8,1278.75
17521,29,5,1278.06
16951,134,3,1277.75
14478,382,4,1276.66
17034,16,5,1276.42
13916,463,4,1275.81
17142,239,4,1275.25
14820,21,9,1274.76
15809,36,7,1274.44
14167,39,8,1274.29
13138,22,7,1274.01
14490,406,2,1273.47
17478,408,2,1272.8
17341,156,5,1272.21
16222,318,2,1272.05
13492,136,3,1269.84
13443,448,6,1269.37
15439,404,4,1269.05
15584,23,6,1268.2
13892,26,6,1267.65
17037,87,1,1267.32
17531,190,3,1266.82
14487,26,7,1266.27
13515,72,6,1265.82
17635,424,3,1265.58
14379,44,4,1265.16
16842,100,3,1264.19
14427,50,4,1263.52
16688,1,4,1260.86
17759,17,5,1260.63
14984,19,6,1260.51
18035,35,5,1260.23
17343,355,6,1259.94
12993,23,8,1259.63
13689,63,2,1259.5
15009,12,3,1259.43
15651,36,5,1259.06
14474,46,2,1258.89
17481,3,4,1255.59
17862,323,4,1254.89
14419,10,7,1254.64
15441,396,3,1254.21
16292,121,5,1253.76
13919,59,4,1252.68
13023,64,3,1251.03
15579,68,5,1250.63
15599,26,3,1250.06
18135,29,10,1249.62
14020,16,4,1249.01
12666,394,1,1248.42
14383,38,3,1247.69
14240,30,3,1247.49
14725,24,4,1246.86
18286,476,2,1246.43
13860,1,5,1245.9
12488,9,3,1244.66
17076,36,6,1242.75
17529,610,2,1240.25
13863,247,4,1239.55
12985,0,2,1239.38
17796,40,7,1236.39
14231,183,4,1235.62
13201,502,4,1233.06
16527,81,2,1232.94
16159,281,4,1232.79
15664,50,4,1231.53
18080,18,2,1231.5
16723,91,4,1231.36
12805,381,4,1230.95
14821,366,7,1230.15
13019,379,6,1229.95
14871,3,9,1228.17
17342,379,4,1227.54
15800,107,7,1227.07
13402,127,4,1226.85
15269,23,3,1225.36
15303,290,3,1224.18
14428,7,5,1224.06
12533,627,2,1223.89
13787,75,6,1222.5
16946,383,5,1222.04
15376,40,3,1221.56
17132,452,2,1220.91
14430,511,3,1220.9
13243,203,5,1220.38
15004,147,1,1220.38
13299,268,3,1218.7
13304,351,4,1217.99
14698,1,5,1217.27
15390,396,2,1216.66
14512,187,7,1215.97
15661,317,8,1215.95
17410,16,5,1214.72
18263,25,3,1213.16
16872,77,6,1213.13
12711,611,2,1213.05
13918,49,2,1212.84
16653,16,2,1212.66
15377,382,4,1211.75
14193,67,3,1210.19
12364,7,4,1208.1
17653,36,4,1207.56
16830,38,4,1207.5
18193,165,3,1207.35
16762,19,3,1207.24
12742,625,1,1201.52
12426,194,2,1201.21
12463,53,4,1200.78
17360,17,6,1200.51
15181,66,5,1200.2
15600,428,4,1199.31
13405,204,5,1198.81
17397,22,3,1198.28
12629,385,2,1198.22
17713,382,4,1198.09
12372,71,3,1196.04
14446,0,5,1195.48
16307,429,3,1194.92
15145,4,4,1194.73
13723,217,6,1194.08
14382,26,2,1193.63
14201,60,10,1193.54
12611,52,1,1193.32
13293,392,6,1192.94
13976,206,4,1192.36
14213,404,1,1192.2
16501,383,1,1191.23
13882,2,5,1191.13
16471,274,4,1189.98
17239,312,4,1189.45
14275,395,6,1189.38
18181,24,5,1188.34
15737,14,8,1188.12
17800,37,9,1186.21
13388,131,3,1185.65
18060,408,2,1185.46
14206,239,3,1185.01
15259,512,4,1182.38
17021,442,6,1182.22
12818,261,1,1182.08
13526,738,2,1182.0
15573,31,5,1180.47
13395,185,3,1180.23
18277,58,5,1180.05
17058,81,3,1179.89
16614,182,3,1179.79
16693,68,5,1179.48
13797,436,3,1179.45
16345,44,2,1178.79
18025,379,6,1177.72
13233,74,4,1176.46
15210,225,3,1176.19
14370,450,6,1175.78
15994,54,3,1175.68
12885,63,3,1175.22
15068,46,4,1174.9
12526,0,3,1172.66
14126,7,4,1172.46
18071,257,6,1169.68
16926,371,5,1169.61
18057,393,3,1168.14
17373,40,7,1167.5
13497,282,6,1166.83
17950,72,7,1166.29
17664,18,4,1166.23
14693,264,7,1165.36
17828,22,4,1165.09
14261,50,2,1163.45
16800,11,1,1162.65
15347,366,4,1162.0
17525,359,3,1161.9
17539,628,3,1161.84
12972,413,4,1161.2
13897,50,3,1160.72
13459,624,2,1160.41
15088,21,2,1160.07
13601,45,4,1159.99
17978,365,4,1159.99
16838,197,4,1159.61
15108,141,3,1159.25
13499,17,5,1159.11
17513,72,3,1158.8
16184,64,6,1158.79
17169,57,3,1156.73
14788,7,3,1156.32
17127,428,5,1155.03
16637,32,4,1154.47
15064,410,4,1154.41
13462,252,5,1153.85
14818,73,6,1153.56
14475,71,4,1151.15
17984,145,5,1148.69
15038,58,9,1146.53
16766,273,2,1145.6
17477,612,2,1144.3
12769,238,1,1143.6
17097,2,9,1143.36
14585,50,5,1143.27
17770,198,5,1143.27
12439,682,2,1142.88
17908,373,5,1142.47
13856,168,11,1142.03
16270,353,1,1141.24
12673,5,3,1140.02
12689,25,2,1139.61
15586,592,3,1139.1
17500,17,3,1138.0
15879,404,4,1137.8
12402,323,6,1136.9
16521,415,3,1136.36
17302,14,5,1135.63
17866,142,3,1134.95
13109,59,3,1134.03
15022,11,5,1133.44
16989,7,6,1133.25
17201,53,4,1132.6
18125,29,4,1131.75
15500,8,4,1131.56
13393,583,4,1131.45
15695,266,4,1131.04
17622,597,2,1130.21
13447,23,3,1129.14
13145,39,7,1128.52
14450,180,7,1128.44
14671,549,2,1127.45
15969,2,5,1127.05
12605,376,3,1124.95
16306,213,7,1124.72
14479,253,4,1124.71
13778,103,4,1124.49
14917,596,2,1123.75
17492,248,3,1122.42
13486,78,3,1122.41
15882,198,8,1122.38
17562,14,7,1122.38
18218,211,4,1121.84
13589,14,6,1120.74
16955,184,6,1120.31
17007,50,7,1120.1
16354,63,5,1119.46
17423,46,3,1118.95
16278,100,3,1117.84
16769,260,4,1117.05
14080,32,5,1115.68
12591,317,3,1114.95
13167,18,5,1113.15
14672,234,4,1113.14
17788,73,2,1112.95
16139,18,5,1111.15
15069,179,1,1109.53
16702,415,4,1109.53
15559,568,1,1109.4
15828,375,1,1108.82
13091,28,2,1108.8
15933,21,3,1107.46
14375,185,3,1106.82
14891,148,4,1106.73
14102,5,5,1105.88
12434,84,3,1103.43
16430,57,6,1102.94
16895,64,5,1102.9
13295,359,4,1101.97
14948,23,6,1101.97
15574,177,6,1101.44
16014,37,5,1100.28
14009,198,3,1099.91
17137,416,6,1099.81
13509,8,7,1099.72
14971,35,3,1097.98
13835,25,7,1095.27
17703,35,4,1094.84
15745,19,4,1094.59
14460,110,9,1093.5
12866,283,3,1092.35
17726,395,7,1092.06
14199,218,4,1091.7
16211,88,3,1090.59
13853,57,1,1090.14
15254,127,3,1088.35
16188,44,5,1087.66
16223,374,2,1087.05
15763,31,2,1086.92
14139,46,4,1086.8
13546,12,5,1086.24
16298,22,7,1085.7
14013,110,5,1084.57
16533,19,3,1082.81
14805,15,7,1082.55
14083,4,11,1082.19
14561,75,3,1080.76
13744,95,2,1080.52
12394,63,2,1080.48
13726,38,2,1079.66
14343,421,4,1079.66
12354,232,1,1079.4
13567,428,4,1079.29
15546,606,2,1079.1
14352,157,4,1078.96
13656,164,4,1078.85
16183,67,4,1077.81
16642,4,3,1077.45
17366,432,2,1077.24
16071,44,4,1076.8
16805,173,4,1076.34
13607,40,2,1075.81
15912,178,9,1074.7
16231,379,4,1074.47
13727,28,8,1074.15
12639,238,3,1072.37
15238,29,3,1071.99
13467,10,2,1071.91
16593,50,8,1071.14
14484,50,4,1070.98
16884,37,4,1070.97
13521,1,3,1070.47
17871,204,5,1068.95
17854,185,6,1068.5
16386,28,3,1068.16
15436,12,3,1067.75
15626,74,3,1067.52
17522,1,5,1066.15
12475,53,2,1065.64
17277,227,2,1065.35
15639,134,3,1065.08
13959,79,6,1064.77
14488,67,1,1064.28
14966,14,6,1064.26
15801,46,3,1063.95
12936,17,4,1063.9
17849,218,8,1063.76
14411,310,1,1063.0
15706,63,4,1060.56
17727,15,1,1060.25
17421,386,3,1059.41
18130,15,3,1059.39
17214,60,6,1059.12
12717,151,3,1058.91
14734,425,4,1056.42
13065,373,5,1055.05
13140,108,5,1054.92
15645,18,3,1054.75
15977,17,2,1054.73
15886,60,4,1052.87
15855,136,6,1052.72
14947,72,6,1049.79
13775,590,1,1049.66
17934,51,3,1049.15
16391,400,4,1048.86
15839,33,3,1048.49
16728,46,4,1048.28
17578,218,7,1047.33
17474,599,1,1047.0
15407,33,4,1046.74
15091,67,3,1046.61
17555,19,5,1045.74
14108,30,4,1044.96
15464,338,1,1044.65
12691,28,6,1044.4
15535,173,6,1044.37
15026,80,5,1044.09
16903,29,3,1041.75
16991,421,1,1041.21
16261,17,6,1041.16
13613,452,5,1039.85
12648,154,4,1039.0
13873,119,8,1038.92
17042,2,5,1036.58
14902,25,3,1035.62
17926,133,5,1035.49
16260,50,1,1035.45
17724,71,3,1033.0
14248,318,3,1032.95
13000,106,4,1032.5
17405,1,3,1031.41
13235,212,1,1031.07
12630,9,2,1030.88
16198,75,2,1030.04
16418,44,5,1028.74
15333,208,1,1028.56
16682,4,5,1028.0
16227,225,3,1027.22
15887,406,3,1027.15
15003,473,6,1027.03
17749,178,3,1026.18
16160,65,2,1025.44
13602,64,4,1025.17
17310,387,2,1025.1
14204,2,4,1024.83
17362,239,7,1024.04
12616,95,3,1023.1
12710,96,3,1023.02
12546,46,2,1021.5
13368,256,4,1021.5
16568,427,2,1020.9
18142,157,2,1019.52
18074,373,2,1019.44
13956,5,5,1019.27
12828,2,6,1018.71
16284,31,3,1018.48
12905,576,2,1018.42
12803,393,1,1017.81
16787,397,4,1017.53
15970,303,2,1017.32
13333,411,3,1015.74
14675,16,2,1015.58
16623,245,4,1015.24
13466,184,5,1013.35
16441,67,5,1013.18
15951,8,3,1013.17
16451,87,3,1013.15
17197,29,1,1013.01
17980,165,4,1012.72
14775,58,3,1011.9
13039,584,4,1010.73
16572,127,3,1009.6
13258,11,5,1009.43
16287,169,5,1006.98
13429,10,4,1006.8
15850,19,6,1006.75
13238,17,6,1006.63
15771,604,3,1006.54
13427,19,6,1006.53
13549,25,8,1005.8
13867,31,3,1005.09
14214,30,5,1004.38
18160,57,3,1003.88
16435,512,3,1003.07
12446,57,1,1002.31
13857,393,6,1000.91
15508,189,6,1000.27
18143,116,2,1000.16
13005,173,4,999.68
17205,53,3,999.35
17329,14,5,998.53
17631,1,7,998.49
13965,476,3,996.61
16699,380,7,994.6
12640,23,3,994.58
13292,38,5,994.51
17237,11,4,994.13
15104,196,2,993.54
17299,11,6,993.23
14223,92,3,991.13
13559,512,2,990.0
13245,50,2,989.22
17883,3,7,988.42
15176,667,1,988.04
16130,422,4,987.48
18237,2,5,987.1
13439,255,3,986.61
12862,425,2,984.62
17144,1,2,984.57
15109,245,3,983.1
12534,130,1,981.18
14510,375,3,979.85
14230,435,3,979.8
12722,85,4,979.63
17369,455,1,979.2
14157,19,5,978.69
15132,18,5,977.93
14454,376,5,977.3
17221,7,5,976.62
15247,122,3,976.06
15406,31,4,975.87
17456,365,2,975.56
12915,148,4,975.1
16376,8,2,974.96
15449,26,3,974.52
12994,4,3,974.42
17958,116,2,973.88
16009,22,4,972.11
14350,274,3,972.03
15025,33,2,971.84
17100,18,2,971.74
15208,1,6,970.52
18006,23,4,969.51
13223,200,6,969.12
14953,25,4,968.82
16254,378,3,967.44
17123,161,3,966.67
13204,731,1,966.66
14138,1,2,965.88
17987,185,5,965.44
15084,379,2,965.2
16763,198,2,964.7
12716,3,2,963.49
15028,8,6,962.94
12580,246,2,962.9
15268,478,3,961.9
15156,1,3,961.49
16518,61,4,959.37
18192,71,1,957.97
17080,22,7,957.53
12464,10,8,957.05
17172,78,3,956.57
16141,88,2,955.94
12990,31,7,955.5
14629,4,2,955.26
15430,467,2,954.75
15835,44,4,954.09
17189,106,5,953.63
17420,50,6,953.58
16535,5,2,952.04
14615,394,5,951.76
12679,58,4,951.02
17955,198,6,949.9
12767,375,1,949.82
17081,25,6,949.39
13046,30,3,949.25
13636,36,5,949.12
15177,425,1,948.93
12822,70,2,948.88
12355,214,2,947.61
17516,15,6,947.5
12403,49,2,947.36
16136,59,4,946.8
16947,235,4,946.71
16861,59,5,946.59
17356,311,5,946.47
16146,157,4,946.38
18217,29,4,945.04
17544,390,3,944.82
13261,268,2,944.1
16203,58,6,943.84
13359,63,2,943.31
14994,382,5,942.77
16199,392,7,942.75
17604,217,6,942.38
13641,640,4,942.37
15385,40,3,942.08
14958,147,6,941.99
14326,242,3,940.98
13416,43,3,940.8
13936,179,3,939.66
16109,218,3,939.48
17527,53,4,939.37
17298,101,5,938.36
12462,18,2,937.59
17020,542,2,935.62
14140,3,2,935.05
15792,399,2,933.84
15787,26,3,933.26
16661,540,4,932.76
18154,3,5,932.6
18133,212,1,931.5
12396,674,1,931.43
13465,446,2,931.12
14924,245,3,931.01
15723,364,4,930.7
14338,161,3,928.1
12373,311,3,927.65
13288,443,5,927.61
15243,74,2,927.28
17805,73,2,927.03
12728,71,5,926.17
16975,423,3,926.12
12745,486,3,925.41
13805,52,2,924.6
14128,60,3,924.21
18001,12,6,924.14
16643,245,2,923.11
17322,376,5,922.59
15654,9,2,922.53
13122,94,2,922.39
17472,191,4,922.35
16362,32,6,922.16
13934,263,1,922.1
15576,37,1,921.37
15957,31,3,921.25
14272,73,4,920.81
14605,374,4,920.71
17363,395,3,920.46
12998,492,3,920.08
14568,435,1,919.7
13075,129,1,919.61
13872,527,3,919.57
16204,23,3,918.71
14342,21,6,918.44
12368,628,1,917.7
14061,507,3,917.43
14015,52,1,917.34
12486,431,1,917.28
15707,35,4,916.98
14423,218,3,916.61
14839,418,3,915.28
14141,2,4,915.13
16216,267,1,914.93
14549,311,4,913.6
15364,95,2,913.19
12572,8,2,912.42
14359,19,3,912.18
15244,65,3,912.08
17812,12,7,911.99
16034,196,6,911.32
14289,8,6,911.26
14133,129,4,911.14
16138,378,3,910.35
13038,80,3,908.46
15097,4,3,908.35
17464,158,3,907.14
14714,24,4,906.24
14969,703,1,906.23
12642,25,3,905.26
12785,364,3,904.4
17746,240,4,904.18
13573,50,6,903.07
17176,201,3,902.32
17382,65,8,902.28
13548,96,3,901.44
15511,11,5,900.53
12945,288,2,900.11
12940,54,2,899.69
16834,227,2,898.96
15710,417,1,898.87
12703,71,4,898.53
15992,3,3,896.6
16916,23,4,896.12
12503,584,1,896.0
16122,73,6,895.62
17226,308,3,895.47
15211,60,2,894.41
12811,261,4,893.9
15066,53,1,893.59
17155,17,7,892.46
16784,19,5,892.33
16442,1,5,891.98
15393,16,5,891.34
16361,9,4,891.21
12652,331,2,891.03
14065,389,3,891.02
15824,453,2,890.94
14813,369,4,888.91
15525,2,4,887.72
17537,29,2,887.67
15900,23,4,886.57
16228,385,3,885.71
16898,26,5,885.21
17704,168,2,885.19
17062,313,6,884.71
17708,187,4,884.18
12525,498,3,883.73
18141,401,2,882.47
16387,322,5,882.46
17480,77,2,882.23
16900,16,3,882.16
15907,3,3,881.87
16385,60,5,881.35
17143,417,2,880.97
16677,411,2,880.62
13937,169,2,880.13
13350,16,2,879.12
14551,18,7,878.09
14612,415,1,877.7
15653,92,2,877.44
14645,156,3,876.89
17864,12,5,876.57
13768,726,2,875.97
13166,283,2,875.93
14681,71,6,875.15
12421,15,6,874.6
16513,4,4,874.59
16657,9,4,874.43
15469,50,3,874.25
12874,385,2,873.42
14437,365,5,873.34
12675,553,2,873.25
12801,500,1,871.82
17361,49,5,871.79
12413,66,4,871.45
15224,358,5,871.36
13200,19,4,870.09
17566,8,2,869.77
13376,99,3,869.76
14753,87,2,869.51
16948,138,7,868.77
16357,33,4,868.37
17167,379,3,867.11
16567,194,2,865.6
13922,351,3,865.2
14600,305,2,865.17
14931,4,4,864.68
12815,147,2,863.46
16668,15,13,862.42
17358,303,5,861.01
12794,53,2,860.41
13339,200,1,860.12
14372,443,2,860.08
13891,378,3,859.21
15870,32,4,857.46
15287,22,5,856.03
17161,444,1,856.01
15542,512,3,855.71
17064,58,3,855.45
12878,236,2,854.99
13945,394,2,854.15
14873,210,2,854.13
14686,414,5,852.53
15266,338,5,852.21
16070,22,2,852.15
13991,12,6,851.88
13479,200,4,851.37
16020,16,3,851.01
18108,254,3,848.81
15264,64,2,848.4
15784,467,2,848.33
14202,381,3,847.76
13487,57,5,846.87
16877,12,6,846.62
13970,386,2,846.55
13996,386,2,845.76
14803,162,3,845.55
13221,240,2,844.86
16500,4,9,843.91
14922,393,2,843.74
16344,158,4,842.42
16846,50,3,842.41
17638,647,2,842.4
16810,192,2,842.04
14862,25,2,841.2
12541,29,3,841.18
16798,554,3,841.16
12891,185,11,840.5
12543,448,1,840.25
13169,63,3,840.08
14355,365,3,840.05
18247,414,3,839.73
15713,143,4,839.64
13940,17,4,839.14
14037,176,6,836.95
15832,254,1,836.79
14929,32,2,836.69
13795,388,4,836.3
16747,37,2,836.06
13386,414,2,835.46
16737,53,2,835.2
15190,434,1,834.44
16863,31,3,834.27
16644,177,2,833.78
12903,428,1,833.53
12545,75,2,832.39
13175,582,2,831.45
15766,64,3,831.06
15759,218,7,830.93
16924,21,3,829.89
14087,2,3,829.47
14851,23,3,829.41
12953,9,2,828.81
15617,396,3,828.55
17003,402,4,828.21
13681,17,4,827.83
17332,528,5,827.77
17045,113,5,827.68
13810,28,2,827.51
16494,296,1,826.53
17880,364,3,824.92
12550,79,1,824.83
13513,126,3,824.59
15107,311,9,824.35
14260,471,3,824.28
16264,438,2,823.53
15137,520,2,823.4
14508,22,5,822.92
15847,38,5,822.57
16164,17,3,822.48
16680,43,3,821.45
16246,459,2,821.35
13893,297,1,821.1
15314,199,3,820.45
16135,262,2,819.45
17683,385,3,819.01
16048,373,4,818.79
13612,632,1,818.29
14890,253,3,817.25
16869,22,4,817.12
15180,367,3,816.93
16943,211,3,816.73
14872,483,3,816.6
13514,73,4,815.9
15399,1,3,815.77
14556,596,3,815.69
14624,57,6,814.07
17869,107,7,813.64
16621,51,4,813.48
16460,28,3,811.23
15483,161,10,810.68
16624,80,2,810.57
13045,99,3,808.92
15533,19,3,807.57
17495,7,3,806.72
18248,122,2,804.02
16469,23,5,803.9
15644,166,4,803.54
13637,52,3,803.05
18265,72,2,801.51
16127,39,2,801.31
17114,5,8,801.12
17023,417,3,800.18
13720,116,4,799.9
12787,9,4,799.18
13041,450,4,799.13
17251,362,3,798.98
16438,5,5,798.35
13389,11,3,797.96
15309,610,4,797.96
17281,374,6,797.85
15637,52,5,797.59
16155,381,5,796.9
15304,60,9,796.4
15396,112,2,796.38
16952,109,5,795.83
18084,16,3,795.23
13336,77,1,795.12
15831,58,3,794.64
16961,116,3,794.56
12713,0,1,794.55
17212,253,3,794.41
13296,137,6,792.51
14022,225,2,792.15
12680,0,4,790.81
13484,241,3,790.72
13544,39,6,790.2
14656,169,5,790.0
13016,73,3,789.89
16759,7,3,789.79
16472,434,2,789.6
15448,312,2,788.81
17952,378,4,788.46
14557,85,1,788.38
17817,4,6,788.15
14513,100,6,788.01
13323,3,5,787.85
16468,74,3,787.52
12505,408,1,787.2
13212,19,3,786.83
12781,63,2,786.74
14463,98,4,786.57
16739,176,2,786.43
13770,422,4,785.37
13541,427,2,785.25
15646,157,5,784.81
15806,46,3,784.58
13595,516,3,784.48
13415,472,4,784.17
15714,11,5,783.96
16836,39,4,782.37
15952,33,4,781.91
17255,40,4,781.7
13453,165,3,781.69
13287,603,3,781.59
15679,24,4,781.28
15239,10,2,780.59
13502,16,5,780.5
15246,238,3,780.4
18228,56,2,779.9
13781,250,3,778.83
14815,36,2,778.5
16958,435,1,778.49
14690,44,4,777.68
16505,31,1,777.6
13563,84,2,777.53
13745,162,2,777.36
15837,64,2,777.01
15794,736,2,777.0
15618,32,4,776.85
17194,360,2,776.66
14997,46,4,776.6
15092,215,3,776.46
15743,16,4,775.96
13314,1,3,775.94
13341,260,1,775.85
17482,487,2,775.64
15414,9,3,774.9
14976,57,6,774.86
15773,5,2,774.52
18058,9,3,774.06
12410,308,3,773.71
18112,12,4,773.36
16565,364,4,773.05
15075,77,1,773.03
17349,179,5,772.41
17801,451,3,770.03
14838,423,2,769.92
12965,89,1,769.81
16480,75,1,769.29
12923,64,3,769.17
16978,77,3,768.88
13980,60,5,768.82
13356,80,1,768.24
15331,499,3,767.91
13712,246,2,766.42
15921,172,4,765.61
12991,23,3,764.82
14413,362,4,764.52
13699,155,2,764.15
16602,36,2,763.33
17466,10,2,763.28
15428,15,4,762.75
13598,47,5,761.96
14883,18,6,761.59
17425,19,2,759.17
18246,23,3,758.82
15908,490,2,758.62
15568,2,3,758.29
12697,28,3,757.59
13034,54,3,756.82
14176,297,5,756.46
16411,19,4,756.39
16392,269,3,755.45
16262,378,1,755.15
13370,371,1,754.87
16892,1,7,754.75
18104,37,1,754.64
14234,22,4,754.12
14247,278,5,753.56
18034,21,3,753.35
17579,4,4,753.28
14998,170,4,753.18
15006,51,2,752.83
13730,135,2,752.6
12772,59,1,752.47
13030,11,2,752.44
13070,192,4,751.7
14923,50,1,749.1
16972,382,2,749.0
12808,36,5,748.7
14048,305,3,748.69
15656,45,4,748.5
13108,372,2,748.46
17387,19,2,746.81
14942,401,4,746.56
17889,212,7,746.42
17760,21,6,746.39
14050,31,2,746.36
16465,420,2,746.24
18190,192,5,745.62
12793,334,3,745.53
14228,437,3,745.5
13950,11,4,745.06
13236,24,2,744.85
12871,84,3,744.02
13354,71,1,743.53
17038,30,2,743.17
16730,52,3,743.11
15420,434,6,743.0
14302,430,3,742.9
18275,578,2,741.85
13721,36,2,741.54
13713,408,3,740.76
14104,154,5,740.53
15720,24,2,739.22
12440,462,2,739.2
15070,372,3,737.05
15462,94,4,737.05
16075,502,2,736.93
15988,19,3,736.39
16806,103,4,736.21
17461,22,3,735.82
15045,151,2,735.66
13286,600,1,734.91
15938,112,9,734.81
17616,173,4,734.4
12628,4,3,732.46
13575,23,5,732.07
13780,7,3,732.07
12696,434,2,731.91
17548,233,4,731.26
17681,597,5,731.2
14778,127,2,730.86
13921,402,4,730.7
13452,259,3,729.8
12925,4,3,729.33
15872,14,4,729.25
17979,35,4,729.01
18163,584,1,728.84
17756,375,3,728.75
17547,375,2,727.85
17141,418,4,727.58
17374,218,3,727.11
16447,135,3,727.1
18078,217,4,725.53
13569,17,4,725.04
18187,631,1,724.89
13729,435,3,724.73
14798,52,8,724.31
15368,21,2,722.74
13264,442,1,722.56
17615,130,6,721.8
13441,91,2,720.9
16023,46,3,719.81
12588,39,3,718.78
13537,425,2,717.85
13604,658,1,717.62
16269,437,1,717.57
12527,81,5,717.51
12573,227,5,717.41
17860,368,4,717.39
16526,171,2,717.21
15274,4,2,716.57
12535,91,2,716.35
12792,256,2,715.01
15330,32,2,714.96
12632,520,2,714.88
13512,260,4,713.39
14026,470,2,713.11
12761,464,1,712.95
13147,10,4,712.8
17761,32,1,712.78
14470,11,3,712.04
15127,65,2,711.5
13103,39,3,709.64
13057,530,3,709.59
13927,74,2,708.26
12485,529,1,708.1
14398,401,2,707.79
16449,197,2,707.69
12453,134,1,707.09
12723,3,5,707.07
13626,252,2,707.04
16309,106,2,706.57
17051,194,4,706.49
12890,24,2,706.02
16364,11,2,705.79
16882,66,3,705.12
16015,3,3,704.26
12883,24,4,703.47
15103,31,2,703.36
12730,521,1,703.25
17561,19,4,703.02
14699,214,4,702.6
16997,288,3,702.0
17825,598,4,701.96
14324,409,2,701.61
14179,40,2,701.57
14356,79,2,701.23
13833,159,2,700.41
12427,21,3,699.8
17163,21,4,699.78
13242,112,7,699.4
16018,39,4,698.13
14497,309,2,697.06
16415,44,3,696.76
15700,172,2,696.68
14959,64,4,695.42
13101,234,4,695.4
15995,414,1,694.54
15053,4,3,693.95
14111,14,4,692.85
17198,23,3,692.22
17733,38,2,692.19
14880,77,3,690.59
16545,164,2,689.82
17834,414,2,689.67
12735,315,2,689.57
17502,9,4,689.1
15361,361,4,689.07
12504,18,4,689.05
12450,156,5,688.2
18017,81,4,688.0
14809,621,2,686.76
13898,325,2,686.4
16824,15,3,686.24
15257,283,2,685.9
15219,176,2,685.45
15184,29,4,685.39
13585,530,3,684.54
15669,40,4,684.34
15207,416,3,683.92
17874,185,6,683.46
16885,15,4,683.35
17935,138,7,683.24
14222,177,1,683.17
15582,24,3,682.91
13987,379,2,682.54
12465,17,2,682.19
12638,33,2,681.49
18271,609,2,680.85
18082,25,1,680.84
16658,368,5,680.83
13524,40,5,680.18
13809,305,3,679.7
13430,18,2,679.45
14151,673,2,679.45
17782,382,2,679.02
16646,449,1,678.8
14182,443,4,678.77
13255,9,3,678.76
13925,92,4,678.25
15363,372,2,678.11
13974,49,2,677.72
13040,8,2,676.99
16601,40,3,675.83
17462,60,2,675.69
18156,12,2,675.64
12942,131,3,675.6
13325,81,1,675.3
13355,122,1,674.7
13951,176,3,674.45
14504,47,4,673.26
16648,42,3,672.8
16226,203,5,672.17
17011,30,3,671.7
15562,351,3,671.43
14142,373,2,671.34
17709,169,5,671.01
13398,192,2,670.34
17418,42,3,670.06
12786,609,1,668.5
13741,71,3,668.43
12612,74,1,668.04
15901,16,6,667.89
18123,24,3,666.64
13217,122,4,666.48
17962,142,4,665.91
17105,159,2,665.78
15973,366,2,665.62
16132,544,2,664.2
16704,618,2,664.16
13596,5,2,664.11
15643,191,3,664.0
14720,5,3,663.81
16573,84,2,663.61
16679,366,3,663.31
12837,173,2,662.66
13864,386,1,662.4
16862,547,4,662.33
14425,434,3,661.39
13028,22,2,661.32
17375,199,4,660.55
14603,274,1,660.0
15405,189,2,659.84
15492,28,2,659.46
13759,33,2,659.41
13622,696,1,658.95
14452,10,4,658.95
14150,35,2,658.64
13433,501,4,658.32
16887,35,3,658.17
15715,555,5,658.02
16696,135,4,657.9
17852,11,5,657.81
17459,43,2,657.3
12791,373,5,656.83
16157,15,3,656.69
16708,45,1,656.63
14558,654,3,655.5
16117,189,3,654.4
17398,114,3,653.38
13496,10,2,653.33
18121,149,2,653.3
15205,85,2,653.24
13820,418,3,652.75
17523,11,4,652.74
17572,71,10,652.21
13840,416,1,651.4
17371,17,6,651.37
16056,45,1,650.75
16969,39,3,650.41
17779,21,3,650.32
14034,22,3,648.89
12844,29,4,648.6
16495,3,3,648.26
17777,24,3,647.56
16734,52,3,646.76
13474,236,3,646.59
15945,365,4,646.27
15012,53,3,646.26
14024,121,3,645.74
17380,434,3,645.0
16185,16,3,644.72
17312,138,3,644.3
17963,471,4,643.16
13237,387,1,643.0
15297,10,3,641.94
14537,57,2,641.4
13318,1,3,640.76
12538,29,2,640.45
12880,381,2,640.13
15183,547,3,639.93
15648,204,2,639.5
17998,380,3,639.24
16428,413,3,638.49
17691,358,4,637.55
14664,19,2,636.24
15829,99,2,636.14
16534,642,1,635.9
17334,302,3,635.15
14365,394,2,634.68
14219,4,3,633.83
15666,472,2,632.94
13540,467,3,632.39
18183,227,2,632.07
12658,18,1,632.05
13822,5,2,632.0
17985,22,1,631.35
13706,302,2,631.17
16193,236,2,630.43
13525,14,2,628.78
14283,463,4,628.44
16399,19,3,628.42
16158,522,9,628.32
13480,416,2,627.82
13518,85,1,627.16
12461,154,1,626.88
14036,284,1,626.65
12519,63,2,626.54
13914,11,2,626.45
14381,52,2,625.94
14793,21,2,625.9
16715,78,2,625.52
14563,509,2,625.42
16330,17,7,625.38
17134,106,3,625.3
16750,44,5,623.93
15147,240,1,623.5
16792,282,5,623.46
16431,213,3,623.28
15258,168,2,623.16
16781,372,2,623.0
14115,501,2,622.67
17430,32,4,622.57
17005,470,2,622.36
18101,11,5,622.01
16368,2,3,621.44
15016,172,5,620.89
13836,399,2,620.37
14339,242,2,620.27
15276,66,4,619.8
13444,374,2,619.08
13020,562,2,618.96
14079,124,2,618.73
16613,70,1,618.59
14455,432,4,617.72
16268,71,2,617.65
15956,551,2,617.6
14377,191,2,617.05
16311,17,2,616.26
17639,276,6,615.17
15275,37,1,615.14
14077,40,6,615.08
16847,43,2,614.89
16566,15,5,614.66
16844,562,2,614.34
16343,16,3,614.12
17035,245,4,613.59
12603,21,1,613.2
14169,430,2,613.11
15362,448,2,613.08
12537,408,1,612.94
12855,372,4,612.84
16116,211,1,612.78
16178,138,2,612.6
16589,71,4,612.36
13008,323,3,612.13
15232,113,2,612.06
16922,572,1,611.08
13731,219,2,610.59
13832,19,2,609.89
14636,36,2,609.85
15748,40,3,609.81
17325,280,3,609.57
17707,185,8,609.3
16675,441,2,608.86
13933,109,2,608.79
12492,63,3,607.21
15717,234,5,607.0
17473,408,2,607.0
17119,3,2,606.91
15158,45,2,606.02
16590,400,2,605.9
17507,261,2,605.58
14323,114,2,605.06
16321,72,7,604.55
12944,35,2,604.51
14611,443,2,604.33
12734,352,3,603.65
13106,133,2,603.46
12707,291,1,603.42
18264,498,1,603.25
16022,260,1,602.63
16080,81,4,602.56
17270,469,2,601.45
14254,432,1,601.03
12420,63,1,600.39
17745,477,2,600.34
13301,103,4,600.19
18211,25,5,600.07
17678,263,2,599.76
12556,50,2,599.56
13311,4,2,598.57
15424,254,3,597.78
14569,1,4,597.33
15631,642,1,596.67
16780,100,3,596.4
15346,332,3,596.12
14965,96,2,596.09
17845,555,4,596.09
17209,649,3,595.7
17658,25,2,595.42
13684,285,4,594.88
14771,621,2,594.62
13558,5,4,594.52
15442,248,1,594.0
15929,644,1,594.0
14746,406,4,593.5
16412,53,5,593.19
18232,81,4,592.97
16776,60,2,592.51
13472,463,2,592.24
17815,393,1,591.96
17156,491,1,591.87
17483,65,4,591.73
15524,24,2,591.4
17098,381,3,591.07
17968,373,4,590.44
13270,366,1,590.0
15160,357,4,589.27
15624,116,4,588.13
15191,463,3,588.05
17890,322,2,586.89
14729,373,3,586.24
14173,10,6,586.0
14023,7,2,584.07
15762,65,2,583.75
17014,8,3,583.43
16001,381,1,583.39
14670,280,3,583.33
16445,33,4,583.16
15918,190,3,582.88
16100,462,1,582.64
16802,679,2,582.61
17099,533,1,582.17
17392,306,3,579.92
14742,435,1,579.85
15588,677,1,579.6
14529,60,3,578.61
18262,140,3,577.54
15830,37,1,576.0
17557,14,4,575.46
17773,514,2,575.37
12859,458,1,575.1
13262,263,3,573.45
12601,189,6,573.26
12879,44,3,573.22
17274,35,2,573.22
12719,5,2,572.95
13424,449,1,572.77
13379,26,3,572.56
13179,618,1,572.31
14053,124,4,572.3
15198,92,5,571.35
15691,252,4,571.3
18053,70,3,571.07
12817,281,3,570.98
15821,44,2,570.96
13190,544,3,570.66
15315,64,2,570.5
17122,119,4,570.5
15857,18,2,570.48
14170,375,3,570.18
17433,88,2,569.96
15169,382,2,569.22
12624,106,2,569.13
13406,427,2,568.92
12575,457,2,568.82
18244,430,2,568.64
13321,72,2,567.36
16667,68,2,567.18
14208,94,2,567.05
15627,457,2,566.9
16720,26,3,566.74
13998,446,3,566.7
18150,32,3,566.58
14932,365,2,566.13
12699,417,1,566.11
16250,261,3,565.24
15920,154,8,565.19
13894,23,3,564.62
15344,0,3,563.94
15143,225,2,563.63
15597,35,2,563.37
14986,376,2,563.1
17665,493,1,563.1
17195,655,1,562.98
17970,211,1,562.79
17233,35,3,560.86
15655,243,1,560.67
17413,404,2,560.14
14273,51,4,559.97
15415,313,1,559.61
17503,2,2,558.96
12513,112,1,558.29
14592,35,3,557.94
13260,61,1,557.62
18127,19,4,556.13
13024,470,2,555.87
15102,530,2,554.67
15634,17,2,554.65
18056,288,2,554.6
16641,105,2,554.5
15650,521,2,553.88
17407,411,1,552.9
17016,576,1,552.4
12363,109,2,552.0
13677,404,2,551.24
16414,21,5,551.21
17674,74,2,551.04
17291,308,1,550.8
17265,138,2,550.01
16111,428,1,549.33
15055,474,3,549.12
15200,494,1,549.05
15842,393,2,548.8
13948,360,4,548.76
16936,25,2,548.29
18039,374,4,548.22
16536,110,1,548.12
15598,53,2,548.02
16031,92,2,547.9
15350,373,2,547.6
16811,4,2,547.07
17637,31,2,547.06
17295,28,3,547.0
12790,192,2,546.85
17520,53,1,546.81
15080,427,2,546.25
17806,11,1,546.04
12478,3,1,545.99
12521,142,1,545.68
15728,379,2,544.6
18207,499,1,544.47
16475,88,4,544.3
13390,74,1,544.08
13955,154,3,544.07
14716,43,3,543.28
16927,115,3,543.05
15959,682,3,542.89
13785,428,4,542.49
15675,81,4,542.04
16230,189,2,542.03
16060,400,3,541.95
16647,169,4,541.9
17447,40,2,541.53
16576,420,2,540.87
12819,458,1,540.52
12743,134,2,540.13
17524,361,3,539.14
15539,7,1,538.46
13961,392,1,538.4
17580,252,5,538.07
14539,15,2,537.48
16804,23,3,536.99
18140,473,1,536.41
13207,15,4,535.86
15890,394,5,535.65
16142,249,1,535.34
12810,534,2,534.99
13385,329,1,534.57
17443,219,1,534.24
17436,1,5,534.06
16785,409,1,533.78
16707,400,4,533.41
13594,52,2,533.32
15433,213,2,533.3
15825,172,1,532.94
15659,43,3,532.49
12414,217,4,532.41
15115,18,2,531.85
14940,417,2,531.49
16706,37,3,531.35
16935,381,3,530.86
15917,247,5,530.17
18159,301,1,530.15
12654,10,5,529.98
14002,134,2,529.73
17458,15,2,529.58
18191,261,2,529.4
18043,24,3,529.29
17999,37,3,528.46
16406,18,3,528.36
15756,61,4,528.01
18098,396,1,527.94
14616,242,5,527.78
16421,376,3,526.27
12559,310,2,525.71
15919,19,2,525.69
15467,9,3,524.88
14417,387,1,524.65
15683,117,2,524.54
17765,158,4,524.0
13277,15,7,523.3
17223,310,3,523.04
17712,44,1,522.91
13605,387,2,522.67
16413,56,2,522.03
17514,128,2,522.0
12956,306,4,521.89
15689,119,3,521.03
13977,411,1,519.81
13811,183,2,519.75
12571,39,2,519.61
12777,457,1,519.45
12825,521,2,518.63
13600,312,2,518.42
12979,729,1,517.7
18205,36,2,517.36
14311,242,2,516.45
13043,273,1,516.42
14429,403,1,516.28
13859,326,2,515.86
18243,414,1,515.78
14949,469,4,515.0
17510,24,2,514.56
18212,326,2,514.37
12897,204,4,514.25
12977,156,4,513.88
16829,156,2,513.32
14570,280,3,512.4
13177,64,2,512.2
16561,5,2,511.12
13710,31,3,509.52
15891,226,1,509.13
14008,432,1,509.04
12907,395,2,508.91
15417,85,1,508.8
17391,163,2,508.8
14317,64,1,508.58
13067,82,3,508.51
14552,151,3,507.93
17415,79,1,507.84
14158,40,1,507.66
17384,19,3,507.55
13885,189,2,506.8
13123,472,2,506.75
14647,201,2,506.04
12988,292,1,505.82
12390,79,1,504.84
14807,390,2,504.14
17630,169,2,503.6
15138,393,1,502.52
17266,2,5,501.72
13865,58,4,501.56
15881,312,5,501.39
17276,402,1,501.24
13116,138,1,501.14
13247,17,4,501.12
17248,120,2,500.54
18049,437,2,500.5
16616,15,2,500.42
12800,470,2,500.25
12366,633,1,500.24
17110,165,3,499.9
13816,23,2,499.67
13553,674,1,499.6
15193,60,1,499.32
17256,107,5,498.93
16488,33,3,498.8
14171,98,2,498.79
13493,275,2,498.63
17053,130,1,498.48
16820,95,1,497.61
14968,30,2,497.49
17680,23,3,497.45
17335,383,2,497.04
17923,282,3,497.0
12943,558,2,496.5
15300,64,1,496.44
15018,38,3,496.21
15278,561,4,496.16
12904,18,2,496.06
16977,395,4,496.0
17995,281,3,495.48
14319,424,1,494.85
16352,17,2,494.44
17333,85,1,494.25
12763,138,2,494.08
15447,330,5,492.88
14270,331,1,492.65
14310,432,1,492.1
13732,28,1,491.86
17269,385,1,491.81
14663,430,2,490.6
15000,47,1,490.52
15877,1,2,490.33
14416,22,2,490.22
12983,598,1,490.08
17476,395,2,489.86
17715,200,2,489.6
14722,147,3,489.52
18280,277,2,488.15
17608,33,4,488.06
15165,373,1,487.75
13412,620,1,487.35
13733,410,2,487.03
16021,395,2,487.03
13675,151,2,486.82
17453,17,2,486.72
12920,17,4,486.64
13153,5,1,486.22
15216,87,2,486.09
17988,11,13,485.69
13812,42,3,485.0
16999,23,2,484.82
18203,157,4,482.52
16603,74,2,482.47
12542,484,2,481.88
18216,31,1,481.75
17106,389,1,481.58
13176,46,1,481.49
15174,322,2,481.46
16024,12,3,478.71
13428,10,3,478.54
15589,255,3,478.53
18176,358,1,476.35
15277,46,2,476.34
15507,171,1,475.86
15780,183,3,475.28
14322,429,4,474.1
17104,423,1,474.03
12479,11,1,473.2
16635,406,1,473.0
13194,135,2,472.78
14975,57,2,472.39
13642,215,4,472.2
13161,313,2,472.13
16038,7,3,471.78
15721,11,1,471.4
14237,373,2,471.14
16473,164,4,470.83
13066,24,2,470.8
15963,19,2,470.76
17996,379,3,469.73
17254,4,3,469.48
14058,462,2,469.19
14369,642,2,469.13
15557,28,1,468.91
15387,492,1,468.65
13171,21,3,468.41
12797,365,2,468.08
17294,669,2,467.79
17187,226,2,467.71
14029,63,2,467.66
16390,536,3,467.5
12958,400,2,467.34
14052,19,2,466.66
14148,233,2,466.29
16504,25,1,465.88
13248,124,2,465.68
13928,10,4,464.57
15349,158,2,463.91
18083,397,1,463.53
17040,137,2,463.25
17964,31,2,463.21
14627,379,1,462.75
14331,124,2,462.66
14954,12,2,462.12
15958,74,4,462.12
13624,388,1,462.08
14727,274,3,461.03
15540,11,2,460.68
13367,431,1,460.2
12667,58,1,460.13
16310,414,2,460.08
17111,47,2,459.58
16596,15,4,458.98
14118,428,1,458.45
13957,417,3,458.25
14599,390,2,457.89
14011,480,2,457.82
15121,50,2,457.72
16069,417,1,457.7
17344,46,2,457.36
14819,64,4,456.41
14296,421,2,456.4
16039,423,2,456.4
12999,196,3,455.88
15585,176,1,455.3
14335,16,2,454.86
16765,294,2,454.75
17067,724,3,454.54
17140,247,1,454.12
15475,77,1,454.11
17564,24,3,454.01
17376,70,4,453.64
18158,9,2,453.4
16481,682,1,453.38
14184,66,1,452.89
16799,432,2,452.78
12816,95,2,452.2
13698,596,2,451.73
18100,550,1,451.56
18031,378,1,451.3
15961,379,1,451.29
12361,287,4,451.25
12831,262,3,451.11
15124,22,4,450.82
12596,51,2,450.27
16870,469,1,450.16
13150,484,3,449.97
14784,26,3,449.93
13877,86,3,449.68
13489,105,4,449.52
15126,536,2,449.49
15418,425,2,449.42
17823,421,2,449.25
15739,66,1,449.12
14761,58,3,447.92
14780,54,2,447.68
18201,722,1,447.53
13754,151,3,447.05
16095,456,1,447.05
14149,220,1,446.62
17370,72,4,446.18
14010,565,2,445.15
18134,598,2,445.0
18270,38,3,444.55
14638,50,1,443.6
16424,191,2,443.06
16404,70,1,443.05
18222,92,1,443.0
14996,481,2,442.29
17699,476,2,442.0
18233,325,1,440.0
13954,1,2,439.92
17643,373,2,439.7
16025,29,1,439.66
16968,4,2,439.43
13086,382,1,439.33
17718,232,2,439.18
13964,387,2,438.9
17729,596,1,438.65
15859,432,1,438.46
17807,395,3,437.87
17070,114,2,437.42
14846,427,1,437.4
16519,25,4,436.96
13432,571,2,436.55
14123,733,1,436.18
16084,299,1,436.18
16166,428,2,435.83
13738,396,1,434.78
15323,562,3,434.6
14910,2,4,434.35
14238,326,3,434.23
16888,400,3,434.2
14093,12,1,433.86
16939,488,3,433.85
18029,642,1,433.77
15613,610,1,433.72
16522,435,2,433.36
17178,731,1,432.96
17687,420,1,432.68
16604,562,2,432.45
16236,78,1,432.2
16881,66,1,432.0
14042,725,1,431.98
15488,92,5,431.92
12447,243,1,431.49
17842,602,1,430.69
12827,5,3,430.15
15450,30,1,429.84
15461,460,2,429.7
14979,735,1,429.66
15230,239,2,429.6
15036,72,3,429.56
13413,639,6,429.44
12436,99,1,429.01
15553,60,1,428.93
18089,446,1,428.45
15360,39,1,427.93
12740,63,1,427.6
17740,389,6,426.9
18152,646,1,426.69
15930,67,1,426.63
14288,213,1,426.6
15966,450,1,426.53
15217,563,1,426.24
14877,418,2,425.85
13703,318,2,425.56
12384,28,2,425.27
12491,38,1,424.4
17103,722,1,424.3
16541,735,1,424.03
16913,290,3,423.91
17330,22,4,423.8
15888,80,3,423.49
14097,481,2,422.86
16137,680,1,422.7
16689,75,2,422.6
18240,46,1,422.58
16149,4,3,422.22
13807,367,3,422.2
16773,57,3,421.24
14757,75,1,420.5
15206,10,4,420.3
15711,556,2,420.25
14575,488,1,420.22
13672,301,3,419.92
13442,667,3,419.87
13096,394,1,419.7
14124,84,1,419.58
13079,4,6,419.18
15262,323,3,418.82
13073,411,2,418.08
17701,252,1,417.95
17232,2,2,417.77
16832,184,5,417.61
14762,263,2,417.57
12833,145,1,417.38
17258,396,2,417.3
16816,103,4,417.06
12729,113,1,417.01
16957,239,2,416.64
15011,395,2,416.6
16355,375,1,416.35
16356,197,6,415.87
12930,78,2,415.8
12608,404,1,415.79
15725,15,1,415.25
14333,67,1,415.2
13565,19,3,414.8
18278,73,2,414.2
13002,318,3,414.13
13669,50,3,413.55
14082,364,2,413.36
17767,15,2,413.05
17662,661,2,412.92
14620,205,2,412.78
17601,239,2,412.66
16932,53,3,412.55
18050,359,2,412.06
16272,116,1,411.7
18284,431,1,411.68
15960,374,4,410.95
18011,373,2,410.79
15099,84,1,410.48
17598,381,1,409.98
13827,57,3,409.8
14581,16,2,409.65
14348,260,1,409.57
15225,234,1,409.4
16864,434,2,409.25
16921,61,3,409.21
16243,33,2,409.1
13686,182,3,409.04
12974,197,2,408.95
16629,73,2,408.63
16324,128,3,408.59
12672,329,2,407.05
12353,204,2,406.76
16632,485,2,406.4
17000,396,2,406.3
15342,129,1,406.09
16815,453,2,406.02
18111,589,1,405.85
12922,161,1,405.38
13143,584,1,405.1
13640,611,1,405.0
15941,637,1,405.0
13574,411,1,404.45
16319,217,1,404.4
16484,173,2,404.3
14678,579,1,403.39
17785,53,3,403.38
17431,313,1,403.3
13530,634,1,402.98
12564,261,1,402.9
16315,330,2,402.71
17094,322,2,402.2
16998,149,5,402.0
12386,337,2,401.9
15968,388,1,401.8
14494,25,3,401.46
14471,591,2,400.95
17285,628,2,400.44
17168,498,1,400.2
14358,389,2,400.06
15501,404,2,399.95
18164,37,1,399.65
13252,394,2,399.3
18128,537,1,399.29
17052,28,1,399.09
17830,1,3,398.7
12459,605,1,398.36
15522,32,2,397.99
12508,26,2,397.88
15037,376,2,397.76
15280,172,3,397.52
15429,26,2,397.35
17789,281,2,397.15
12824,59,1,397.12
17486,261,1,396.87
15446,376,3,396.75
13597,400,2,396.71
15883,2,2,396.48
18067,40,1,396.33
15577,151,5,396.03
13879,645,1,395.5
13083,4,3,395.43
16538,541,3,395.07
18048,203,3,394.93
16207,25,1,394.38
15386,186,1,394.14
17300,390,2,393.64
15345,45,1,393.54
15437,262,2,393.45
17563,578,2,392.38
18110,19,2,392.28
16783,436,1,391.95
15504,81,4,391.45
12419,385,2,391.01
14072,666,1,390.85
14197,410,1,390.05
17116,648,1,389.78
18024,152,2,389.78
17379,11,1,389.72
14752,43,1,389.64
17479,632,1,389.26
17286,21,3,389.18
13358,268,1,389.03
18227,217,2,388.75
15592,46,1,388.58
13896,625,1,388.55
13899,16,2,388.52
17918,500,3,388.44
13673,18,2,387.44
16827,393,5,387.18
17771,56,4,386.93
17595,12,2,386.69
16148,296,2,386.62
12579,78,1,386.42
17614,57,1,386.32
14779,280,3,386.15
13584,306,3,385.7
16492,540,1,385.56
12973,413,1,385.55
12889,381,4,385.46
12829,336,3,385.3
14826,581,2,385.2
17617,558,1,385.19
17711,10,2,385.1
12788,463,4,384.9
17171,289,2,384.59
16868,394,3,384.56
16433,28,2,384.52
12554,448,1,384.5
17357,24,2,384.39
13966,435,1,384.26
16982,60,1,384.06
14598,44,2,384.04
15155,383,1,383.97
13792,66,3,383.95
17804,376,3,383.78
15440,54,3,383.68
12376,389,2,383.15
12832,32,2,383.03
17403,36,2,382.87
14767,474,1,382.81
16988,5,2,382.67
13657,10,2,382.14
12593,108,3,382.1
17753,464,4,382.06
17250,3,2,381.97
14908,74,2,381.9
16304,694,1,381.66
15090,308,1,381.32
17393,410,2,381.15
17903,394,1,381.09
15048,65,4,381.0
17573,29,3,380.6
17936,5,1,380.13
14731,47,3,380.02
16577,666,1,380.0
12493,165,2,379.74
16552,242,2,379.73
14200,617,1,379.2
16909,72,1,379.14
12445,22,2,378.98
16930,26,3,378.89
12651,334,4,377.75
12375,10,2,377.5
12941,724,1,377.49
17736,9,3,377.44
18285,660,1,377.0
17783,72,3,376.96
17717,421,1,376.92
16544,519,4,376.7
17489,58,2,376.64
14353,215,3,376.5
13997,519,3,376.46
14531,479,1,376.34
17078,36,2,375.86
13688,635,1,375.5
14448,9,2,375.35
14294,407,1,375.34
14067,63,2,374.7
17568,633,1,374.45
14736,485,2,374.05
13283,59,4,373.36
15337,411,1,373.02
13197,609,1,373.01
14981,246,2,372.92
12895,42,2,372.8
13374,414,2,372.8
12981,29,2,372.22
13164,569,2,372.2
17245,204,2,371.63
18155,75,3,371.62
17912,310,6,371.6
15472,113,1,371.56
18162,732,1,371.51
14950,19,1,371.2
15975,84,1,371.01
15063,213,1,370.8
15765,666,1,370.63
14168,420,2,370.45
15458,25,2,370.44
17437,529,1,369.68
15922,373,1,369.5
16758,65,1,369.34
14888,207,1,369.2
14172,605,3,369.02
15477,649,1,368.4
17792,467,2,368.35
15989,375,2,368.31
14706,618,1,367.54
14018,645,1,367.15
14962,270,4,366.91
14244,660,1,366.42
12899,413,1,366.4
17911,9,1,366.23
16974,522,2,365.5
12448,44,1,365.45
12443,732,1,365.31
15029,619,1,365.1
13545,390,2,364.93
17536,177,3,364.83
14886,252,1,364.8
15949,16,2,364.72
15343,87,1,364.5
15915,401,1,364.24
14528,37,1,364.22
16509,296,1,363.7
14253,493,2,363.4
14594,7,2,363.33
16078,283,2,362.99
16378,247,3,362.95
13962,21,3,362.8
14840,267,2,362.71
14122,406,3,362.42
16052,54,1,362.06
13844,11,1,361.62
16305,138,1,361.22
16448,198,2,361.12
13274,409,1,360.85
18091,593,1,360.85
17772,10,3,360.75
17012,725,1,360.61
18208,565,1,360.08
12634,548,1,360.0
13298,1,1,360.0
15008,480,2,360.0
13181,381,1,359.69
17945,696,3,359.5
14926,381,2,359.4
14919,539,1,359.35
12677,555,2,359.1
15120,133,1,358.82
17948,147,1,358.56
16856,14,3,358.49
17748,527,1,358.15
13228,81,1,358.0
12499,560,1,357.72
16606,404,2,357.66
15595,487,1,357.6
16971,38,1,357.21
18040,19,2,357.2
18273,2,4,357.0
14500,88,3,356.85
17200,387,4,356.71
15840,58,2,355.56
12996,375,1,355.5
16920,411,1,355.45
15863,25,5,355.1
14268,470,1,354.85
15986,30,2,354.42
12888,214,2,354.12
12845,267,4,354.09
16323,196,2,353.66
18003,376,1,353.51
13210,93,1,353.48
14804,8,1,353.27
16382,408,2,353.1
16690,72,4,353.03
12617,29,1,352.98
13765,653,1,352.82
16857,442,1,352.8
16192,735,1,351.3
13923,53,1,351.13
12796,628,1,351.0
14252,381,1,350.99
13332,14,1,350.9
13281,439,1,350.85
16476,431,1,350.35
12498,21,3,349.7
13670,75,1,349.7
13887,204,1,349.55
18250,310,1,349.27
14545,674,1,349.25
17252,116,2,348.91
13790,4,1,348.8
17577,645,2,348.75
15282,570,1,348.59
12452,16,1,348.57
16263,423,1,348.16
13352,60,1,347.98
15334,156,3,347.87
17668,1,2,347.75
15085,729,1,347.54
13062,191,1,346.98
12411,409,1,346.9
17780,667,3,346.56
13234,672,2,346.5
16423,24,1,346.12
15781,25,3,345.46
13774,81,1,345.0
14633,266,1,344.9
18199,683,1,344.75
15519,383,2,344.61
17569,332,1,344.14
13068,10,2,344.0
16990,218,2,344.0
15047,269,1,343.62
15520,1,1,343.5
18081,36,3,343.45
13519,78,2,343.21
17810,668,2,343.21
17795,179,2,342.83
13550,383,1,342.55
16851,4,3,342.45
14989,661,1,342.4
17835,2,3,342.24
17660,141,2,342.22
14724,590,1,341.9
16826,51,1,341.7
16585,593,2,341.59
16259,410,3,340.94
14491,175,2,340.93
17542,269,3,340.85
16044,435,1,340.84
15818,588,1,340.5
12900,422,1,340.33
13737,200,1,339.6
13345,287,1,339.5
14203,397,1,339.34
17697,236,1,338.95
14630,484,1,338.65
17833,723,1,338.46
14799,51,2,338.15
17296,730,1,338.13
12869,681,1,337.67
15942,133,1,337.44
13930,57,2,337.34
17973,51,1,337.04
17488,641,1,336.5
15619,10,1,336.4
13482,232,2,336.09
14196,106,1,335.52
16063,260,1,335.32
17917,45,3,335.03
12690,205,1,335.01
17821,406,1,334.62
17607,376,1,333.81
13216,267,1,333.74
14241,183,2,333.7
16234,476,3,333.18
16006,211,2,332.82
14137,695,1,332.7
13904,37,2,332.64
16850,333,1,332.41
16803,65,1,332.3
16452,630,2,332.17
17647,65,3,331.66
15512,155,4,331.58
16274,373,1,331.55
17435,411,1,331.35
16030,309,1,331.24
13981,415,1,331.14
16478,25,3,331.0
15878,561,2,330.77
14517,33,2,330.45
13010,374,2,330.12
15130,169,1,330.11
12850,445,1,330.0
18186,722,1,329.58
17518,425,2,329.42
17914,3,1,329.36
17154,75,1,329.34
17776,386,2,329.3
15153,31,1,329.25
15979,602,1,329.22
15880,369,1,329.03
13817,29,2,328.98
16286,477,2,328.95
14012,277,1,328.8
13372,89,1,328.64
16855,23,2,328.4
13187,337,4,328.36
15213,318,2,328.35
14747,249,1,328.2
16318,35,1,328.15
15709,283,2,327.85
17196,427,1,327.75
15735,421,1,327.68
13498,730,1,327.38
16322,1,2,326.75
13646,399,2,326.25
18047,381,2,326.09
17439,655,1,325.74
12804,465,2,325.37
13661,603,1,325.24
15670,296,2,325.2
13801,66,1,324.8
15982,605,1,324.51
12946,436,1,324.45
16685,61,2,324.24
18261,43,2,324.24
13834,576,2,324.19
13351,66,1,323.94
17440,156,4,323.58
13025,731,1,323.39
16195,723,1,323.25
14263,423,1,322.93
16627,79,1,322.8
16342,75,4,322.41
12780,598,1,322.4
14424,17,1,322.08
15726,390,1,321.91
18090,421,1,321.9
13111,718,1,321.88
17976,372,1,321.79
17471,474,1,321.65
14070,684,1,321.6
15770,612,1,321.45
14823,180,3,321.43
17182,422,2,321.3
15869,277,3,321.11
15236,298,1,321.05
15432,23,2,320.76
12365,291,1,320.69
14622,184,1,320.58
13986,17,1,320.46
17309,95,3,320.39
16683,533,1,320.25
13942,534,1,320.0
13843,381,1,319.75
16436,668,3,319.14
16967,189,1,319.02
17229,96,2,318.76
12795,18,1,318.48
16273,648,2,318.34
15682,599,2,318.24
14703,14,1,318.17
17839,42,1,318.15
18253,642,1,317.88
12552,39,1,317.82
12760,455,1,317.8
17267,127,2,317.2
15616,438,1,317.11
17689,388,2,317.08
12544,36,1,316.7
16761,96,1,316.62
15204,357,1,316.58
12529,528,1,316.48
13494,311,1,316.26
17408,163,3,316.09
12614,277,1,315.6
15042,199,2,315.45
16091,154,2,315.06
17121,402,1,314.74
14991,430,1,314.67
18206,553,1,314.66
18117,25,1,314.4
18070,669,1,314.1
15873,499,4,313.92
12532,30,1,313.83
15196,432,2,313.7
13087,726,1,313.64
16582,113,1,313.62
17928,45,3,313.16
13845,64,1,312.98
15162,731,1,312.9
13905,732,1,312.65
17843,303,2,312.65
15318,3,1,312.62
13226,273,2,312.46
12834,282,1,312.38
17326,408,2,312.35
14094,439,1,311.77
14951,79,1,311.69
12852,294,1,311.55
13990,213,1,311.3
15724,201,3,310.85
13400,582,1,310.83
16328,563,1,310.83
13847,719,1,310.72
16439,722,1,310.7
15185,70,1,310.62
14848,404,1,310.56
15308,274,1,310.47
15188,725,1,310.43
13315,689,1,310.26
14749,479,1,310.15
13628,676,1,310.14
17181,57,3,309.85
15699,17,1,309.65
16373,382,2,309.49
12884,88,1,309.05
15010,35,1,308.94
16956,17,1,308.74
16194,375,1,308.6
14181,410,2,308.35
14927,396,1,308.2
15302,730,1,308.0
13289,723,1,307.95
15778,431,1,307.95
16123,51,1,307.78
13529,78,2,307.76
14777,403,1,307.56
13060,253,1,307.53
17120,233,1,307.46
13932,294,1,307.4
15374,128,2,307.32
14783,659,1,307.3
17721,659,1,307.21
13036,684,1,307.1
13142,19,1,307.09
15087,281,1,306.94
13660,400,1,306.64
16649,520,1,306.58
13718,246,2,306.55
18059,23,3,306.46
16524,446,2,306.19
17077,578,1,306.0
15135,239,2,305.68
16796,89,1,305.62
16181,73,1,305.54
13383,543,1,305.28
15893,481,1,305.28
15163,18,2,304.47
16217,235,2,304.25
18185,249,1,304.25
16674,54,2,304.24
17688,393,1,304.2
14990,612,2,304.17
17383,4,2,304.09
15454,362,2,303.89
16489,380,2,303.7
14791,606,1,303.63
13343,177,1,303.43
14806,75,2,303.43
18255,89,2,303.15
16425,302,1,302.7
14043,491,2,302.6
18165,177,1,302.46
17339,94,3,302.36
17506,75,1,302.2
15054,12,2,302.1
15242,422,1,302.04
16297,268,1,301.9
13773,396,2,301.54
15667,39,1,301.32
15148,10,1,301.29
13625,596,1,301.26
16437,381,2,301.25
12351,375,1,300.93
16479,10,2,300.83
16050,173,3,300.7
17556,205,2,300.67
17793,25,1,300.34
14797,507,1,300.31
17766,381,2,299.61
12547,197,3,299.58
12864,138,2,299.57
13346,462,6,299.4
17898,85,4,299.18
13667,149,1,299.05
12489,336,1,298.93
17991,225,3,298.65
15609,184,1,298.48
17824,51,1,298.4
12881,275,1,298.0
18018,108,4,297.99
16583,373,2,297.95
12566,86,1,297.65
14835,528,2,297.0
12460,456,1,296.65
17627,478,1,296.36
13751,288,1,296.25
12898,463,2,296.21
13504,64,1,295.93
14269,439,1,295.73
14614,386,1,295.13
16252,382,1,295.09
16579,425,1,295.05
12350,310,1,294.4
17301,21,2,294.39
17124,185,1,294.24
17927,721,1,294.0
15718,540,1,293.79
14192,388,1,293.74
15928,656,1,293.53
17710,423,1,293.5
16402,264,2,293.45
17441,732,1,293.35
15060,8,4,293.0
16721,262,1,292.47
16543,591,1,292.21
13739,18,2,292.2
14985,198,2,292.01
13449,23,1,291.88
17207,652,1,291.77
17907,640,1,291.76
17882,379,2,291.56
16615,626,1,291.5
13347,70,1,291.36
18182,463,1,291.13
17551,359,1,290.34
15391,584,1,289.87
16897,299,2,289.78
13796,499,1,289.7
15962,449,1,289.48
14162,173,2,289.36
15041,170,2,288.98
15545,54,2,288.97
17057,596,1,288.79
17501,220,2,288.6
16808,99,2,288.42
16432,64,1,287.4
17497,390,2,287.25
13508,243,2,287.05
12698,590,1,285.75
14660,86,2,285.74
14402,652,1,285.6
17636,19,1,285.56
12487,730,1,285.3
16429,106,1,284.55
15445,264,2,284.5
17359,11,2,284.46
13616,568,2,283.85
13121,269,1,283.73
15662,661,2,283.73
13708,271,1,283.33
13909,423,2,282.85
15936,379,2,282.79
13511,676,1,282.76
16557,24,2,281.85
13326,432,1,281.76
13679,493,3,281.26
18042,53,2,281.15
12595,504,1,281.02
15772,418,1,280.88
12851,96,2,280.76
13080,179,4,280.73
14433,465,1,280.7
14242,234,2,280.55
13581,309,2,280.53
17247,15,1,280.09
15556,24,1,279.77
12515,353,1,278.7
14183,411,2,278.34
14764,46,1,278.3
14303,407,2,277.94
15338,677,1,277.93
16890,476,3,277.91
12495,640,1,277.4
15355,29,2,277.05
13606,29,3,276.75
13272,31,2,276.56
12750,128,1,275.88
13399,464,3,275.4
16313,3,2,274.15
17072,625,1,273.35
13307,120,3,273.34
17355,386,1,273.31
13861,429,2,273.26
17498,75,1,272.22
13917,49,2,272.04
14816,197,1,271.85
17292,472,2,271.75
14436,98,2,271.7
13058,24,3,271.4
15943,649,2,271.29
17278,241,2,271.24
18238,515,1,270.92
14520,1,2,270.6
16757,318,2,270.48
12558,7,1,269.96
18267,672,1,269.37
15964,663,1,269.21
13533,182,3,269.09
17264,424,1,268.28
12751,444,1,268.27
18254,581,1,267.9
14039,33,2,267.28
15408,264,1,267.18
15320,44,1,267.13
15517,233,1,267.03
15423,38,3,266.89
17786,85,2,266.85
14863,29,1,266.76
13837,211,2,266.59
14392,432,1,266.4
15119,245,1,266.4
12962,7,2,266.39
13973,287,1,264.7
16334,492,1,263.73
13128,631,1,263.5
16089,386,2,263.49
12892,396,1,263.38
12715,106,1,263.36
17808,548,4,262.64
13331,401,1,262.4
17910,726,1,261.7
14957,253,2,261.69
13189,18,2,260.68
17901,29,3,260.08
17022,31,2,260.0
16733,529,1,259.68
12665,324,3,259.6
13127,77,1,259.17
17558,393,1,259.17
17219,31,2,259.13
15536,409,1,259.09
14526,389,1,258.65
13683,457,1,258.6
16502,620,2,258.55
13369,365,1,258.28
13227,201,1,257.7
15014,43,2,257.67
15894,253,2,257.6
16542,53,2,257.32
15503,362,2,257.3
15852,186,3,257.26
14483,281,2,257.1
15404,375,1,257.06
14876,521,2,256.7
14274,686,1,256.6
13806,63,1,256.38
17896,23,1,256.32
17385,14,1,256.11
13825,621,2,255.59
14881,19,1,255.4
16911,635,2,255.25
12746,540,1,254.55
14765,29,3,254.11
17626,602,1,254.0
16845,618,1,253.88
13250,460,2,253.09
17992,389,1,252.88
15019,266,1,252.81
15035,89,1,252.73
13251,402,1,252.68
16908,722,1,252.59
15552,217,2,252.52
16074,390,1,252.5
13404,1,2,252.49
13645,120,1,252.1
17210,392,1,251.72
16453,530,2,251.71
16976,267,1,251.52
14501,183,2,251.21
14166,505,2,251.15
18266,434,1,251.1
16962,409,1,251.04
12807,383,1,250.35
15231,621,1,250.26
17303,361,1,250.04
15510,330,1,250.0
16893,366,2,249.47
13061,72,1,248.61
13592,35,4,247.96
16381,395,2,247.85
15293,665,1,247.5
18072,185,1,247.44
14658,5,2,247.15
14654,738,1,246.86
15697,689,1,246.75
13943,577,1,246.54
15378,462,2,246.5
15495,379,1,246.5
15783,10,1,246.3
18153,659,1,246.22
16778,74,2,245.94
14325,569,1,245.48
14281,408,1,245.15
15118,134,1,244.8
15884,432,2,244.6
16528,3,1,244.41
14694,617,1,244.31
13551,319,2,244.2
17892,56,3,244.1
17925,372,1,244.08
13676,539,2,243.9
16793,57,1,243.84
13886,71,1,243.56
12655,423,1,243.35
12650,3,1,242.44
16215,80,1,242.35
15543,288,2,242.26
17009,551,1,242.06
13445,626,1,241.9
13582,389,2,241.68
15776,133,1,241.62
14774,528,1,241.45
14523,108,1,241.09
16427,263,2,241.06
16508,630,1,240.95
13674,432,1,240.68
15286,49,1,240.55
15336,401,1,240.5
15931,428,1,239.9
15690,4,2,239.76
13570,243,1,239.49
13789,388,1,239.46
17684,43,1,239.41
17981,410,1,239.12
13275,383,2,238.86
12561,302,1,238.85
16280,725,1,238.05
18002,375,4,237.62
17877,170,1,237.61
14586,276,1,237.36
15457,262,1,237.07
12604,79,2,236.18
13088,417,1,236.11
16026,43,1,236.09
12741,533,1,236.07
17093,592,1,235.88
17872,381,1,235.87
16046,562,1,235.78
14982,572,1,234.88
12392,591,1,234.75
13114,730,1,234.38
14473,74,2,234.34
17060,266,1,234.24
13009,672,1,234.0
13348,64,1,233.76
14153,483,1,233.4
15294,410,1,233.35
13129,452,2,233.25
16302,126,1,233.22
17055,445,1,232.85
13678,151,1,232.6
18213,236,1,232.48
13608,540,1,232.05
14995,38,2,231.98
16408,591,1,231.93
17151,735,1,231.9
17136,662,1,231.68
18279,519,1,231.34
15487,679,1,231.32
18030,4,2,230.65
17125,50,1,230.5
13960,21,2,230.22
18197,575,1,230.1
14314,106,2,229.8
14017,571,1,229.75
12812,44,1,229.64
13403,17,3,229.5
17185,591,3,229.46
15528,254,1,229.33
17743,448,1,229.2
15273,599,1,228.96
17347,86,1,228.96
13146,26,1,228.91
17066,726,1,228.34
16760,430,1,228.0
15566,392,2,227.87
14363,402,2,227.47
17868,386,1,227.15
12660,11,1,227.1
16740,395,1,226.91
15451,434,2,226.86
18005,3,2,226.47
14718,410,1,226.42
12771,485,1,226.3
17993,617,1,225.99
14069,514,2,225.81
17915,551,1,225.78
16622,543,1,225.4
12789,65,3,225.35
16587,232,1,225.15
14357,43,1,225.12
16346,385,1,224.51
15175,71,1,224.14
12914,400,1,223.98
16753,58,1,223.92
14928,627,1,223.91
16562,476,1,223.86
13926,23,1,223.85
13619,544,2,223.44
17967,371,2,223.42
18131,631,1,222.96
12887,383,1,222.4
14596,626,1,222.22
15788,508,1,221.83
14445,455,1,221.65
17261,509,1,221.59
17087,737,1,221.53
14960,8,2,221.27
12563,408,1,221.24
13419,63,1,221.06
12821,214,2,220.8
16482,15,1,220.62
13033,357,2,220.55
18132,504,1,220.13
18114,290,1,220.1
13454,641,1,219.87
13992,30,3,219.5
14074,623,1,219.4
15096,42,1,219.39
12799,529,1,219.35
14458,380,1,219.27
15790,10,1,218.75
15086,564,2,218.53
12732,179,1,218.26
15591,582,3,217.9
16035,560,1,217.73
16666,19,2,217.71
15554,277,1,217.2
13423,428,1,217.03
15401,452,2,216.95
18021,509,2,216.41
12430,43,1,216.4
17902,546,1,216.4
15604,52,1,216.39
13858,57,1,216.17
16179,60,1,215.83
16189,15,2,215.48
14376,683,1,215.46
14635,453,1,215.22
18007,392,1,215.22
14106,737,1,214.8
16338,157,1,214.8
14361,578,1,214.71
17619,312,1,214.37
15460,354,1,214.26
14271,225,2,214.18
14601,10,1,213.96
18157,571,1,213.9
13621,116,1,213.85
17153,24,1,213.78
13411,107,1,213.55
16591,68,1,213.5
13724,637,1,213.01
12961,379,1,211.99
12470,689,1,211.95
15866,101,1,211.89
13651,39,2,211.85
14843,436,1,211.8
15703,264,1,211.5
13271,37,1,211.49
12995,85,1,211.32
15490,430,1,210.85
13691,396,1,210.78
14992,442,1,210.5
13532,33,1,210.31
17217,234,2,210.1
16874,379,1,209.89
17484,576,2,209.57
13828,22,1,209.49
13056,551,1,209.48
14003,732,1,209.41
15112,611,1,209.4
16487,577,2,209.4
17855,372,1,208.97
15327,52,1,208.75
15741,458,2,208.62
15897,194,2,208.59
16457,218,1,208.36
15212,241,2,208.28
12848,675,1,208.0
16964,733,2,207.85
16866,140,3,207.74
15052,319,1,207.73
16752,372,1,207.5
13099,99,1,207.36
17989,379,1,207.33
15925,194,1,207.15
15295,654,1,207.04
15820,319,1,206.98
17166,38,2,206.34
14964,247,1,206.21
15914,378,2,205.99
14278,409,1,205.83
16540,414,1,205.75
17670,227,1,205.7
16490,436,1,205.41
14602,656,1,205.36
15307,95,1,205.3
12400,414,1,205.25
15758,24,1,205.25
15319,283,1,204.5
17271,736,1,204.3
16901,729,1,204.26
14468,733,1,204.24
17206,53,1,204.24
13017,7,1,204.0
17394,219,1,203.87
17891,162,1,203.86
14519,683,2,203.14
17074,562,1,203.05
15459,417,2,202.83
15558,639,1,202.68
18169,60,1,202.65
12416,656,1,202.56
14892,690,1,202.35
12718,71,1,202.25
14385,9,3,202.11
13284,330,1,201.19
18281,180,2,201.14
12702,19,1,201.0
13556,429,2,200.82
14330,623,1,200.63
17693,137,1,200.47
13133,273,3,200.45
13944,653,1,200.43
14782,319,1,200.1
15593,70,1,199.8
13322,17,1,199.48
14521,491,1,199.45
18126,60,1,198.58
15020,379,1,198.47
17184,569,2,198.41
17778,661,1,197.7
14185,331,1,197.65
14789,28,1,197.64
17112,502,1,197.57
13349,10,1,197.32
12927,394,1,197.31
15001,394,2,197.11
15234,276,1,197.0
13436,1,1,196.89
15746,134,1,196.88
13978,14,2,196.79
16937,499,1,196.25
16112,143,4,195.74
13757,674,1,195.55
17010,18,1,195.36
15612,36,2,195.15
14405,386,1,195.0
17468,10,3,194.8
17065,637,2,194.7
17475,79,1,194.37
16299,477,1,193.65
14476,257,1,193.0
14768,17,2,192.6
15729,212,3,192.55
16965,226,1,192.07
18028,583,1,192.05
14100,137,1,191.95
15909,173,1,191.94
16695,561,2,191.9
14279,520,2,191.86
15692,28,1,191.04
14728,413,1,190.58
15688,418,1,190.57
15412,171,1,190.53
18020,543,1,190.48
14617,402,2,190.47
13766,495,1,190.35
13972,70,2,190.25
17257,436,2,189.78
18046,649,1,189.63
13826,176,1,189.5
14801,61,1,189.34
16277,733,1,188.69
14697,218,2,188.61
17283,378,1,188.46
16051,681,1,188.44
13063,480,1,188.4
14830,53,1,188.03
17781,159,2,188.02
17279,57,1,187.83
15954,589,1,187.8
15072,479,1,187.52
13852,610,1,187.35
18013,155,2,187.29
13568,173,1,187.05
16267,591,1,186.66
18063,390,2,186.6
17215,464,1,186.15
16388,653,1,186.05
15567,18,1,186.01
17574,242,1,185.65
12663,624,2,185.4
14879,684,1,185.06
16097,240,1,185.05
14677,592,1,184.91
17803,392,1,184.66
16914,36,1,183.76
14059,266,1,183.6
13460,29,2,183.44
14119,375,2,183.37
14983,689,1,183.2
16819,465,2,182.59
12574,315,1,182.45
14941,578,1,182.1
13387,417,1,181.84
12934,736,1,181.65
16822,686,1,181.39
15359,662,8,181.35
16594,75,1,181.09
17904,21,1,181.07
14858,505,1,180.75
18119,367,1,180.7
17820,374,1,180.61
16090,624,1,180.56
14666,24,1,179.95
12581,39,1,179.71
18234,551,1,179.6
14945,413,1,179.4
16640,397,1,179.4
18147,45,2,179.34
15895,149,1,179.17
14705,198,1,179.0
15209,730,1,178.98
15139,239,2,178.96
14812,598,1,178.85
16691,418,2,178.83
17170,374,2,178.68
17879,173,1,178.52
15292,201,1,178.39
18045,45,1,178.34
17253,18,1,178.26
18282,7,2,178.05
16403,312,1,177.5
13618,173,1,177.34
13072,266,1,177.15
16285,646,1,176.9
17036,383,1,176.9
13746,413,1,176.69
17947,37,1,176.68
14287,8,3,176.63
12893,30,1,176.55
18054,392,1,176.5
18175,675,1,176.1
18274,30,1,175.92
17840,443,1,175.9
17026,185,3,175.83
14486,511,2,175.5
18166,623,1,175.5
13007,579,1,175.25
16144,246,1,175.2
17331,123,1,175.2
16559,397,1,175.0
17108,663,1,174.95
14495,50,3,174.8
18010,256,1,174.8
14518,64,1,174.37
15684,547,3,173.95
17587,628,1,173.76
14674,509,1,173.66
15565,50,2,173.16
16741,625,1,173.06
16599,385,1,172.8
13671,394,1,172.6
13690,59,1,172.25
17798,581,1,172.17
15515,387,1,171.81
17983,395,1,171.71
17575,667,1,171.7
13560,7,1,171.42
16312,432,1,171.15
16673,679,1,171.13
14536,259,1,170.95
15403,491,2,170.88
14811,387,1,170.5
15256,148,2,170.4
17922,543,1,170.4
14860,19,1,170.32
16731,648,1,170.3
15335,53,1,170.22
13747,373,2,169.8
14218,42,1,169.48
16002,625,1,169.21
15647,415,1,169.0
12768,450,1,168.69
14578,3,1,168.63
18269,366,1,168.6
18099,127,1,168.31
17737,9,2,168.24
14131,648,1,168.22
12551,357,1,168.0
17559,512,1,167.62
17367,238,1,167.55
18037,154,15,167.42
17586,619,1,167.4
13609,593,1,167.35
16405,302,2,167.25
15166,467,1,167.16
17875,688,1,167.1
13967,145,2,166.3
17650,21,1,166.08
18088,61,1,166.03
18107,442,1,165.88
13903,400,1,165.45
13470,99,2,165.0
15316,326,1,165.0
16663,729,1,165.0
15904,8,1,164.68
13547,408,1,164.53
17535,280,1,164.4
13603,26,1,164.34
17417,548,1,164.18
14955,732,1,163.77
14354,5,2,163.62
14485,38,1,162.8
16517,277,1,162.7
18174,7,2,162.5
12954,638,1,162.45
15733,282,1,162.3
15534,725,1,162.25
16443,520,1,162.24
12622,232,1,162.1
12661,436,1,162.0
17971,548,1,161.94
17600,17,1,161.67
16113,183,1,161.38
13714,465,1,161.35
13779,515,1,161.13
13701,446,1,161.0
13229,225,1,160.95
17605,590,1,160.75
17202,420,1,160.65
17487,728,1,160.55
15229,586,1,160.5
16645,735,1,160.39
18146,140,2,160.35
12966,9,1,160.18
14571,425,1,160.0
13420,149,2,159.85
13191,658,1,159.21
13302,155,2,159.2
16213,78,1,159.0
18224,263,1,158.95
14089,56,1,158.75
15499,723,1,158.65
12509,284,1,158.5
15548,595,1,158.09
15348,72,1,158.04
14318,460,1,158.02
18004,362,1,157.92
17751,421,1,157.86
14207,687,1,157.8
14822,485,1,157.7
16687,390,1,157.63
12894,575,1,157.35
17318,725,1,157.33
16371,448,1,157.2
17128,334,1,157.09
17118,317,1,157.02
15007,159,1,156.91
15742,619,1,156.87
13830,581,1,156.85
14406,119,1,156.75
12522,39,2,156.72
16578,626,1,156.6
15438,131,1,156.58
15263,106,1,156.51
17885,12,1,156.34
13051,578,2,155.8
12441,366,1,155.55
17832,49,1,155.37
14368,319,1,155.0
17698,260,1,154.95
15740,49,1,154.88
17899,159,1,154.55
15226,310,1,154.41
18014,28,1,154.27
13490,654,1,154.25
17517,308,1,153.94
15560,397,2,153.52
15431,502,1,153.24
12602,58,1,153.12
14814,581,1,152.96
16248,61,1,152.94
18138,295,1,152.65
14066,266,1,152.55
15509,380,1,152.41
17327,409,2,152.35
13653,487,1,152.2
16617,235,1,151.85
14046,284,1,151.59
14362,22,1,151.5
18076,380,1,151.49
13697,38,1,151.3
14516,516,1,151.17
16337,36,1,151.05
16662,394,1,151.05
14073,32,1,151.04
12959,484,1,150.95
12367,4,1,150.9
14980,737,1,150.68
15991,534,1,150.55
14084,512,1,150.5
15775,245,2,150.5
15474,595,1,150.35
18200,106,1,150.35
14845,599,1,150.0
17234,182,1,149.89
13257,436,1,149.75
17946,233,2,149.58
17390,420,1,149.3
15435,22,1,149.29
13003,105,3,149.05
17549,23,2,148.86
17953,540,1,148.67
13125,523,1,148.62
15526,33,2,148.44
15283,390,3,148.33
17592,738,1,148.3
13457,688,2,148.22
13578,409,1,147.66
15479,733,1,147.4
14098,36,1,147.35
16724,404,1,147.35
17794,686,2,147.3
12858,383,1,147.27
17030,63,1,146.87
14683,588,1,146.56
15496,631,1,146.14
18137,551,2,145.99
12565,288,1,145.92
12641,115,1,145.9
13866,74,1,145.67
15937,64,1,145.35
14972,128,2,145.07
16598,285,1,145.05
15902,380,1,145.01
16852,10,2,144.91
17938,420,1,144.29
14109,72,1,144.2
15816,542,2,144.15
12442,3,1,144.06
12736,332,1,144.0
17186,46,2,144.0
12387,415,1,143.94
14574,732,1,143.7
15705,201,1,143.1
17149,451,1,143.1
15761,442,1,143.05
16507,572,1,142.71
14386,296,1,142.4
17859,304,1,141.92
18038,556,1,141.48
14041,266,1,141.41
17273,424,1,141.12
17959,592,1,140.75
14773,592,1,140.55
15388,270,1,140.54
15702,476,2,140.39
13483,65,1,140.34
15324,701,1,140.22
13839,486,1,139.95
16840,603,2,139.85
16483,192,1,139.35
14772,112,1,139.26
14707,435,2,139.2
18209,28,1,139.1
13273,113,1,138.98
12902,264,1,138.68
13716,269,1,138.28
17982,680,1,138.18
15663,106,1,138.14
15848,621,1,137.99
16396,476,1,137.8
13279,78,1,137.75
15836,50,1,137.37
12738,372,1,137.35
12618,21,1,137.31
13907,691,1,136.8
13195,414,1,136.73
16237,437,1,136.65
14604,633,1,136.36
16289,462,1,136.31
16651,586,1,136.2
16876,403,1,136.01
14366,525,1,136.0
16462,73,3,136.0
12968,112,1,135.95
17583,560,1,135.95
14889,336,1,135.9
15419,24,1,135.86
16114,170,1,135.75
14391,576,1,135.6
13076,457,1,135.4
16665,362,1,135.4
14588,578,1,135.39
13144,332,2,135.35
17972,241,1,135.19
13702,445,1,135.18
17960,171,3,135.08
17199,582,1,135.04
13364,71,1,134.96
13119,668,1,134.9
16055,220,1,134.8
14340,218,1,134.7
14174,33,1,134.46
15926,542,1,134.44
16486,537,1,134.36
14280,196,1,134.04
16886,456,1,134.0
14349,10,1,133.5
17881,304,1,133.35
17826,374,1,133.34
12467,423,1,132.8
12964,437,1,132.24
12512,66,2,132.18
14438,306,1,131.9
17565,586,1,131.83
17455,203,1,131.7
14795,166,1,131.45
14378,621,1,131.25
15409,721,1,131.25
17225,581,1,131.15
16865,401,1,130.95
15844,46,1,130.74
17240,596,1,130.6
16410,734,1,130.32
16288,470,1,129.85
15317,677,1,129.75
17762,456,1,129.75
14999,592,1,129.48
12555,682,1,129.23
13071,612,1,129.22
17056,738,1,128.6
17089,386,1,128.45
16251,512,1,128.31
15892,669,1,128.2
17297,17,1,128.18
13053,621,1,127.65
13586,541,1,127.28
15578,162,1,127.1
15923,372,1,127.08
13666,60,5,127.05
16973,386,1,127.0
14751,684,2,126.45
15463,29,1,126.14
16294,476,1,126.05
13794,546,1,126.03
17657,430,1,126.0
13522,30,1,125.8
17847,515,2,125.74
16925,540,1,125.65
15017,33,1,125.58
15731,553,1,125.3
13912,423,1,124.95
17148,51,1,124.88
17818,737,1,124.78
13312,451,1,124.75
16849,186,1,124.57
17316,420,1,124.45
12773,564,1,124.25
18000,564,1,124.25
15779,463,2,124.08
13968,423,1,123.66
14187,473,1,123.5
16397,628,1,123.13
13876,63,1,122.7
13638,15,1,122.64
12969,602,1,122.45
13084,491,1,122.4
16073,297,1,122.4
13244,92,1,121.74
13182,45,1,121.18
15049,273,1,121.17
17260,411,1,120.95
17446,176,2,120.9
14884,669,1,120.6
14165,275,1,120.44
14444,456,1,120.44
17543,549,1,120.05
18015,4,1,120.03
14259,141,1,120.0
14453,190,1,119.93
15161,388,1,119.92
17541,509,1,119.86
17177,505,1,119.5
15843,303,1,118.95
17280,438,1,118.86
17079,78,1,118.8
14155,266,1,118.75
14076,129,1,118.67
12929,311,1,117.85
16291,682,1,117.72
17654,277,1,117.55
16959,87,1,117.35
14726,654,1,116.5
17117,288,1,116.2
14874,535,1,116.18
14143,133,1,115.8
16068,593,1,115.73
18027,98,1,115.31
18012,723,1,115.3
17401,541,1,114.85
15905,543,1,114.69
13188,11,1,114.6
14632,262,1,114.56
16247,170,1,114.56
14652,77,1,114.18
12938,25,1,114.14
14582,40,1,114.11
17275,383,1,114.1
15056,520,1,113.65
14457,310,1,113.64
16828,112,1,113.5
18105,37,1,113.48
16821,381,1,113.35
17784,550,1,112.86
18148,646,1,112.85
14689,208,1,112.8
16697,241,1,112.75
18129,243,1,112.55
13241,411,1,112.53
15610,51,1,112.46
13620,528,1,112.34
17900,190,2,112.2
12756,86,1,112.08
13193,61,1,112.08
14750,736,1,112.03
14668,445,1,111.63
17304,534,1,111.5
17887,129,1,111.35
15352,548,1,111.15
17208,395,1,111.15
18120,214,1,111.15
14464,568,2,111.0
12692,637,1,110.95
14509,534,1,110.95
15537,163,1,110.92
15853,51,1,110.8
17957,66,1,110.72
18256,387,1,110.7
14787,471,1,110.65
16963,187,1,110.55
14641,21,1,110.46
17909,737,1,110.05
17836,47,1,109.83
15851,526,1,109.73
14033,555,1,109.44
16363,53,1,109.36
16064,725,1,109.31
16664,569,1,109.2
14721,379,1,109.07
14345,38,1,108.98
13170,26,1,108.81
15875,646,1,108.52
16106,65,1,108.38
15935,239,1,108.04
14374,541,1,108.0
14661,26,1,107.95
13580,406,1,107.75
14943,663,1,107.62
15395,325,1,107.45
16301,736,1,107.33
15328,407,1,107.24
17893,225,1,107.21
16047,682,1,107.14
15846,385,1,107.01
16630,407,1,106.8
16082,670,1,106.75
14637,677,1,106.68
15168,25,1,106.56
15927,647,1,106.54
17791,29,1,106.1
17933,632,1,105.99
16581,182,1,105.84
18103,549,1,105.8
15642,729,1,105.78
14579,432,1,105.56
15340,561,1,105.5
14027,60,1,104.82
17328,673,1,104.7
16547,546,1,104.26
12587,7,1,104.0
16375,470,2,104.0
16896,555,1,103.95
14542,185,1,103.25
15924,731,1,102.82
18124,472,1,102.65
17467,395,1,102.6
14836,10,3,102.45
13829,421,1,102.0
15486,527,1,102.0
16516,30,1,101.7
18068,289,1,101.7
16944,609,1,101.36
18086,274,1,101.34
18195,387,1,101.16
17741,406,2,101.1
16498,161,2,100.97
17493,385,1,100.91
14946,14,1,100.9
17224,501,1,100.86
17427,71,1,100.8
14371,295,1,100.5
15635,395,1,100.35
17939,159,1,99.14
17538,25,1,98.42
16694,723,1,98.3
12984,18,1,97.5
17395,508,1,97.5
14642,58,1,96.12
17816,36,6,96.11
13793,646,1,96.0
15583,376,1,95.96
17024,45,3,95.85
17895,44,1,95.45
18249,17,1,95.34
15285,407,1,94.92
14833,498,1,94.8
15868,583,1,94.53
16339,284,1,94.05
15397,289,1,94.0
18033,65,1,93.82
14394,564,1,93.8
15305,555,1,93.6
12992,725,1,93.35
15082,668,1,93.35
16196,488,1,93.3
14865,7,4,92.52
14054,65,1,92.46
13160,22,1,91.8
16831,564,1,91.8
13392,677,1,91.14
14786,550,1,90.96
13947,65,1,90.6
14435,501,1,90.42
16506,19,2,90.3
16597,4,1,90.04
14117,143,1,90.0
15686,420,1,90.0
14974,37,1,89.94
16061,431,1,89.65
13535,402,1,89.5
14760,297,1,89.2
13222,577,1,88.5
15603,78,2,88.48
15083,256,1,88.2
16564,569,1,87.8
17606,737,1,87.3
17763,263,4,86.15
13180,607,1,86.1
12814,101,1,85.92
15541,114,1,85.13
13841,252,1,85.0
12774,535,1,83.7
15094,463,2,83.0
14347,736,1,82.6
13469,653,1,82.4
16028,595,1,82.2
13215,402,1,81.6
13006,56,1,81.57
17620,59,1,81.44
17008,429,1,81.36
14717,733,1,81.3
15170,406,1,81.15
17336,472,1,81.12
16789,8,1,80.8
17752,359,1,80.64
15833,737,1,80.4
15131,394,1,80.28
14190,666,1,79.9
16165,505,1,79.9
14007,512,1,79.48
15753,304,1,79.2
12570,682,1,77.52
17942,7,1,77.5
14785,10,2,77.4
13132,261,1,77.3
16867,689,1,76.74
14373,358,1,76.55
14090,324,1,76.32
14613,680,1,76.32
15668,217,1,76.32
18113,368,1,76.32
13219,618,1,76.23
17628,81,1,75.75
16610,219,1,75.66
14559,390,1,75.6
17192,536,1,75.28
16420,396,1,75.0
17944,423,1,74.99
13095,70,1,74.4
12659,29,1,73.68
12506,232,1,73.5
18032,334,1,73.5
16171,59,1,73.2
17906,247,1,72.9
13105,436,1,72.0
16459,729,1,71.79
13938,35,1,71.66
13185,267,1,71.4
16970,626,1,71.4
17747,112,1,71.4
12686,371,1,71.14
13915,394,1,70.8
15564,463,2,70.74
13172,400,1,69.6
12401,303,1,69.3
12861,619,1,68.25
17249,428,1,68.03
14393,218,1,67.95
12548,166,1,67.2
17532,385,1,65.34
13130,94,1,64.0
16238,422,1,63.66
17216,554,1,63.6
17263,208,1,63.44
15470,575,1,63.42
12404,682,1,63.24
16058,406,1,62.7
13218,127,1,62.64
14650,589,1,62.5
15516,44,3,62.43
13380,432,1,62.4
13303,400,1,61.72
13818,429,1,61.28
15375,690,1,60.96
16605,724,1,60.48
15250,640,1,60.0
17174,217,1,59.9
13391,203,1,59.8
13682,187,1,59.5
15233,401,1,59.4
15371,662,1,59.4
14384,500,1,58.5
12466,682,1,56.73
17775,254,1,56.4
15899,368,1,56.25
13366,50,1,56.16
15685,450,1,55.98
17494,501,1,54.7
12860,693,1,54.22
13306,430,1,53.65
16349,290,1,53.5
17599,477,1,52.05
12568,644,1,52.0
15313,110,1,52.0
16786,393,1,51.84
17844,106,1,51.56
13254,376,1,51.41
14351,164,1,51.0
13011,372,1,50.55
14743,592,1,50.48
13022,429,1,50.3
18184,15,1,49.8
14380,682,1,48.96
16530,668,1,48.35
13438,547,1,46.5
15698,624,1,46.2
12496,620,2,45.34
15672,725,1,45.3
17916,628,2,43.87
14300,18,1,43.2
13913,506,1,42.22
13906,409,1,42.0
16219,500,1,40.8
14266,428,1,40.56
15178,260,1,40.5
14086,462,1,39.95
14589,371,1,39.75
16659,189,1,39.12
17246,546,2,38.92
18019,51,1,38.45
15455,597,1,38.25
15693,659,1,37.5
16162,252,1,37.4
17352,696,1,36.25
14993,563,1,36.13
15940,311,1,35.8
16417,492,1,35.7
14576,372,1,35.4
17831,33,1,35.4
15744,77,1,34.8
17533,434,1,34.8
15871,437,1,33.1
16941,611,1,33.0
14977,725,1,31.93
17129,520,1,31.85
13120,238,1,30.6
14144,486,1,30.6
16548,599,1,30.15
15575,619,1,30.1
15657,22,1,30.0
17319,669,1,29.1
12776,667,1,27.5
17102,261,1,25.5
15284,500,1,24.75
14610,395,2,24.35
16257,176,1,21.95
12606,682,1,21.0
16953,30,1,20.8
17986,56,1,20.8
13112,541,1,20.6
15999,735,1,20.4
13163,610,1,17.65
16093,106,1,17.0
12846,682,1,15.58
14580,518,1,14.85
14900,522,1,13.92
16878,84,1,13.3
17956,249,1,12.75
17378,374,1,10.95
16537,641,1,10.55
18115,697,1,9.7
15040,541,1,7.49
16454,64,2,7.45
15913,534,1,6.3
14792,63,1,6.2
13788,505,1,3.75
16738,297,1,3.75
14095,722,1,2.95
